id,text,label,sentiment,split
985,Staff. Serkan türk was a great help during our stay.,0,POS,train
986,"Nicely furnished room and nicely decorated lobby. Room service is affordable and the receptionists, especially Mr. Omar, are usually eager to help with any queries.",0,POS,train
987,"Very central, near 2 metro stations. Room was spacious with very nice view. The bathroom was large with good water pressure. The wifi had annoying login that required logging in every time.",0,POS,train
988,Lovely interior.. great location.. friendly staff what is not to like restaurant staff could use aome basic training in communication in English to be able to understand tourists :),0,POS,test
989,"Thanks to Mr.Serkan, our problems were solved",0,POS,train
990,Location Air-con don't work. Temperature in the room was higher than at the street,0,NEG,train
991,Staff were friendly. The A/C was making ALOT of noise and we couldn't sleep. I am disappointed that they didn't check something like that before giving us the room. Maintenance came by and basically didn't help.,0,NEG,test
992,"Nice Furnitures and setups. upon checkout, the front desk made me wait as they are counting the items in the fridge to see if anything was stolen and consumed. I ended paying more for my taxi as it kept the taxi waiting. The internet was bad. it dropped every 2 minutes. Nothing happended after a complaint was made. On Sunday, a guy came to inform me there is completely no internet. I had completely no internet for part of Saturday and all of Sunday",0,NEG,train
993,"property was fine. But if you're traveling in car - don't stay here. Hotel said there will be private parking, but they parked our cars on the street and as a result I have a hit on my car. I don't really recommend it No car parking even if they say there is. Your car is always going back and forth on cold engine for no reason and it's not safe to park on these streets Breakfasts was 2 of 5",0,NEG,train
994,The sound of the aircondition was terrible,0,NEG,train
995,"The hotel is very comfortable. I liked the interior, it was very clean and the staff was friendly. The food at the hotel was also very good. The hotel is in the heart of the city, there are supermarkets and restaurants nearby. You can also walk in the streets around the hotel. The room is very quiet and warm. The air conditioner in the bathroom was making a lot of noise, a rattling sound. Maybe the fan was faulty, hopefully that will be fixed.",0,POS,train
996,"the hotel is located almost in the center of the city, near a park and a street with many cafes and restaurants. The hotel has a wonderful cafe, the staff is polite and very attentive to the guests. Special thanks to Mustafa for help and organization of our leisure time. small number and dark color palette",0,POS,train
997,breakfast excellent nothing,0,POS,train
998,perfect location I was quoted in euros when I got to the hotel they charged me Turkish lira which equated to about £7 more. tried to speak to receptionist (a different one from the one that checked me in) He just couldn't see the problem,0,POS,train
999,"A little dark inside the room, better to add an additional light bulb",0,POS,train
1000,"The location is perfect, staff friendly. The breakfast was not good.",0,NEG,train
1001,"Location was ok Bathroom was not clean, room very small",0,NEG,train
1002,"The rooms are beautiful if having beautiful photos is more important to you than having a comfortable stay. We traveled by car with a dog and immediately wrote about it. The hotel told us on the day of check-in at 15:56 (!!!!) that there is an additional charge of 250 TL per day for staying with a dog. There is not a single carpet in the room, only cold tiles. For what the extra charge is not clear. It is also not clear why the hotel did not find a minute during the week to answer us in advance, and not after the check-in time. When I asked why they provided important information after the free cancellation time, they told me (at the front desk) that I could cancel now. Of course, at 10 pm after 6 hours of driving, I will look for another hotel! Absolute disregard for the customer. There was also no parking space. We were forbidden to stand in front of the hotel, although there were many cars parked there. We were only offered to park the car in the parking lot if we left them the car keys. What is this idea? The room is very beautiful but absolutely uncomfortable. Very little lighting, impossible to make up. There is only one nozzle in the shower, screwed under the ceiling, it is impossible to wash properly. The feeling that the designer was a womenphobiс. The breakfast is very poor.",0,NEG,train
1003,"The cafe and the staffs were very nice and helpful. We ordered pizza which was very delicious. The cook was talented. The cleaning lady was very nice and friendly too. The location of the hotel is really good. You can walk to Tunali Hilmi or even Kizilay easily. I find Tunali a safe place. First of all they gave us a very bad room which was dirty, too small, the water was not draining in the shower cabin, the bathroom door was broken and one of the light on the wall was not working. After I complaint about the room, they immediately gave us a bigger and much better room. However since the insulation of the windows were not good and our room was at the roadside, it was too noisy because of the traffic. The internet connection was very bad. Since I did not have internet on my phone in Turkey, I basically thought that wifi will be fine at the hotel. However it was not working from our room. The wifi was working from the cafe downstairs though. I should also say that the receptionists were unprofessional.",0,NEG,test
1004,"nothing small room, poor lights in room. requested tissue in the room but zero response.",0,NEG,train
1005,"The Hotel was very clean, they have great personal and metro station is just in front of the building.",0,POS,train
1006,Nice location opposite to a beautiful park but just a few minutes walk to the restaurants and shopping streets,0,POS,test
1007,"Breakfast excellent, there was variety from sweet to savory. The rooms were very comfortable and neat , room service was great. The staff were okay . Internet had good speed. Beds were comfy. The hotel is very good at communicating with customers, they disseminated information about what they offer etc. Good air conditioning The receptionists, though friendly, seemed not to be well vexed with what's around them.",0,POS,test
1008,"The hotel are good the position close tò centro, near a green park. Good of you want ho out and male sport. The price and quality have very good balaced. The breakfast should be more various, consider also ti inserti espresso. Orange juce and so on",0,POS,train
1009,Staff - Location poor breakfast,0,POS,train
1010,"+The location +The breakfast -The cleaners were rather weird: they threw away our sleepers and shower gel every day -The receptionists didn't speak English at all: when we called them and asked to bring the sleepers, they didn't understand the word until we translated it to Turkish (it was twice) -There was a terrible blockage in the sink, we asked the receptionists to fix it, but when we came back to our room, nothing changed -Very strong smell of sewage from the bathroom",0,NEG,train
1011,Location only Communication,0,NEG,train
1012,"Location is the only positive for this hotel otherwise it should not be ranked as a five star. The bedding, the windows, the noise, room sizes. I dont understand why it is a five star?",0,NEG,train
1013,friendly staff construction/renovation work loud noise almost next room early in the morning. Street noise is very loud at least for the rooms on the street where windows are not isolating. Mold on the bathroom ceilings or at least this is what it looked like.,0,NEG,test
1014,"1.The cleaning staff who were friendly and helpful. 2.The location. 3.Most of the receptionist could speak English. 1.The breakfast was not good enough for 5-star hotel. 2.The WiFi gets 3 out of 10. 3.The receptionist weren't helpful enough. 4.My wife's marriage rings, which were in our room, disappeared (lost or stolen) and they didn't provide an appropriate video footage and they told us that we had checked the video and nothing suspicious was in it and when we asked them to show us the video footage they refused it. How can I trust them?!?",0,NEG,test
1015,It was a very good hotel with good customer service,0,POS,test
1016,"Maybe thanks to the good exchange currency rate, the quality was excellent for money. The spa was nice (you have to pay for it but just once), the structure was very clean and comfortable. Everything is very modern and working well. The only downside were some of the clerks not speaking great English as I expected - I guess not many tourists pass by. Also, that part of cityname is a strange mixture of super modern hotels and roads that are more like suburban dusty neighborhoods. But this is just how it works there I guess.",0,POS,train
1017,"The view and it was clean The staff should learn more english and there should be clearer instructions about the buffet, pool and all facilities",0,POS,train
1018,Hotel is silent and comfortable. Very well located in Cukurambar. New renovation is lil bir problematic. Old rooms were better.,0,POS,test
1019,The location of the hotel is good. There are many restaurants around the area and Migros was a few minutes away from the hotel. The room was spacious and clean. I stayed on the 17th floor and had really good views of the city. The staff were not fluent in English but they were welcoming and helpful. The wifi was not strong.,0,POS,train
1020,"The location is good, and I always stay at this hotel. Breakfast didn't reach. The room had some problems and I couldn't use baseyne free.",0,NEG,train
1021,staff are okay. Overall set-up. Rooms are chavy. Sadly learned that Hotel has bad reputation in town. We didnt know whilist booking.,0,NEG,train
1022,"The structure is potentially nice 1. The hotel is not responsive at all (tried to contact them via booking like 5-6 times in the time frame of 3 weeks, I never got one single answer) 2. The staff doesn't speak English, very hard to communicate with them (check-in, issues, room service, etc.) 3. The room was not very clean (I got pictures)",0,NEG,train
1023,"Nothing significant that worth remembering I asked for housekeeping staff to come to the room, it took them 2 hours. I was given a room overlooking the highway with traffic noise but I was told the hotel is fully booked while there were other people still to be checked in at the reception. So they were not telling me the truth. The room needed electrical maintenance because the switches were not functioning well.",0,NEG,train
1024,staff don't speak English.,0,NEG,train
1025,"Clean and comfortable room, fast check in/out, breakfast, free underground parking Nothing",0,POS,train
1026,"I had a pleasant stay at this hotel. The location is truly unique and the reception staff were quite friendly. The room was relatively comfortable, clean, and well-maintained. However, the bathroom was a bit small. My only issue was that the cleaning staff unexpectedly entered my room while I was asleep at 9 am, which was quite unsettling.",0,POS,train
1027,"Perfect location and great comfort. The room daily clean up and providing it with water, coffee and toilet soap should be closely improved.",0,POS,train
1028,Everything is great At midnight we couldn't sleep due to loud music coming from restaurants beside the hotel.,0,POS,train
1029,"The staff at the hotel was great and went above and beyond to accommodate our stay. Very friendly and did their best to communicate with me despite my inability to speak or understand Turkish. Our first room had A/C issue, and they immediately moved us to another room. Overall I would likely stay at this location again. Their are pubs and restaurants, right outside the hotel and a mall within 3-5 minutes walking distance. The A/C is our first room did not work. The A/C in the second room worked to an extent.",0,POS,test
1030,location very central even with the windows closed could hear pumping music from nearby venue till 1am,0,NEG,test
1031,"Very clean and the location is amazing Other than location and cleanliness, not enough was done for the price. I did not eat breakfast at the hotel, so I cannot rate it",0,NEG,test
1032,"During my stay I enjoyed the size of the room and the bed, it's really the confort I was looking for. The amenities and the cleanliness were also as expected. On top of that the calmness and configuration of the swimming pool was amazing. The devil is in the details, and I was disappointed by quite some during my stay. I really did not enjoy the very poor Wifi and the AC was really bad. The check-in was not smooth, it was very difficult to have vegan milk during the breakfast, every day. I had to call several times for the room service to have bottles of water. These are details, but all of them together made the experience not really enjoyable. I would not recommend this hotel for now.",0,NEG,train
1033,Location Cleaning was not done properly,0,NEG,train
1034,The location was good. Unfortunately the airconditioner was not working properly.,0,NEG,train
1035,"Everything was very good, people of this hotel are very friendly. I liked this hotel's atmosfere. Thanks very much Nothing",0,POS,train
1036,Very close to metro Property can improve the cleanliness at the breakfast area,0,POS,train
1037,"Great location for my needs, good value for money.",0,POS,train
1038,"Great value for proximity to station, booked at last minute as no tickets available for Istanbul. Staff friendly and helpful. Excellent breakfast. Very comfortable beds. A kettle would have been the perfect touch, hence my rating of 9! A sense of kettle and a smoky smell in the room when we'd asked for non-smoking. Our experience of ""non-smoking"" in Türkiye usually means noone is smoking at that exact moment....",0,POS,train
1039,"Location ,next to Malteoe metro station if you need local transport. They also have private parking if you come by car . Good selection of restaurants and shops near hotel. Decent breakfast. Very serviable personel. Thank you.",0,POS,train
1040,The location was very central and the staff was nice and helped us. The room smelled like cigarettes and there was mold in the bathroom,0,NEG,train
1041,"The location is excellent for travellers. A 5 minute Metro journey from cityname bus station, and a 5 minute walk from the train station. That's why we booked it. Bed comfortable, room well heated, water hot & plentiful. All staff's attitude generally poor and one member of staff smoking in the restaurant at breakfast despite large no smoking signs, and I believe it being against the law in Türkiye these days, breakfast average, excessive mould in bathroom - great big patches all around the shower cubicle / bath.",0,NEG,train
1042,"great location, good breakfast, standard room big enough room and bathroom in attrition condition",0,NEG,train
1043,Close to Metro. Room fills up with smell of cigarette coming from the centre Aircon system. Smell is so bad we cannot rest in the room during the day. Regret booking 2 nights.,0,NEG,train
1044,"The location was good, close to metro. The guy in the reception was not cool or helpful. He was rude and unhappy with us. Moreover, the room was not that clean, it had a weird smell.",0,NEG,train
1045,Cosy and comfy modern hostel with amazing terrace and perfect location Stayed twice,0,POS,train
1046,"the terace had amazing view and the staff were really helpful, they let me in the common rooms earlier than the check in time and they let me stay in the common rooms after I checked out the room. They also looked after my baggage :) the location is the best location in cityname . safe and easy to get around :) Im not sure if it was clean enough 🙈 I especially didnt like the bathroom and toilets (I mean it was not Too dirty but facility-vise the bathroom and toilets could be better! also the rooms floor was not too clean ...",0,POS,train
1047,"In one of the best street of cityname and really cheap. The bed was amazing, with curtains, and even a private TV per bed. The bathroom was not dirty but many lockers were not working, and it was quite small to take a shower",0,POS,test
1048,"location is superb, clean, and the bed is very comfy shower room is too small..",0,POS,train
1049,The view at balcony They had no slippers nd toilet ries included in fee.,0,POS,test
1050,"a very good location with lots of Bars, cafes and restaurants around the staff were extremely rude and did not want to help you just wanted your money. We payed for a laundry service, and it came back stinking of cigarette smoke, we questioned this and denied it and we're extremely rude to us. No atmosphere and not a social hostel, don't recommend staying here.",0,NEG,train
1051,"The location was great and it was clean. The receptionist acts as if he hates his life and hates everyone customer that walks through the door. Very unfriendly and unhelpful in every way. I felt guilty just asking any questions or for help with anything. The private room that I booked through Booking.com is not the one I was given. Pictures showed that I would get a wardrobe and a more spacious room. Of course, my room did not have those features. Finally, there was no atmosphere. No liveliness in the hostel whatsoever. Felt more like a hospice than a hostel. To make matters worse, the WiFi did not work half the time. Avoid at all costs!",0,NEG,train
1052,"The location was good and the bed was very comfortable. The bathroom was so gross that I didn't use the shower. Of course I had to use the loo. One time that resulted in soaking wet pj bottoms from all the water sitting on the floor, like a swamp. No orientation from the staff. I was booked in for an upcoming stay but I cancelled within an hour of arrival.",0,NEG,train
1053,"the location was good - lots of coffee shops nearby. could walk to Anitkabir very easily. I don't think I'm particularly fussy but I did not enjoy my stay here. the top bunk has no railing/safety bar aka nothing at all to stop you rolling out. the handle to get to my top bunk had been pulled off the wall so getting into bed was a struggle. the tv in my bunk (is this really necessary anyway..?) showed an error message and couldn't be turned off so I had to cover it with a towel. the rooms are TINY, the showers are small and flood the bathrooms and there's no space to get changed. the kitchen is dirty with hardly any cutlery etc. no social atmosphere whatsoever.",0,NEG,train
1054,"Superd location. Not a old hostel but the hostel do not really maintain their facilities, e.g. one of the upper bed handle is broken for 6 female dorm & 4 female dorm.",0,NEG,test
1055,"comfortable room, good breakfast, good staff, they gave me early check in. location is good, close to two metro stations. I booked a room with balcony but hadnt. there wasn't tooshbrush also as it was written in the description. they didn't took 3 euro monet money during payment by cash",0,POS,test
1056,"Only stayed for 2 nights, good hotel, the best thing about staying here was the kahveci hacibaba cafe/restaurant under the hotel, it was so amazing, the vibe the staff and especially the food, whatever we tried we loved it.",0,POS,test
1057,"Good restaurant, close to railway station -",0,POS,train
1058,The front office manager Mr. Aykut who is helpful and nice. Room was comfortable and housekeeping was efficient. Rana the staff in the breakfast room was friendly and hardworking Breakfast should include scrambled eggs and not just boiled eggs. I got bored . But that's what they had to offer. Its OK for 01 or 2days. I stayed for 7days. Toilets have no tissue box.,0,POS,test
1059,Everything was very good,0,POS,train
1060,the valet staff even though i think they might have dent my car. the staff needs to be more customer eccentric and be more courteous and helpful.,0,NEG,train
1061,just the kahveci haci baba cafe. room was dirty. staff were not friendly.,0,NEG,train
1062,"Deluxe room itself have a lot of space, good breakfast. Location is ok, parks are right next to it. Personnel is not smiling and welcoming except 1 person at reception, poor English. Breakfast served with poker face - not nice. 1st room that was given didn't have balcony, even though should as per room description, room was changed to the other that was smoking room. Wifi doesn't work, had to cancel the rest of the stay because couldn't work (funny that it is business hotel). Towels were placed in the bathroom with a big hole in the middle of it.",0,NEG,train
1063,"Breakfast was excellent on the rootftop The room was musty, very poor facilities",0,NEG,train
1064,"location bad service. the air condition does not work, informed the reception, they did not bother to changed another room nor tried to fix problem, hardly slept due to the heet. i don't recommend this hotel.",0,NEG,train
1065,Well located and overall a good place to stay for a decent rest before the airport,0,POS,train
1066,Good place for a break during a long travel,0,POS,train
1067,"Great place to stay for a night if you have to wait for a transfer long hours. I had 25h transfer in cityname and was glad I could book a hotel nearby to sleep. Taxi to get here for airport is quiet cheap. Breakfast is great, a buffet where you can take whatever you want (and it starts early if you have early flight). Rooms are small, but clean and bed is comfy. Wi-Fi is ok. A little bit pricy but there are no alternatives so close to the airport so it is expected",0,POS,test
1068,Quiet Staff respect We need drinking water there was not enough bottel in the refrigerator.,0,POS,test
1069,"Very neat, super clean with all necessary basic facilities for an overnight stay that is perfectly placed for an early morning flight. Staff lovely and helpful and would happily stay there again.",0,POS,train
1070,"close location to the airport everything else. too small room, not good and quiet experience food, personal is not welcoming, problems in the shower. No shampoo and shower gel, no soap, only something like 3-1 but how is it possible? do you use soap for hair, body and face? Personal really doesn't assist much, on reception girl also wasn't warm and welcoming. Also it took long time for check-in, even though there was only 2 people before me.",0,NEG,test
1071,"very close to airport if you have ab early flight to catch too tight space in the room , too much usage of plastic",0,NEG,train
1072,"Location and not much else. The closeness of the property to the cityname Esenboğa Airport was the only good thing about this hotel. It wasn't too dirty either. But that's it. Staff was professional but not friendly. This hotel, being an ""airport hotel"" doesn't offer a ride to its guests to the airport which is about 1.5 km (about a mile) away. Not only that the hotel doesn't have an arrangement with a taxi rank to provide a facility for its guests to find transport to the airport. We tried to order a large transport to the airport very early in the morning (5:00 AM), no taxi company was taking reservations and the staff was not interested in finding us a solution. They merely said that they could call the taxi rank at the airport and if they didn't have a big car then we should get a second cab to carry out large number of big suitcases. In the end, the cabs we requested didn't arrive in time either, so a kind van driver agreed to take is to the airport whom we tipped generously. The hotel staff tried to prevent the van driver from taking us to the airport, fortunately the driver ignored them.",0,NEG,train
1073,A lot of thing was missing the answer we received is their is a lot of people we don't wait so much people Breakfast Towel very old in bad state,0,NEG,test
1074,The hotel is below average. Some of the staff are racist and unfriendly,0,NEG,train
1075,Very well located in the city center. Plenty of nice restaurants nearby. Friendly staff. Something sweet at breakfast would have made it perfect!,0,POS,train
1076,"We loved the location with all the restaurants and shops close by. The Internet was very, very slow. We didn't like the loud disco music every night we stayed. Not sure from where it came as buildings are very close together. We couldn't sleep until it all stopped early hours of the morning.",0,POS,train
1077,"I liked that the staff was really helpful and nice. Great location, clean and value for money",0,POS,train
1078,The property is in perfect location. everything is at walking distance.,0,POS,train
1079,"location, breakfast and the room the toiletries were a bit used",0,POS,train
1080,Good location and having private parking! Good breakfast Receptionist was very tough guy!! He didn't accept USD and also want a deposit to give me the room!(he didn't give me two hours to change my money!) Every time you come to hotel ask you about room number even they know you! This makes you feel uncomfortable! They don't have any price list for mini bar! Then they take money whatever they want!,0,NEG,train
1081,"Just good location and having parking! Impolite staff(even you put don't disturbing they come to your room to clean or other excuses!), small room, they didn't accept USD!!!!",0,NEG,train
1082,"Nice design in rooms, breakfast was good Wifi is useless, does not work AT ALL in the hotel room and not very well in the lobby area either, Most noisy room I've ever had in a hotel, the music outside felt like it was inside the room. Could not sleep because of the music and noise from the bars outside. Cleaning was not good, stains on sheets. The shampoo etc in the little bottles in the bathroom were left from previous guests, even had hairs on it.",0,NEG,train
1083,"Location Not so friendly staff,morning receptionist unhelpful, with very poor English. Breakfast not so good. Room had bad wall with very disturbing neighbour.",0,NEG,test
1084,"Location, staff and free parking. Room was very tiny and there was a smoking smell everywhere.",0,NEG,test
1085,location can't be beat! right by a subway station and Wangfujing street. building showing it's age in some areas,0,POS,train
1086,"Great location, decor, friendly service. I always stay here when I am in cityname . The breakfast needs to improve. Add pancakes, French toast, baked beans, made to order omelette and eggs. The fried eggs are not good. You have an opportunity to have the best breakfast in cityname .",0,POS,test
1087,location and pool small rooms,0,POS,test
1088,"Great location, helpful staff, aircon works and everything is spotless Overpriced breakfast, leave hotel and eat for a fraction",0,POS,train
1089,The hotel it's in the right place of the city,0,POS,train
1090,"The location is good. It is near to shopping area. The hotel is old, lack of maintenance. The room is smelly.",0,NEG,test
1091,Location very good. Very near the shopping centre. Toilet water heather is bad. Toilet no water heater and wait for 15 mins . Still no hot water. Finally have to changed the room . After changed the room the toilet shower head is leaking . Air cond is no cool. Very bad . I check out on 20/7 9pm. They still charge me full day . Request to paid half day. But they still not allowed,0,NEG,train
1092,Location 1. Not a single English TV Channel You should tell customers this 2. Your booking didn't show the address in Chinese. The trip with Taxi was a nightmare 3. The Room is old and smells of smoke Simply unbearable,0,NEG,test
1093,upgraded. nor enough bottled water and the refrigerator is broken,0,NEG,test
1094,"The location was convenient to central cityname and the breakfast was fine with reasonable options. The room service meals were quite good and at a reasonable price The room was really dated with ugly and poor quality re-grouting throughout the bathroom. The bathroom was an awful brown colour, the plug on the basin did not work and ugly grout/silicone everywhere. The safe was too small to hold a 16"" laptop. Also the glass had this really ugly brown marks all over obscuring the view",0,NEG,test
1095,"cleanliness is always up to my standard. I frequently stay in this hotel, I love everything about it, the location, the food and the kind staff.",0,POS,train
1096,Staff were fantastically helpful and friendly. Gave advice and assist to buy tickets online. Room is comfortable. Fridge in the room is very good. Easy to book food delivery and taxi. Had a good stay for the second time. It will be my top choice if staying in cityname again! Nothing,0,POS,test
1097,"From the first day that I arrive to the hotel , stuff was so helpful . Specially The manager Denis , she was so helpful for everything that I need for . I asked to many questions and instructions about the city. They helped a lot . I'm glad that I stay in this place. Just the shower area need some more work. Because water coming out from the shower area .",0,POS,train
1098,Clean and comfortable .The breakfast was delicious Nothing,0,POS,train
1099,"Clean and comfortable, the breakfast was very delicious Nothing",0,POS,train
1100,"Location was good for what I needed. Rooms are very small. Bed is actually a full size, not a king as advertised. Upgraded to a air purify room but window doesn't close. Pointless. During a very hot time in cityname the ac would not cool room below 24 degrees Celsius making for warm sleeping",0,NEG,train
1101,"Location of hotel is good enough and close to the tourist attractions by metro. Clean, quite, non-smoking rooms, comfy and with all amenities provided Amazing Peking duck restaurant across the street Staff speaks 0 English. This is an international hotel chain and I booked it especially for that reason - thinking that in China (where majority does not speak English) at least these international chain hotels will hire people that can speak English. That was definitely not the case. And especially when there is a problem that would help to deal with any possible issues. Reception staff need to speak fair English as the minimum.",0,NEG,train
1102,Near Sunlitun The room is not cleaned properly. The first thing we noticed when we checked in was red pubic hair on the towel. My husband and I are brunettes. Later I found a tangerine or orange stalk in bed. How is that possible?? 😡 We'll never stay here again. And of course i'd recommend everyone to stay somewhere else if you don't want any skin disease🤢,0,NEG,train
1103,"I asked the man on the reception for help and he was so rude I thought it might be just fine but the next day he was even more rude ,I don't think he deserve to be standing there in reception because it will affect the hotel reputation",0,NEG,test
1104,Didn't have shower coat. Smells smoking always. Staff don't understand and speak english. try to use mobile translator but no good,0,NEG,train
1105,The location and for the price is was really good,0,POS,train
1106,"good rooms, location close to the center, in my case to the embassy!! breakfast menu could be better!!!",0,POS,test
1107,Good location and room services,0,POS,train
1108,"Former Sheraton in great location. Not much has changed other than the name, same great service, same great service. Starting to get a little dated but still quite nice",0,POS,train
1109,"Very friendly staff, nice room and decoration Food in the lounge could be more diverse",0,POS,test
1110,"Location was all right. It is hard to find a satisfactory hotel where the foreigners can also state in China. So, there are not as many options as it should be. The service was not so good. The housekeeper forgot to provide all of the daily included stuff in the room every day. She did provide stuff but always forgot at least something. Even though I called and asked in the reception every evening after I came back, the stuff was too late to provide the necessary stuff despite the fact that I called and reminded several times (every day). Besides, the facilities were not in a good condition. For example, the fridge did not work at all. After enquiry, they checked and said it should work, the second day it was still not working. Finally they had to change the fridge at all. All these details made my stay unpleasant.",0,NEG,train
1111,location WiFi connectivity very bad,0,NEG,train
1112,I did cold shower in the morning because it wasn't hot...I think this is the basic for any hotel,0,NEG,test
1113,Rather old establishment ....,0,NEG,train
1114,Price Staff are not english speakers,0,NEG,test
1115,Clean good value for the money. Meets well international standards. Lobby may look a bit messy.,0,POS,train
1116,business centre was too costly,0,POS,train
1117,"The room turned out to be better than on pictures. Very clean even though the crapet has some stains it still felt clean to step on (checked both with bare feet and white socks :)). Good buffet breakfast. Various enough, hearty, fresh and tasty. Liked the shampoo/body wash - smelled nice and had good effect on skin and hair. Even though the personnel mostly doesn't speak english they were very helpful. Overall good experience. All good.",0,POS,train
1118,"Very clean, nice breakfast, 10 minutes walking distance from the metro, convenience store around the corner. We enjoyed our stay a lot! The only thing, but it happens in many hotels in China, is that it sometimes smells like tobacco in the room because some people smoke in the rooms (even though it's forbidden).",0,POS,test
1119,"Breakfast was a winner, location perfect near Tian Qiao subway station, Tian Tan Park, cityname natural History Museum, Tian Qiao Performance Center, many good restaurants, etc. Staff courteous and helpful. Room clean. Price was ok. I will definitely stay there again. No downsides.",0,POS,train
1120,nothing was good it was waste of moneys every thing wifi not working staff can't talk english facilities were bad,0,NEG,train
1121,The bed is too small to fit a family.,0,NEG,train
1122,it was all wearn out it smells,0,NEG,train
1123,"i did not get following treatment after i asking • Welcome drinks on arrival date • Elegant small gifts how come ?? it did not match the mail say, i feel cheated",0,NEG,train
1124,"only location was okay, we requested breakfast at 6am since we needed to catch train, but hotel staff just packed only bread/egg/yoghurt...very disappointing experience. Also rooms given to us were not clean...request was not taken into consideration.",0,NEG,train
1125,"Good location, you can feel cityname spirit. Reception is very helpfull and friendly.",0,POS,train
1126,"The location was great! The public bathroom was not really clean, not much privacy, the smell of cat litter in the common room was really strong",0,POS,train
1127,Location is perfect,0,POS,train
1128,"Fantastic location, beautiful courtyard and lovely room. We thoroughly enjoyed our stay here. The hosts are available to you 24-7 and connect with you in advance via wechat, allowing for easy communication. They supported us with booking museum tickets (which can be very tricky for foreigners at this time!) and demonstrated patience at all times. The rooftop terrace is lovely and we enjoyed family time together. The quality of the bedding, towels and furnishings in the room was of a very high standard. We would come back here again! Highly recommended!",0,POS,train
1129,The place is close to the metro station and approx. 20 min from jinshang park. The terrace is basic but good enough to chill at night. Beds were comfortable and the staff speaks English so that's a plus. Everything met my expectations so there's no complain,0,POS,test
1130,"Location was good. It's very close to the metro. Rooms were looking clean and wide in the pictures but they weren't. Not only the rooms, reception, hall and the bathroom were also very dirty. One of the showers was broken so we had to use one.",0,NEG,train
1131,"Central position, walk distance from the Forbidden City. Staff nice and friendly, they help you to find all the information you need. Only the man can speak English I expected a better situation looking at the pictures online. You can see from picture, that the room is small, but not so that small for 4 people, there was no space for a luggage, so hard to fit in 4 people. Even if the room was clean, with clean bed linen and towels, the bathroom was not in good conditions with just on toilet for men and one for women and an only shower to be shared within all the shared rooms. It's nice to have cats around, but their smell on the furniture in the hall is not so well appreciated. It's a place with a lot of potential!",0,NEG,test
1132,"Convenient location. Nice staff. The bathroom was DISGUSTING! I couldn't finish my stay, I left because of it! the dorm room had zero space and uncomfortable beds. the trash bins are always full and occupy 30% of the yard space! Some people are allergic to cats, I wish they didn't let the cat in the lounge, the only place one can relax in such a place!",0,NEG,train
1133,"Good stable Wi-Fi, helpful staff, they even gave a towel, although this is not provided for accommodation in a hostel. 1 toilet and 1 shower, for 24 people. The shower is clogged all the time. Slippers are common, they are not even washed.",0,NEG,train
1134,"good price, nice location. there is no such thing as ‘sound insulation'. you can hear everything your neighbors are doing.",0,NEG,train
1135,"Friendly, polite, English speaking staff, great breakfast, and at a fantastic location near subway station. Large bathroom with a great view and also really high pressure shower and large bathtub. Great swimming pool with a sauna and steam room. The room was a little cold, even when we put the A/C on heat. Please add beans to the breakfast.",0,POS,test
1136,"It was on exact good location, view from room on cctv tower site was Magnificent, breakfast was splendid and restaurant 27th floor was relaxed. WiFi working perfect. What I liked about the rooms, there very clean, bathroom nice and big, shower was perfect!!",0,POS,train
1137,Rooms and location Breakfast was ok but not great,0,POS,train
1138,"The room and toilet were very big and spacious, bed were super comfy and the breakfast had a good variety",0,POS,train
1139,"the size of the hotel room is generous, bright with city view, bed is clean and comfortable, staff are helpful, subway line 10 is only 50 meters away, makes my trip very easy, would definitely stay again",0,POS,train
1140,"Spacious rooms, grand entrance lobby, well located and leading into a shopping mall. Nice bathrooms. Nice views from some rooms. Both my rooms had a strong smoke smell, very difficult to breathe, rooms are outdated and need a thorough steam cleaning and refreshing. Toilets need ventilation. Very few staff understand English and are able to help effectively.",0,NEG,train
1141,"The only good thing there is the receptionists were really helpful and kind even to angry annoyed me. I'm writing this review with sorrow to those ppl who tried their best to keep that outdated overpriced leviathan afloat. Also, ppl speak English which is relieving. I can't call myself a great traveler but I have stayed in many hotels of different price ranges in the UAE, Egypt, Turkey, Russia, Germany, and Taiwan and this is the worst experience that I hope I will never have again in my life. -I believe the hotel has two options of views was really hoping to spend a nice staycation in a nice hotel room with a view but got a view of a some “Pruitt Igoe” style green ghetto. Was hugely disappointed but too shy to ask for the change and have never been asked if I like it. You know, just a “take it or leave it” attitude. -HORRIBLE SOUND ISOLATION IN HALLWAYS was awakened every morning by ppl leaving from other rooms. - hotel feels old and poorly maintained. Dirty mirrors in the bathroom, no toothbrush splashes but just dusty and with oily fingerprints. The vanity mirror has no light which could be very handy because the whole lighting in the room is a bit too dim. - Strange work (let's put it this way) of shower cabin drainage. No hot water in the sink! Cheap plastic of shower heads in shower cabin, c'mon guys is it a five stars piece of property of a world renowned brand or none air BnB thing? The bath and sink have “Grohe” and the shower has something unpleasant. - Tiny shower gel, shampoo samples super generic nothing fancy, feels like the hotel wants to save money. Never been asked if I have enough of everything, I was the one who had to ask for things which isn't comfortable - Toilet doesn't flush properly - I had to take some notes and grabbed a pen nearby phone and it was broken. So you guys prefer to save on pens rather than keep the reputation of the brand? - The TV is old and small - Buffet isn't too good, not much variety no European no",0,NEG,train
1142,"The spa and gym facilities were the best thing about the hotel The check-in was a complete headache as there was no explanation of what services the hotel provided, no assistance with the luggage, and as it was X-mas eve no help with making a reservation for Christmas dinner.",0,NEG,train
1143,"Variance breakfast dish choices, before it was much more better.",0,NEG,train
1144,The size and layout of the room was good. Breakfast was fine and the pool looked lovely. The facilities were limited during our short stay because of ‘government regulations' yet the hotel over the road was not restricted. We were told at breakfast that we were unable to sit together because of Covid regulations also. The rooms was uncomfortably hot and we couldn't change the thermostat (not due to Covid).,0,NEG,train
1145,Breakfast and pillow& soft bed sheet,0,POS,train
1146,Very friendly staff. The room was clean. The breakfast included was really good which was comprised by the local and western food. Good location as well as there were a number of buses going to different directions. The railway station was in walking distance.,0,POS,train
1147,"The location is quite central, the rooms were clean and the staff were friendly. The breakfast was fantastic. The swimming pool was very hard to find and not clearly marked.",0,POS,train
1148,"In my view, I liked a private restroom which was quite clean and comfortable. I felt the room was not right that I had requested before arriving the hotel, I requested some quiet room and far from the elevator. Many nights I heard people talked loudly outside my room.",0,POS,test
1149,"The hotel located in a quiet area between 2 metro lines (800m - 1 km to walk ) , restaurants just near the corner , good breakfast , big room with all what you need inside even the iron plus it's board , very easy for taking taxi ... no traffic at all , so nice hotel staff from reception to restaurant :) Toilet door and its facilities a little old, but all working very well .Bath tub with a curtain - not a shower box -.",0,POS,train
1150,"Front Desk was helpful. Reservation team was awful. After reservation, when I messaged them for Airport Taxi, they replied that I do not have any reservation. Then I had to involve Booking.com customer service team to sort things out. And finally, after I stayed at the hotel, booking.com informed me that the property reported no-show for my reservation. Ridiculous!! I had to involve customer service team again to resolve the issue, which is still pending.",0,NEG,test
1151,Nothing.... Very old hotel with small rooms of ancient era. Everything.... Smelling and stinking corridor and carpet throughout. Wooden doors of 1970's and that too broken. In the middle of very old type residential colony.,0,NEG,train
1152,"ok room need renovation, too old",0,NEG,train
1153,The breakfast wasn't included in the price. I liked the location. very close to the metro station. the hotel charged me twice for the stay and it took me 3 weeks to sort out the refund.,0,NEG,train
1154,Staff were generally helpful Room was comfortable and spacious Good location: Close to the South Train Station Staff needed to be asked multiple times to fulfil requests Breakfast is too expensive; Not good value for money,0,NEG,train
1155,"The hotel is great, comfy, clean and in an excellent location. But I give such an outstanding review mainly because of the helpfulness of the staff. Now in cityname it is very difficult for tourists without a Chinese sim card to reserve places in tourist attractions or for shows. Entrance to most tourist attractions and sights in cityname is severely limited. The hotel staff, and especially the manager with the business suit and black tie (I do not remember his name) went out of their way to help me. I am deeply thankful and will recommend this hotel to anyone. It would be nice to have breakfast and/or restaurant in the hotel. But there are plenty of good eating options outside, especially in that super nice pedestrian street.",0,POS,train
1156,"Very nice interior and location. The wifi almost didn't work, but I realized it wasn't the hotel fault. Internet has restrictions in China and doesn't work good with western apps and web's.",0,POS,train
1157,Central an Great location to shops an restaurant s an taxi service bookings were great I didnt like that the massage chair didn't work /calf massage chair in room ??,0,POS,train
1158,"Manish the general manager is the one who give you the most confortable stay, even if you have misunderstanding, he will give you the solution to solve it.....😉 Except at Loby and management you should speak Chinese if you want something....",0,POS,train
1159,"Excellent location, kind and respectfull staff, complete silence during the night, nice breakfast. I can only recomment this place. Once my breakfast table was fully cleaned when I only went for drink, also return envelope was throun away in thought this was rubbish. Bit this can happen anywhere and has no impact on overall evaluation.",0,POS,test
1160,"location,location, location. very old and broken facilities. chair is broken,￼ aircon was running on fresh air only, highest temperature in my room was 29 degrees, and pool/fitness centre was not open.",0,NEG,train
1161,Location is great. Room was clean. Location is great. Room was clean but furniture was old style.,0,NEG,train
1162,"Good Breakfast, clean Hotel, Pool, Gym & the famous Steak Restaurant were closed",0,NEG,test
1163,Enthusiastic staff who assisted me during checking. Proximity to two metro stations and Wangfujing. Facilities were showing their age and price was expensive in comparison with hardware condition. Gym was closed during the whole stay.,0,NEG,test
1164,"Location Service bad, Clean bad, Property very old",0,NEG,train
1165,The location was perfect as the subway station is right outside the hostel. It was just a 10-minute walk from HouHai bar street and a 15-minute bike ride from the Forbidden Palace. The room was spacious and clean and the staffs were very helpful if you need tips on where to visit. The space in the shared bathroom stalls and showers were very limited. I am 6'2 and 180lbs and I could barely turn around in the shower. The floor is weirdly grimy and slippery. I slipped and fell a couple of times and hurt my knees.,0,POS,train
1166,Friendly staff who helps you if you want to book tickets for sights. Awesome rooftop! Nice vibe in the whole Hostel with plants and a lot of wood. Good location (even though a bit touristic). No curtains for your bed (necessary as there a lot International guests with different sleeping schedules due to time shifts or flights) No shampoo,0,POS,train
1167,Very friendly and helpful staff :),0,POS,test
1168,"The best location for solo travelers! I'd definitely stay here again when I visit cityname . Reception couldn't speak English, but they were very friendly. We were able to communicate through translating apps.",0,POS,train
1169,The location is amazing! It's located in the heart of one of the crazy gems of cityname . The bathroom was not clean.,0,POS,test
1170,Staff friendly and helpful Room really small and bathroom need a renew,0,NEG,train
1171,"The location is really good. Near subway. Has cafe connected. A bit overpriced for what you get, regardless of how central it was. Had a private room that was fine. But a bit dated, and bathroom plumbing wasn't great. Toilet a bit smelly and shower backed up with water immediately. Didn't provide shampoo even. All of this would be more understandable if the room was half the price, but we paid $120 US dollars for 1 night, by far the most spent while in China. The staff also didn't speak English for the most part. One lady spoke fairly well but for some reason let another person check us in who didn't speak English while she listened to another person rant right in front of us. Just not very professional. Again, would be willing to look past all these things if the cost was more reflective of the hostel standards.",0,NEG,test
1172,It was quiet inside the hostel compared to the noisy street outside. The location is pretty good as well. It was dirty in the bathroom. Lots of mould. The hot water didn't work properly. One day there was no cold water available at all and the water was coming out very hot. I was unable to take a shower that day at all. For some reason the next day it returned to normal. The staff took an authorisation on my credit card for the full amount then they completed a second transaction for the full amount. It's been over 8 days and I'm still waiting for the first authorisation on my credit card to complete and the funds to become available. Because I was paying for 2 rooms it's $1000AUD which is a big nuisance while travelling. Additionally all the signage in the hotel is in Chinese characters. I can't read any of the hotel policies when I'm there because I can't read anything. Many years back I stayed at the now closed Red Lantern YHA in cityname and it was an immensely better experience.,0,NEG,train
1173,"Location was brilliant, and the cafe was very nice. The airconditioning did not work very well in my room and it was +40 degrees. And the shared bathroom could often be blocked. Lastly, the receptionists, although helpful, could not speak any english- which is fine but inconvenient especially as the hostel is a place for international travellers",0,NEG,train
1174,"Great location close to the subway. I was very disappointed in this hostel. When you book the room, you receive a confirmation message saying that they are happy to help with day trips and tickets, and that you can contact them. I tried many times (both here on Booking.com, on WeChat and via email), but I was ignored. A few days before my arrival I finally got a reply but in Chinese. All communication is done in Chinese. When I arrived I asked again for help. The staff misinformed me and sent me to the Forbidden City to buy tickets, which is not possible. They need to help you, because as a foreigner you cannot book yourself without a Chinese phone number and WeChat Pay or Alipay. So I spent several hours hunting a ticket that I couldn't get! In the end another staff member helped me, but they do not seem ready to help foreigners at all. I also booked a trip to Mutanyiu Great Wall via the hostel, and the tour was fine, but it was very difficult to follow what was happening. It was an all Chinese tour for Chinese, and it was a bit uncomfortable not knowing what was happening (e.g. should we get out when the bus stops? what time should we be back at the bus? why do need to pay additional money to the guide?). Also the room was only okay. The bed was very hard (like most places in China, but yet this one was the most uncomfortable bed on our 1 month trip). Housekeeping meant putting the dirty towels back and not making the bed nor providing new shampoo. No breakfast to be found around either and the cafe next door only opens at 11 AM. I was definitely expecting more for the 760 RMB I was paying per night. We stayed for 6 nights and I cannot recommend it. There must be a better and cheaper option out there!",0,NEG,train
1175,The staff is extremely nice and helpful,0,POS,test
1176,"Nice staff, clean, great breakfast",0,POS,train
1177,The hotel locates in the center of the city thus very convinient for daily city trips.,0,POS,train
1178,"Great location and good price. The staff really helpfull either not all staff speaks english very well. But the consierge on duty always helpfull with good english speaking. Makes our time during visit cityname much more easier. They clean the room everyday. But they didnt did it properly, less than 5min finished cleaning",0,POS,test
1179,"Perfect location and good service. Swimming pool could open a bit longer, close at 9pm which is a bit too early for summer time.",0,POS,test
1180,"Location The WiFi is not stable. Room service ends at 10:30. Room service should be 24 hours, at least provide some light meal",0,NEG,train
1181,"Shower was excellent. Curtains worked great on an electric switch and kept the room very dark, as I like. There was a light under the bathroom counter that would not turn off all night. We closed the bathroom door, but the light still escaped from above and below. What would have been a perfectly pitchblack room had a constant source of light throughout the night. Climate control fan was very loud. Bed was not very comfortable (hard mattress).",0,NEG,train
1182,"Room was very impressive. Staff very helpful. I had a really great time at the hotel but was very disappointed not to have been made aware that the Executive lounge was closed. Had I known this I wouldn't have stayed here, as I regularly stay at 'East' to use their amazing executive facilities.",0,NEG,train
1183,"Staff was so nice and fast. It was clean It doesn't look like a 5-star hotel. Pool was weak, no good facilities like gym, sauna or even steam room was not working. Nothing in the room to eat no mini bar. It is not like the similar ones in cityname ...",0,NEG,train
1184,Facilities are well maintained. This reservation is a very unpleasant experience. Guests would be charged the full-amount authentication (refunded about two weeks after checked out) by the booking.com and the full-amount room fees at the hotel - why did I pay upfront if I would be charged again? The actual amount charged at the hotel was 20% higher than the amount posted by booking.com - why did I make a reservation if I could not lock the price? Very unprofessional service.,0,NEG,test
1185,Breakfast was by far one of the best. The scrambled eggs were amazing. Overall very pleasant stay. Parking could/should be included in the price.,0,POS,test
1186,nice rooms and lively rooftop. there's the chance of renting bicycles super close to Friedrichshain actually it was all good,0,POS,train
1187,"Very stylish, everything looked new and the room was quiet and extremely comfortable. I liked the bed, the furnishings and the toilet shower room.",0,POS,train
1188,"Beautiful property! Can't believe it's only a three star hotel. Good decor, nice staff, good amenities and fab location. Rooms are a little small, but does the job for a short getaway",0,POS,train
1189,Great location near the train station. Clean and convenient with lovely staff. Would stay again. Check out at 12 is fantastic! A little bit dark,0,POS,test
1190,"Location great - near train station and right next to the east side gallery They seemed to have three different external events on over the three nights we stayed, which were booked in to hotel social areas that are advertised for guest use. We therefore couldn't use those spaces such as the rooftop bar, which was very disappointing as it was a selling point for booking the hotel. Hotel rooms are designed badly, very small with minimal storage. No basic room amenities such as coffee/tea making facilities",0,NEG,train
1191,"Area was very nice with good restaurants close by, breakfast was good but not worth the price they were charging, just 5-10 min from the hotel were a lot of better alternatives Beds were horribly uncomfortable and hard, it also made a sound like crunch wrap when you were moving which woke us up during the night, we told the front desk but they didn't care at all about our complaints",0,NEG,train
1192,"The garden area is a lovely space to chill in. The room seemed small and dark, no way near as nice as the AMANO Grand central. The view from the bedroom window was awful and not much better from the roof top bar. Overall disappointed given the price. Staff were not very friendly and a bit flippant.",0,NEG,test
1193,"Not much good to say about this place. Very disappointing compared to what I've experienced at other Booking.com destinations with the same rating. The room was tiny, claustrophobic and smelled like the windows had not been opened for a month. Ventilation was non existent so after having taken a shower, the entire room would be stuffy for hours. Impossible to vent out with privacy, since there are neighbors across who can look right into the room. A/C was not working at all. The hallways appear dirty and old. They have an automated checkin system that doesn't work, and upon asking the person at the desk for help, they only very reluctantly spent the 20 seconds registering a key card which made it feel like you were being a hassle in their day instead of a valued guest. Not a great welcome.",0,NEG,train
1194,"Excellent buffet breakfast, with good choice of hot and cold dishes. Breakfast room staff were helpful and friendly. Liked the outside space by breakfast room, and a large lounge room on ground floor, both good for our family groups to meet and greet. Comfortable bed. The room was unpleasant. Black walls, smoked mirrors, large window's possible light deadened by fine mesh covering outside. Very poor, dim lighting. Useless shelf, too narrow for writing or laptop. Stool but no chair. Very limited clothes storage (was there for five nights). Shower room tiny, again black and white, with poor mirror and light. Best place to make up was in hotel lift, with bright lights and decent mirror. The bars were mostly closed to guests because of private parties and it was difficult to get a drink. At night the music noise made it necessary to close the window to get to sleep.",0,NEG,train
1195,"The location is perfect, very close to every interesting place. There is a big shopping center next to the hotel. Very easy to reach the hotel from the airport. You have to take a train and the central station is a few step from the hotel. Very clean. Beds are comfortable. We enjoyed our staying in this hotel. Our room was quite noisy. But we did not mind.",0,POS,train
1196,"The location was excellent and the hotel room was relatively small but it had everything I needed. It is a fantastic option if you want to be a tourist in cityname ! The bed sheets were washed but they had some old stains. They looked like bed bugs stains, but the room was free of bedbugs, I inspected thoroughly.",0,POS,train
1197,Super location. Clean and comfortable. No way of making or getting a cup of tea or coffee.,0,POS,train
1198,"Quiet location close to many of the important sites. Big room, friendly staff. Great value for the money!",0,POS,test
1199,"Great location. I appreciated the small fan they put in the room, it was getting very hot without it on",0,POS,train
1200,Room looks clean but in reality with lots of dust on cables and in unseen areas. With many students with constant noise and voice from 23.00 until 5.30. Biz people mustn't choose this hotel.,0,NEG,test
1201,Location was great but totally souless not a real hotel just a place to sleep,0,NEG,test
1202,"The location is great, quiet. The rude employee at the reception did not let in at the appointed time. The internet is bad.",0,NEG,train
1203,"Good location, near metro and bus stops, bakeries nearby. Food delivery possible. Comfortable beds. Sponges, soap, dish detergent and laundry detergent were supplied. Free secured parking in underground parking lot. Very thin walls, could hear all the neighbors speaking, even yelling until late in the night; we had to go knock on their door around 2 a.m. and ask them to make less noise. Upstairs, there was what sounded like, work being done, we could hear the furniture being moved and hammering etc. Even if the building was being renovated at this moment, this type of work should be done during the day! Also, we were on the fourth floor, with a small child, the railings are very low and I do not recommend this to any family travelling with small children, as they could easily fall through and down 4 stories... Also do not recommend to anyone who is afraid of heights.",0,NEG,train
1204,Location Unfriendly staff and not as the pictures depicted.,0,NEG,train
1205,"Great location near lots of city's attractions, self check-in and check-out is super convenient, room is comfortable with little kitchenette and all what needed, all is like on photos (even paintings:) ), we were here for 3 days and totally satisfied with our stay! We didn't fully enjoyed the breakfast (healthy one), but other was ok :)",0,POS,train
1206,"Located next to a metro that can take you anywhere you need to be in cityname . Checking in was very easy and the room was very clean, with extra gifts inside. Warm lighting options were appreciated as well. Nothing comes to mind.",0,POS,train
1207,"It is really convenient to use as room is simple and super clean/tidy... Everything is ready and enough for 4-5 days staying It was strange at first but there was not even one person at reception you complete all booking by online and take a code to reach your room. I think it's good and easy to access, I liked it.",0,POS,train
1208,"Great location and surrounding. Proximity to Kochstrasse (Ckeckpoint Charlie) U-Bahn Station, bus station + eating spots. Nicely designed and peaceful rooms. I highly recommend it. Will stay there again, if visited cityname ! AirCon didn't work efficiently. Perhaps it should be checked up. Besides, all is very nice.",0,POS,test
1209,Convenient no-contact check-in and check-out. Free drinks in the fridge and great coffee!,0,POS,test
1210,Great location for visiting many nearby city sights. Just a five minute walk to Checkpoint Charlie. But the location is the only plus. Very hot in the room and no airco available. There's mechanical ventilation but temp never went below 27'C or 80'F. Besides it's uselessness the ventilation is also quite noisy. The fridge is just 1.5 meters from the bed and also noisy. I had to switch off both to be able to sleep. You can't fully open the window if you have a courtyard ground floor room as anyone could easily come in.,0,NEG,train
1211,"Great location, just few steps from underground station to the hotel entrance. It's cool to have contactless hotel experience with no reception and staffs like Amazon shop but that should be based on good maintenance and respecting their guests. I stayed at two different rooms in the same hotel in this journey, the ac in both rooms were in poor condition. One was not working at all, another worked with terrible noise. I used the code lockers following the instruction and rules from the hotel. When I tried to unlock it, I found that the code has been changed by the hotel without notice, and there were four other guests in the locker room sharing the same issue. It took them twenty minutes sending a staff knowing nothing here to ask us what was happening and left again to get the keys. That ruined the travel plan. I had to grab a Uber and almost missed the flight.",0,NEG,train
1212,"Comfortable mattress. Free luggage storage after check out. Convenient self service laundry. The on-site cleaning team was very friendly and provided as much help as possible with hiccups like handing over a fan and the broken lock at the luggage storage. Serious safety concerns and broken facilities. - 2 men burst into the room to “fix wifi for other rooms” at 10am without notification ahead. We felt unsafe with the incident as we were two women travelers. While we asked for proof of identify, the men could not provide. - Slow customer service response time: took the management team a couple of hours to find out who those men were. Could be a big trouble if it's a real safety breach. - Broken induction that took the team 2 days to fix (while we only stayed for 4 nights). We spent a lot of time to communicate and convince the team that what we needed was not trouble shooting as it was broken at the first place and needed a reset.",0,NEG,train
1213,"Very good location. Good size of the room. with a large bed, 2 chairs and a good size table. Possibility to make coffee (Nespresso machine) Rather small bathroom, but with a good shower. The ventilation in the room and the bathroom was poor. There was a lot of noise from the other rooms. The quit period policy was a joke.",0,NEG,train
1214,Good sized room and good facilities V hot room. Needed the windows open but the location is very loud and opposite a police precinct with sirens through the night. Lift out of order throughout the weeks stay and the tv did not work even though we reported it many times and the online messaging promised to sort it out.,0,NEG,train
1215,"Room clean, staff, location near to train or metro station.",0,POS,train
1216,"Friendly, welcoming staff at reception",0,POS,train
1217,"Central, clean, modern and great facilities. My view was non existent but quiet.",0,POS,train
1218,"The experience was amazing. Very helpful stuff specially Marta (Reception) She was so friendly. Definitely, if I back to cityname I'll choose Eurostars Hotel.",0,POS,train
1219,"Comfortable, a very convenient location Nil",0,POS,train
1220,"Good location, looked beautiful in photos as well as in real life. Some things didn't work; some lightswitches, plugs and the shower was leaking a bit when turned on. Some things were missing like a toilet brush. When we arrived our chair had a pretty bad stain. We had to ask a couple of times for it to get cleaned/switched to another chair. In the evening an alarm went off and the whole building had to evacuate outside. That ofcourse isn't the fault of the Hotel, but it certainly wasn't a positive addition to our stay.",0,NEG,train
1221,"Location is great Dusty even it is a suite room Floor wasn't mopped properly Under the bed was covered with dust Bathtub... okay but the thing that protects shower splash water wasn't clean enough... I asked the reception to clean it properly. First time, they gave me a different room that was actually dirtier than the original one. Then I asked them again to change the room. They upgraded the room to suite but even the suite wasn't clean enough but I didn't want to ruin my trip anymore so I decided to take the offer. Next day I ordered room clean and after I got from sightseeing, dusty again. Probably they wanted me to leave. However I thought it was better to clean the room by myself so I asked a mop to the reception, but they didn't let me and said ask someone to clean. Well they didn't do it eventually. I just had to stand the dust. On the second day they sent a fruit dish though.",0,NEG,train
1222,"comfortable bed we asked for extra bed for our daughter beforehand and the room did not have the bed, we needed to ask again and wait until the bed arrived. the room was really dirty! the floor, bathroom and walls. when we arrived the garage was closed and the reception send us to nearby garage that cost 20 euros. this hotel don't worth the money",0,NEG,train
1223,"Not recommending to stay. In reality 3 star hotel with poor service and furniture quality. They needed 2 hours to bring a bottle of water. They needed to repeat 2 times to clean the room. Room furniture was very used, some lamps did not work, shower was broken with water spreading to walls around",0,NEG,train
1224,"Nice looking hotel Water turned brown, but they did come and fix it. On check out day water stopped working in my room half way during a shower. I had to wipe off the sop from my skin as was taking too long to fix the issue. Eventually water worked but in bathroom sink only and again turned brown.",0,NEG,train
1225,They allowed us really early check-in after we told them we were checking out in the night. I cannot say as I had a short stay.,0,POS,train
1226,Excellent location. Very clean and staff very helpful. Excellent value for money. Location,0,POS,train
1227,The location is absolutely convenient. The room is not big but acceptable. We slept well on the bed. The staff was a bit impatient at the counter.,0,POS,train
1228,"The hotel is located in a quiet place, in 15 minutes you can be in the touristic spot and there are a lot of services around. The shower is to small and makes you feel like if you are sailing with not enough space. Be careful if you don't want to get seen by neighbors.",0,POS,train
1229,Super comfortable room and perfect location.,0,POS,train
1230,The location Beds and cleaning are horrible,0,NEG,train
1231,"we found lots of hair and lots of small black dirt on the bed. And the staff (especially night shift was super rude to us), not welcoming at all!",0,NEG,test
1232,"Location was fantastic and staff very friendly. The room was filthy! Dust and grime on most surfaces. The toilet paper had blood in the roll! Thankfully, we brought our own toilet paper. We had to clean and disinfect the whole room. The linens were, thankfully, clean looking. I was expecting budget furnishings, but not expecting filthy. The air conditioning in our room didn't work at all, forcing us to open our window, which was on a very busy street. Needless to say, it was extremely loud all night long.",0,NEG,train
1233,The location was very good. Close to the event hall and to a lidl and multiple bus and sbahn stations. Toilette was broke and the water was spilling onto the floor. Only got a replacement after the second time of asking.,0,NEG,train
1234,"It was in a very good location, near a historical station and close to the happening. I also appreciated the time breakfast was offered at. The room had smeared boogers on two separate walls that I asked to have cleaned up as they were positioned above my head while sleeping. The breakfast was very mediocre, I think having breakfast on the restaurant across and up the street is a better 10€ spent personally.",0,NEG,train
1235,"Room where spacious and comfortable, also in hot cityname it is important to have big windows in your hostel that could be open . Bathroom where very clean! And kitchen with fridge was also very nice all necessary accessories.",0,POS,train
1236,"We loved the location. We never visited cityname before until now, but having a metro and tram station right next to the hotel was a huge help! Also, value for the money. We had a loft room with a big bed and private bathroom, and it wasn't like the photos - it was much better. No red interior and laying on the floor like the pictures showed (we wouldn't mind that at all too) but we simply didn't expect this at all. It was a nice surprise. :) Nothing",0,POS,train
1237,"One of the biggest advantages of this place is the good price. The hostel is quite close to the central station (approx. 15-20 minute walk), so it's a perfect choice if you are traveling on a smaller budget. Close to the hostel there are several shops, cafes and restaurants, which is very convenient. The neighborhood is quite quiet and safe, so we didn't have any trouble walking around latter in the evening. The hostel has a self check-in system; also the main entrance, entrance to each floor and room doors are opened with the same code, which made going in and out very easy (no need to worry about leaving the door card or key). We stayed in a double room. The room was quite small at first glance, but it had everything what we needed - two comfortable single beds, clean bedsheets, private bathroom, clean towels, hairdryer, and (major bonus) - electric sockets next to the bed. The kitchen on our floor was fully equipped. The biggest drawback was not the hostel itself, but other guests, staying in the hostel - noisy and messy. Also, the entrance to the hostel at first might seem a bit unwelcoming, or even a bit sketchy. The entrance to the building is located at the back of a courtyard, and in order to get to the hostel, you have to pass several bars (or something like that).",0,POS,train
1238,"Check-in was super easy. Loved that I didn't need a key just passcodes and it was super duper safe. Didn't actually meet or interact with a single staff member besides a cleaner which shows how this hostel is a well oiled machine. This hostel is Probably aimed less at the social side and more at just a place to sleep which is perfect for cityname in my opinion, there are so many places outside in the city to socialise it was nice to have a quiet, clean and relaxed hostel for night time. Tbh I loved this hostel and didn't have many problems with it at all. I normally prefer beds that are built in so that they don't squeak and are solid compared to the metal free standing bunks that this hostel has. But not a big deal at all.",0,POS,train
1239,"Nice staff, clean rooms, good lockers, bedside outlets, good wifi. The sink in the bathroom is weird.",0,POS,train
1240,"Right next to an U-bahn station If you advertise that you have a common kitchen, you can't not have a stove. I planned on cooking for myself. Also, in three days I only saw reception staff there once and I left the place with a lot of flea. It seems as if the owners care more about scaring you off with liabilities than about creating a welcoming atmosphere.",0,NEG,train
1241,self check in was easy and fast The rooms had no private toilets. More than 7 rooms had to use the same bathrooms and restrooms. I left in the morning and couldn't use the restroom at there was no toilet paper.,0,NEG,train
1242,"Clean rooms Did not feel very welcoming. Self-check in, didn't have staff available.",0,NEG,train
1243,"It was clean They don't have reception service and, for the price, service is very poor. I have been in hostels way cheaper with better service and they would keep lugagge for when flight is late. I did not have this here and it is very cold to just have machines to do check in. VERY NOISY. I would not recommend this hostel unless you are very young.",0,NEG,test
1244,"Good location Walls are so thin! You can hear absolutely everything! Not very sociable for a hostel, seems mainly for an older crowd!",0,NEG,train
1245,"Clean room, clean bed, clean bathroom, quiet neighborhood, close to supermarket and metro The internet is really bad, I lost connection a lot of times",0,POS,train
1246,"The staff were really kind and attentive! The room, was of a good size, the bed really comfortable, the shower was really good and the room was clean! There are many restaurants and stores around the hotel and it's pretty close to a metro station! Nothing was subpar.",0,POS,train
1247,Clean and great location. WiFi is bad,0,POS,train
1248,"The location is wonderful, everything was just around the corner. I want to thank Anna and Vladimir for hospitality, I really liked my room, it was neat and very quiet during the night. I definitely would like to come back! We had some issue with the keys that stopped working on the second day, but Anna helped us a lot and the problem was resolved very easily. I also wasn't a fan of a big pillow, but it's a personal preference. Other than that, everything was okay :)",0,POS,train
1249,"Liked everything about the room: high ceilings, comfy beds, equipped bathroom with all you need, : hair dryer , shampoo, soap, moving mirror for makeup and closer looks, etc The stuff guy helped with the luggage. Nice Cafes all around the hotel! Nothing! Strongly advised!",0,POS,train
1250,"The location Small room, not very nice.",0,NEG,test
1251,Located near a S-Bahn Station,0,NEG,train
1252,"In a good location for a nice area full of cafes and bars. Reception staff were rude and unhelpful - no greeting or welcome. Despite a conversation with the lady on reception in perfect English to tell me I could not have my room as the time was 13:50 and check-in is 14:00, a little later when asking if the front door would be locked at night and if so how to enter, she seemed to have lost her English and didn't want to speak to me. The whole hotel is tired, which is not a problem considering the cheap price, but the whole place also needs a a good clean.",0,NEG,train
1253,"The location is good, the facility is very old. Below average experience",0,NEG,train
1254,"The location 24 hour reception Regular change of towels Stairs Receptionist barely speak English Cultural cold attitude by receptionists, robotic but got what I always requested. Too expensive for the service given Construction outside starting at 8am",0,NEG,test
1255,"Very nice, clean and relaxing atmosphere! Can't think of anything.",0,POS,train
1256,"The Westin Grand is an institution with a reputation for upscale service. Since the renovation, I'd consider it at least on par with the Marriott at Potsdamer Platz -- maybe even slightly ahead when you take the grand atrium and good local cuisine into account. That's also thanks to the staff that had the same impeccable attitude I'd witnessed pre-pandemic. Unter den Linden/Friedrichstraße might not always be an ideal location depending on where in the city you need to be, but for any destination East of the Brandenburg Gate, this Westin will probably always be my choice. If you pay a little extra for the rooms facing the courtyard, the serenity of this hotel cannot be beaten. There was no one to take our luggages upstairs or help with valet when we arrived. But then again, it was very hot outside, so I can't really blame the staff for hiding from the heat.",0,POS,train
1257,Everything was just great. The staff are very friendly and accommodating. The breakfast is amazing. The bar in the lobby was great and the lobby has a nice selection of drinks and snacks you can buy and take up to the room. The hotel is well positioned and close to most of the attractions. Our first room the aircon was not working and they wanted to give us a fan which we did not accept. They rectified the situation and upgraded us to another room which was amazing.,0,POS,train
1258,"Great location, large rooms with balcony",0,POS,train
1259,Great location!,0,POS,train
1260,"Good and hearty omellette, attentive and helpful waiters / waitresses. Fridge didn't work and there was a Ben Jerry ice cream cup's cap under the sofa that must have been there from a previous client, left uncleaned.. When I called the reception they said they couldn't have cleaning or repair service in the evening. So I asked them to change the room. Then the rally began... One of the rooms I've been offered to change was dirty on the floor with sticky traces and a remarkable stain on the sofa chair. Then another room had a shared door with next guest room that reflected all the noise. And yet another one that was considered as an option did not have air conditioning. All this happened at the end of a long working day that I had come tired to the hotel and instead of relaxing had to switch from room to room. From 8:30 PM to 10:30 pm I was wandering around floors with repacked luggage. Finally I settled to the last room as then on I really wanted to get some rest. Such a bad experience..",0,NEG,test
1261,air conditioning in room did not work,0,NEG,train
1262,very clean bedding was wonderful The Building hotel has air-conditioning problems. Which made the room stuffy uncomfortable. I did change my room four times. Unfortunately.,0,NEG,train
1263,"Breakfast was great. First of all they take the deposit 50 euros for each guest and 50 euros we didn't understand what for. Despite we paid in advance on booking they tried to take money for room again without checking or informing us, we just noticed the amount on terminal when paying “the deposit”. The deposit refunds automatically after 7 days, it seems like they use our money without paying for usage. The room is not convenient for staying more than a couple days.",0,NEG,test
1264,"The room was clean. It smells nice. City-vieuw turned out, looking up to a wall straight next door. You have to pay extra for the wellness where the swimming pool is closed (completely) and there is only a few saunas and an empty steambad. When I pay this amount of money I think I could expect a little comfort and using a sauna should be free of charge. At the front desk you don't feel welcome at all. For me is was a once but never again experience.",0,NEG,train
1265,"location, shower, staff, clean split bed mattress",0,POS,train
1266,"Comfortable beds, nice bathroom. I also liked the architecture of the Hotel. Breakfast was not included in the price for the room. On my opinion the extra cost of 25€ each person for breakfast is really too high.",0,POS,train
1267,Large room with good facilities and friendly reception staff Dust in the floor in our bathroom not cleaned for three days,0,POS,train
1268,Spa & Sport saloon The cleaner guy came early in the morning and open the gate evey morning ;) You should tell him not enter without any response.,0,POS,test
1269,"The bed was very comfortable, and the staff was helpful and supportive:) The location, it is 30-40 minutes bus ride from the city center.",0,POS,train
1270,"Spacy rooms, good starting point for exploring, very close to s bahn. The lock key was not working. They gave us another room after two days of trying to solve the problem. Very unpleasent staff. Just one of them. Others were very nice and helpful. That specific one gave a bitter taste on stay in this hotel. She was arguing instead of solving the problem. Others were totally different.",0,NEG,train
1271,"Sauna and Spa area where ok. Really a shame they only open them in the late afternoon. Staff in the sauna area are quite rude. Alot of the information on their App they insist you download is out of date and simply wrong. The late night receptionist is extremely rude. I witnessed him yelling at a guest at the top of his lungs and he was also very curt and rude with any questions I had. All of the restaurants and bars are sub par and extremely over priced. I ordered a drink at the bar and it had 2 flies in it, the bartender argued with me over the flies and reluctantly poured me a new glass. The walls are extremely thin and my drunk, loud, German neighbours kept me up most nights with screams and door slamming.",0,NEG,train
1272,the property was ok and it had good space the location was in a very bad area,0,NEG,train
1273,"Location The view of the room, the room wasn't clean, there was boxer in the closet",0,NEG,train
1274,"Their was renovations going on. The room smelled from the fumes of the new paint. I woke up with pain in my chest from the smell. although some items new, they weren't of high quality. Shampoo dispenser broke upon use. Shower is built in a way where the water easily leaves the shower area.",0,NEG,train
1275,"The staffs where nice and the room was comfortable, the location was nice as well it's in the center of town which makes it easier to commute to anywhere or walking around, they are great touristic site to see around. I would stay again if I want to visit cityname Since it was summer maybe having a fan in the room would be nice.",0,POS,train
1276,Great place ✌️,0,POS,test
1277,"Great location, very nice hostel It was very hot in the room",0,POS,train
1278,"Great location, really close to the city centre, in a nice neighbourhood and close to city transport. Only thing that I don't like is not being able to open a window in the room or having a better ventilation.",0,POS,train
1279,Every thing was superb. Absolutely amazing and a positive vibes...,0,POS,train
1280,"Location at cityname downtown, next to a metro station, bus and tram stops. 1 - The wifi on my floor only worked prorpely on the first of my stay. I complained for 4 days with the employees and they ignored my repair requests. Also 4g/5g reception is bad inside the rooms so was incommunicable to my family and friends. 2 - The toilet flush was broken in my room and again the staff ignored my many repair requests and denied me the right to switch to a room where it didn't smell like s... 3 - Avoid shared rooms they don ́t have AC working for hot summer days.",0,NEG,train
1281,"Staff was friendly except the security guy. He was intimidating. This is a hostel with bunch of private rooms. And, NO it's not a hotel.",0,NEG,train
1282,"The location is really great, you can join many cultural attraction by foot. Such small bedrooms, no space to put luggage, not even space to open them inside of the room because of how tight it is. They put too many beds in function of the room size. It's even a struggle to walk in the room because the luggages are laying everywhere on the floor. Also no air conditionning, so an 8 people bedroom feels more like a Sauna than anything else. The smell is also not the best since 8 people in such a small room are sleeping together + the fact that space is lacking for luggages/shoes etc",0,NEG,train
1283,The location was prime. They played loud music every night till 23:00 and then still played music till 01:00 in the morning every day! They never cleaned the restrooms at our dorm and our shower light's didn't work during our whole stay!,0,NEG,train
1284,It was very dirty. Not clean. Not a good experience. Wouldnt come again.,0,NEG,test
1285,"fantastic place, great atmosphere & staff the beds are really stiff, but this was the only con. we just didn't sleep well at all",0,POS,test
1286,"The location is a winner. We loved the free spirit, the young vibrations. We loved very much the design. The staff was very helpful. We loved the breakfast, not formal but included everything we could ask for.",0,POS,test
1287,"Good location, helpful and friendly staff, nice room Nothing",0,POS,train
1288,Good location. Friendly and helpful staff. Great breakfast. Nothing,0,POS,train
1289,"Room is extremely clean. As it is in the old town a bad smell comes from the drain but when the shower door is closed you can not feel it, this happens in every old town so this is not a complaint about the hotel at all, just FYI. The drinks in the bar were delicious and the bar/front desk employees were really nice and not pestering at all. Breakfast at 60 Lau seems a little excessive, we didn't try it as other options close by were cheaper",0,POS,train
1290,"the location was good in the middle of the night life. I was expecting a bigger room for the sum of money i paid almost 110EUR a night. Not ever one glass was available, no kettle no water at least one upon arrival. the pillow too small and if add another it would be higher than normal. Sleep was not that relaxing.",0,NEG,train
1291,"The location was quite good but the road was very noisy. The decoration of room was nice. They have free lockers to store your bagages. Well first of all there is no wardrobe so you don't have anywhere to store your clothes. Please note that our room was considered superior or something. It was not the cheap one. There is no safe. There is no mini bar in the room. There is no fridge so have to go downstairs to drink water. The mattress was bad and hard. We saw some stains on the sheets. The road under the rooms is busy and noisy and the view is bad. You only see some abandoned old houses. The pillows are too small and they provide only one per person. The TV is positioned too low so practically you can't watch as they should put it at least one meter higher. No proper desk to work. TV remote control was not working good. The fan of AC made o lot of noise. No coffee maker. No value for money at all. Actually it is very expensive for a room without all the above amenities. Last but not least, there are no personal/one use shampoos etc in the bathroom so practically you use the one that the previous customers used which means that anybody can throw inside anything without control.",0,NEG,test
1292,- Location - Over Priced - Breakfast for a Mariott Hotel is too poor - No Hot Chocolate served at breakfast (extra fee) - Rooms are extremely small - Views are really cruel - Staff don't smile at all - Sheets were also dirty from someone before us (so not changed) - Body wash was empty in shower - No easy WIFI - NO LOCKERS in room - Hanging clothes is very difficult,0,NEG,train
1293,"Comfortable bed, lovely spacious hot shower, toiletries that were provided, bottle of water in room. Breakfast was lovely and plentiful. The noise, the noise, the noise!! Kept me awake for hours both Friday and Saturday night. Very loud music until about 4-5am. No drawers or wardrobe for clothing, no safe or fridge in room.",0,NEG,train
1294,"it's a very modern hotel, the location is perfect, close to everything the room is small and there is not even one drawer or wardrobe",0,NEG,train
1295,"Excellent serving staff - from doormen, receptiondesk and bar, and more, great location. Wonderful renovation of main hall,",0,POS,train
1296,"A stunning property . The refurbishment of such an impressive building , with so much respect for original features - it is exactly as I needed it to be ! I felt like a queen The foreigner staff at the bar of the hotel is very rude and disrespectful , she would have been let go if she worked in the country where I live . Hopefully next time I will meet a better staff !",0,POS,train
1297,"A wide selection of pre-made food is available at the buffets, and additionally, you can order several breakfast dishes from the menu. The waitstaff service is of the highest level. Unnecessary daily towel change despite information about the green policy. We don't like this.",0,POS,train
1298,Staff were very polite and helpful. Hotel otherwise impersonal. Lack of atmosphere and main lobby was uninviting. There was a better and cheaper breakfast down the road.,0,POS,train
1299,The building is amazing so historical We visited also the „safe“ vault bar We had a nice stay,0,POS,test
1300,"Nothing. Overrated No mini bar for a 5 star hotel, no bathrobes...",0,NEG,train
1301,"Maria at the front desk was wonderful—friendly, welcoming and extremely helpful. Housekeeping staff also. Most of the rest of the people I came into contact with were glum, unsmiling and seemed absolutely annoyed that I would request things like a bucket of ice for my room or make a simple question about which way to turn out of the front door to reach a nearby avenue. A huge lack of customer attention that really put a damper on my whole stay. surly staff.",0,NEG,test
1302,"Not much. Good restaurant staff. Reception desk useless, rude and unhelpful, especially men. Could not even get me a taxi to airport. Room was very cold and aircon “function is locked” - unadjustable.",0,NEG,train
1303,"I love the location, clean While checking out of the hotel the lady at the front desk did not provide the correct excess on purpose. When my wife pointed this out to her, her face was filled with rage and she laughed with the Romanian colleague Luckily my wife speaks the language and is a local. We travel regularly in Romania. Because of this disdain for the customer we will not return. thanks.",0,NEG,train
1304,"Hotel location is very good. Hotel rooms are really good. We stayed in suite with balcony. Breakfast was very good. Bar stuff and restaurant were super friendly and helpful. I would like to point out Ukrainian girl in the bar and Marian the head waiter. Gabriel,who helped us with bags was very friendly and during our stay would greet us and have a lovely chat with us ! I have stayed in so many 5 star hotels but I have never met such a bad reception and concierge stuff in my all travels! We stayed from Friday till late Monday afternoon. When we arrived receptionist was cold and unfriendly , we just did not feel welcomed. When we went to our room (we stayed in suite with balcony) and saw a greeting card and fruit platter and cake platter . When we looked opened the greeting card we say that it was intended for a totally different customer Mr. X and it looked that the gift platter wasn't fresh anyway so I am guessing no one bothered to clean it up from previous stay? When we walked down to the reception and gave reception guy this card he took it laughed ,told its not for us and did not even apologies. By the time we came back to our room in early evening to get ready, fruit platter was taken away. I guess that we were not as Important as previous person so we did not get any greeting card or fruit platter. On Saturday morning, when we were getting ready to head out I noticed that we did not have any tea spoons or tea bags in our room. When I walked and asked reception that we are missing basic things in our room he promised it will be delivered, again no apology ,but rather annoyed bothering him. It took them more than 24 hours to delivery two spoons and tea bags to the room, they tried to tell us that they have and we just did not see them and etc, they only delivered after 5 complaints and me loosing my patience ) Overall the hotel itself is good (rooms, design, bar) but the reception stuff is absolutely horrible. I can only recommend to stay in this hotel if you dont need anything from reception otherwise it will be unpleasant experience. Our friends are going to Romania soon and we will definitely tell them to stay away from the hotel and just visit the bars within the hotel.",0,NEG,train
1305,"Cosy, clean, good location, good internet for IT work",0,POS,train
1306,Value for money accommodation,0,POS,train
1307,"Location was excellent, a short walk to the old city and the nightlife. Lots of food nearby as well as plenty of markets. Super quiet at night, strong AC (it was 39°), hot/strong shower, solid WiFi.",0,POS,test
1308,Everything! Nothing!,0,POS,test
1309,"Everything was as expected. Clean room, good location, good price.",0,POS,train
1310,"Location is great! Unfortunately, the bathroom was not clean and there were so much ants inside the bathroom.",0,NEG,test
1311,The self checkin is easy. It is on a quiet street. The pillow was confortable There was no hot water in the first night. The heating was not working and we had to put the air-condition on heating mode to not be cold.,0,NEG,test
1312,"It was very OK the fact that I could communicate with tre responsable of the hotel in case of emergency/problem. She was very nice (in writing - WhatsApp as way of communication) and she solved the issue soon. 1. The room was never cleaned and the sheets and towels never changed during the week I stayed at the hotel. 2. The waste was never took off during my stay. 3. In my second day of stay, the water was colder and colder until the third day when it was very cold (frozen). The next day, the problem was solved (I had had writen to the hotel responsable the day before.). 4. I think the room's main door wasn't of very good quality, so that I heard every step in the main hall. At the point that I was waked up in the morning many times by that noise. (neighbors leaving their rooms) 5. I find it very impolite that in my last day of stay, at 10:08am (!!) the cleaning lady came to my door to tell me I should have left the room at 10am. Firstly, isn't it an European convention that we must leave the hotel room by 12am? Anyhow, this is what Booking put in my calendar as ""leaving time"". Secondly, why did she bother me at 8 minutes (!!) after 10am? And especially after never cleaning my room for one week. 6. Concerning the taxi. When I did the reservation on Booking, I was let known that a drive from the airport to the hotel was included in the price. I accepted the offer and I received the necessary information (taxi driver's name, his phone number and the fact that he will be there once the plane has landed - Bookong had my flight information - and that he will be waiting for me for maximum 45 min.). Well, 10min after I leave the plane, the taxi driver calls me to tell me that he will have 20min of delay as he had done another drive before). I find this disrespectful for the client. I refused his offer, I had no big laggage so I took a local cab rapidly.",0,NEG,test
1313,"The apartment was pretty close to the old town and near some attractions. It is not cleared in the website that the apartment is in the basement. When they sent me the email with the details, it is mentioned that the apartment is in the semi-basement but when the apartment is from all directions under the level of the earth, then it is called BASEMENT not semi-basement. We were sharing the room with some spiders that sought refuge in the bunker and the dust was at least visible. You could also smell the mold. There is a small window at the top of a single wall, so oxygen can come through and not die and even though IT IS MENTIONED that THERE IS AN A/C, there WEREN'T any. So during the day the heat was unbearable. They lied on the website that there is an A/C. UNACCEPTABLE. Yes the apartment is pretty cheap but you can find better accomodations with little more money. DO NOT RECOMMEND.",0,NEG,train
1314,"Great location and very clean. The apartment had an overpowering smell of damp, and also felt damp as though it had been unused for some time (including the bedding). We were unaware when booking that it was a basement and didn't have any natural light. The bathroom sink leaked and the shower turned the bathroom into a wet room. Overall very disappointing",0,NEG,train
1315,"This hotel is situated in an excellent location, a short walk from Old Town. Rooms were clean and comfortable, with all the facilities you'd need. There's also a communal area with tables and sofas. The whole hotel has a modern feel. Staff was friendly, and they let us store our suitcase there for a few hours free of charge. The hotel is, as the name implies, located upstairs. This wasn't a problem for us, but it may be one for people with disabilities or lower levels of fitness. The breakfast could have done with a bit more choice.",0,POS,train
1316,It's very nice pace and great stuff They have great breakfast with variety Coffee machine is great and you can have coffee and tea or juices all day and biscuits Location was great I will come again for sure Air conditioning was programmed to work for at most one hour and I couldn't adjust due to language that makes me wake up at night so sweaty and hot,0,POS,train
1317,Small unique place next to the old town. Perfect for a couple or a family just looking for a place to sleep and have a small breakfast. Not suitable for someone who is looking for something more. Climbing the stairs was somewhat a difficult task because we had large and heavy suitcase.,0,POS,test
1318,Everything to include the staff,0,POS,train
1319,"It was really close to the old town. The stuff were friendly and kind. They only fruit they served was an apple, no changes during my week.",0,POS,train
1320,"Good location In confirmation there was information about twin bed, in my room was single. Staff said it is still good offer and I shouldnt complain. Missing pillow in room so I was forced to sleep on my folded clothes.. Missing water on morning, staff said it will be back in 15 minutes but i don't know if that was true because if stayed longer I would miss my flight.",0,NEG,train
1321,"There are many stairs to the room and it is difficult with the luggage, the room is full of mosquitoes and it is impossible to sleep, the entrance is neglected",0,NEG,test
1322,Breakfast average..... Location good Before I paid nobody mentioned that I have to go 3 floors up to a very narrow and dangerous staircases,0,NEG,train
1323,"The location was excellent. AC worked well. The building has construction works in the main entrance, it's hard to find what is the correct staircase you need to take. Even though I mentioned at what time I was arriving in the afternoon, it took a while for them to open and no one was answering the phone. The staff communication in English is very poor. I found mold on one of the room's walls, stains in the carpet and the shower was broken so it wouldn't stay up, making it hard to wash my hair. The toilet seat is an extremely tight spot. Breakfast is very limited and is served in a “lounge area” where there are few tables and some couches that make for a very uncomfortable eating experience.",0,NEG,train
1324,"The location, comfortable bed Very poor water pressure in the shower, noise from renovation work in the building, dangerous stairs",0,NEG,test
1325,"Very nice, boutique hotel, walking distance to old town, supermarket next door, walking distance restaurant, MacDonalds next door, good breakfast. Myself and my daughter really enjoyed. Many thanks to the reception staff, very helpful and nice! Location, staff being very helpful.",0,POS,train
1326,I love how clean the whole environment was. From entering the building to the room. That's I couldn't stay there forever,0,POS,train
1327,The hotel is located very close ( walking distance) to city center and many other touristic attractions. .,0,POS,train
1328,"Hotel is at the city center. It's very very close to old city, where cityname live in. Approximately 600 meters with walking. Breakfast its so perfect. If I will come cityname again, I will stay here. And special thanks for Flori in breakfast hall and Mihaela (Customer Service Manager) at check-in desk for their smiles and kindness. This is a Turkish friendly hotel. Wish to see you again :) Maybe room make-up. Not a big problem.",0,POS,train
1329,"The breakfast buffet was very good, with friendly staff.",0,POS,train
1330,"The location Nothing honestly, the bed was not comfortable, room to small and not clean.",0,NEG,train
1331,Location Very noisy area,0,NEG,train
1332,"The rooms were clean and the location was good, a close walk to the old town and other attractions Unfortunately we were placed on the second floor, which is the same level as the breakfast room. This really ruined our stay and was a shame as the hotel was clean and the check in staff friendly, however the noise was absolutely dreadful. We were woken up at 6:30 every morning by clattering plates, slamming doors, clinking glasses, people running up and down and staff shouting at each other accross the corridor. It would have been just as loud if we were actually sleeping in the dining room. This went on for a few hours, at which the noise was replaced by housekeeping so there wasn't even an opportunity for a nap later in the afternoon. Sadly this would stop me from returning as there are cheaper hotels closer by where you can get a good night's sleep.",0,NEG,train
1333,location very Old to be of Wyndham collection,0,NEG,train
1334,Location Noise from street and window is not sound proof,0,NEG,test
1335,"Beautiful, spacious, clean room with all necessary amenities. Cozy green place. There is a supermarket nearby with good prices. Nice hotel staff.",0,POS,train
1336,Beautiful Palace near Market near mall,0,POS,test
1337,Comfortable Too far from central. Water flood from the toilet.,0,POS,test
1338,No comments. Very satisfied,0,POS,test
1339,Clean and Quiet room.,0,POS,train
1340,There was nothing nice. We wanted something cheap and we got something cheap. Room was dirty and smelly. Sink was leaking. Shower cabin had lots of mould. Walls damaged. Wires sticking out could be safety hazard. Entrance door does not close well. Air conditioning has button missing and could not be used. One broken light.,0,NEG,train
1341,Worst place ever,0,NEG,train
1342,"The apartment nice and clean, location hard to find Neighbors making noise all night until the police come and they didn't care group of gypsy.",0,NEG,train
1343,"Good price The room was cold, the heating took very long to barely warm the room, and the heating was very noisy. Little consumables provided, only a roll of toilet paper that was 3/4 used. No blankets or such were provided, only linens, i don't know if they are provided for extra cost, but nor was I informed, I can't see it normal to push people to pay extra to not sleep in the cold during the night if this is the case.",0,NEG,train
1344,"It was quiet Towels weren't changed, or if they were, they had stains, the shower cabin was dirty, the bathroom mirror wasn't washed, the bedsheets didn't smell clean, but like someone had previously slept on them, the window had no mosquito net so we couldn't keep it open.",0,NEG,train
1345,"It's a nice and quiet hotel close to the city center. It's warm and clean, with welcoming staff and several cute cats. All was good.",0,POS,train
1346,Staff!!! So very helpful and went out of their way to meet our needs! Gave great advice on restaurants and how to navigate the city. Location,0,POS,train
1347,"It is a very nice place in the very center of the city. Although the hotel is located in the center, there is no noise in the evening. There are a plenty of restaurants nearby. The staff is super friendly and helped us with everything. Definetely will reccomend to my friends.",0,POS,test
1348,"Small and very clean hotel, centrally located, with very friendly staff! Delicious breakfast, excellent value for money Nothing, it was perfect",0,POS,train
1349,Excellent staff and good location,0,POS,train
1350,Good location Room was a good size for our stay A man walked into our room in the middle of the night using his key card. Reception gave us an extra key so we could lock up from the inside but we barely slept after that happened and felt not very safe.,0,NEG,train
1351,The surrounding location. The facilities. Bathroom was right inside the room (which means you can't have a guest and have your bath at the same time. Bed was twin beds joined as one. This meant the beds will regular slide apart and you can fall in the middle. TV didn't work. Refrigerator didn't work. Rooms were never cleaned. Rooms were small.,0,NEG,train
1352,"The employees were friendly. The art was interesting. There was mold in the bathroom. The employees were nice and offered to clean it, but even afterwards there was mold left in the shower.",0,NEG,train
1353,It's very basic and dated but clean Shower flooded bedroom( Hotel did sort out) Bed was very hard. Very tired and dated,0,NEG,train
1354,"Lovely staff, nicely decorated room and an unexpected upgrade. Good area to be in - not far to the centre and very quiet. The mattress was very uncomfortable - worn and dipped badly on one side. The TVs weren't connected to the internet as promised, the shower fell apart",0,NEG,train
1355,"Just outside the city centre, it is easy to commute to all the main attractions but also gives a place to relax from the noisy streets. The staff are great and ready to help. Room was big and comfortable, and breakfast was tasty and fresh.",0,POS,train
1356,"big room, good breakfast, nice hotel, also quiet. had all amenities of a good fancy hotel. 10/10 would recommend. subway Station at 5 minutes walk from hotel. mega image store close by, for buying food.",0,POS,test
1357,The accommodation is very nice with a beautifully decorated room and lobby area. Our window view were towards a construction site.,0,POS,train
1358,"The room was very nice and comfortable. It was exactly as the pictures. The location is very good as there is a metro station very close getting you to the main train station and there are a lot of buses for the old town too. The bed was comfortable and the breakfast had a lot of options. I would recommend it. The only issue is that although the room was non-smoking, it had a smell of smoke especially in the bathroom. We could not understand if it was from another room and somehow from the window or vents came to us or if the previous guest smoked in the room but as non-smokers, the smell was annoying. However, I guess this was a very specific situation and does not apply to all rooms. Also the view of the town was actually a construction area.",0,POS,train
1359,Very beautiful room with all compliments inclusive. Near Metro station and supermarket,0,POS,test
1360,The decoration of the hotel was really special and unique And the staff were really welcoming and pleasant and aided in everything we asked to. We had a bug problem at our room. When we arrived the room was filled with bugs and mosquitos because the windows were open before we received our room. The staff apologized for the inconvenience and offered us another room or that they will take care of the bug problem. So we waited in the lobby until the worker got rid of the mosquitos and the bugs. The location of the hotel was far from the city center. And the hotel is located in a neighborhood not close even to the main street so it was hard to walk by foot or to catch a cab. Luckily the staff helped us with ordering cabs for us.,0,NEG,train
1361,"Clean, comfy, polite reception Well, let me tell you: 1. hotel is advertising having a parking. There was no chamce for me to park underground because the bumper got hit. The angle of entracnce is not appropiate, car damaged. 2. When i finally went to sleep the were lot of noises from neghbouring rooms. There is no, or poor insulation. 3.At 6AM in the morning the staff started a conversation in their office close to my room. Not only whey were too loud that i even could hear their stories but they were apparenlty doing something as LOTS of noises and door smashing as well as other ....wierd violent noises prevented me to fall back asleep. I dressed up and went to the reception asking if the wakeup at 6 is manadatory... The receptionist understood and fix the problem. The staff ceased to chat at my door but the noises continued till late 10 when i decided to leave. I only slept for 4-5 hours in 4* Hotel paying almost 90€. Devide that by number of hours and it was probably one of the most expensive tax per our of sleep. Now, what they don't understand is that they are 4*classified and customers expect at least 4* comfort. I am a frequent traveler anf this is by far the worst 4* comfort experience. Note to management: train your people and/or insulate your rooms otherwise your rating will fall.",0,NEG,train
1362,"breakfast was good The room was not Cleaned up good and there was no water in the room. The guy who cleaned didn't bother himself even to arrange everything in the room, including the bed cover and the towels and I had to go back to the reception at midnight when I came to take water because he forgot to put a bottle of water.￼",0,NEG,test
1363,Fairly clean Parking is a nightmare. Regular cars cannot enter the underground parking because of a faulty design (access too steep) and they have no parking in front of the hotel outside.,0,NEG,test
1364,"very nice staff the room it wasn't clean, they didn't vlean the toilet over the persons who been before . They we're fixing something on the corridor and the smell was coming till the room, a very strong smell that makes you dizzy . I asked to change the room and the changed .",0,NEG,test
1365,"Each time we come back with pleasure , thank you to the owner such a lovely person .",0,POS,train
1366,Great again!!! Thanks!!! ---,0,POS,test
1367,"Clean, large enough, nice staff (all small issues were solved immediately). The rooftop terrace is fantastic for spending the summer evenings. It would be good to have a small folder with instructions, how to use the washing machine, what shops are in the neighbourhood, how to get home late, where to call in case of trouble etc. The usual staff that hotels provide.",0,POS,train
1368,"The room, the kitchen, the roof is amazing. Free coffee machine The living room + kitchen has an air conditioner. The bedroom doesn't have and it is very hot during the summer",0,POS,train
1369,"It was a very pleasant experience. Beyond cleaning, and all furniture arrangements, you can find parking space in front of the building for free. In the center of cityname . It's hard to believe, but it's true. More: in the morning a rooster will wake you up ... The rooster is alive! :))He screams from a neighboring garden, it is not recorded on tape! :)) Then, even more than that, you can drink your coffee on the terrace arranged on the roof of the building, with soft music and coffee from the house. Very nice. Congratulations. This is not the case.",0,POS,train
1370,"The room was very clean, the cleaning lady was nice and helpful, using the code for the gate and the front door was easy. The area is rather unsafe and very very noisy, a lot of run down and abandoned buildings and garbage on the street. The neighbours are noisy, playing music and having parties through the night. It's fine if you want to party, but if you wish to get some sleep, I do not recommend this area. Also, the walls at the property are very thin and since there are lots of other apartments you can hear absolutely everything, and I mean eeeeverything. Also, the kettle in the room had a broken lid and was badly burnt, it cannot be used and seems unsafe.",0,NEG,test
1371,"Location is relatively central & the instructions from the host were very clear and in case of inquiries there were very fast to reply. While the building is very new and looks nice, quality of everything like bedsheets/towels/furniture is of lowest quality. A bit disappointing looking at the price charged. Walls are extremely thin, i could hear everything the neighbors were talking and you can hear a lot of noise from the hallway. They have a policy of no parties/loud music but with New Years was a total drama -a couple of studios were rented to have the New Year party, super loud music until close to 5 am - screaming on the hallways, terrible experience! I totally understand it's New Year but i would have taken a hotel if I knew that, I had a flight early and did not pay to sleep in a club.",0,NEG,test
1372,The area The fact that the hosting manager did not returned my call when I needed more details about the parking.,0,NEG,train
1373,The location was very good and check in was easy There is a lot of noise outside this room when the window is open (construction during the day and a rooster that starts crowing at 2am) and the room was too warm to keep the windows closed. There was no air conditioning available. Some of the dishes were also dirty,0,NEG,train
1374,"Very unstable internet, not possible to work there",0,NEG,train
1375,"Modern, parking, clean, enough space, good value Rather small parking but still ok",0,POS,test
1376,Location was very suitable for Old Town walk and other activities.,0,POS,train
1377,"Comfortable and clean, close to the train station. There is a Supermarket nearby. Great for 1-2 nights",0,POS,train
1378,Easy check in. Lovely room with AC! Clean and lots of bedding. We really enjoyed our stay. We ended up using the sofa bed which was quite hard and uncomfortable.,0,POS,train
1379,"Convenient location, unique design of the hotel, beautiful decoration of exterior and landscape design, nice interior, nice smell inside hotel, big and clean room with big windows, everything inside room works fine. didn't notice axсept some small issue with wi-fi connection",0,POS,train
1380,"The room was nice, clean, and quiet. Self check-in with a code. Arrived at 3am with a small child, code for the front door wasn't working (it worked for the room though, same code) and couldn't get in. Impossible to contact anyone without a Romanian number and access to internet. Location on a small street with stray dogs barking at you in the middle of the night, small child, big luggage, traumatizing experience if you can't get in. Eventually I managed to stop a random car on the street and borrow a phone to contact the hotel (luckily I had the number!) and could finally get in, but the experience was very chilling. Advice: install a way (ie a buzz) so travellers who don't have a Romanian phone subscription can get in touch, especially if arriving at night. Or make sure that code actually works.",0,NEG,train
1381,The staff was very nice. The private parking was very helpfull. There was a lot of hair especially in the bathroom. The towels had stains. The sounds from the other room was quite annoying( snoring ; talking ; etc ) .,0,NEG,train
1382,"Good location , really nice receptionist. Clean room There was problem with water in the bathroom. Only one person could take shower as the water after it was staying there. Looks like drain was very foul. Did not ask to clean it since left the very next morning",0,NEG,train
1383,"The room had everything promised and it was near the train station. There were 2 cockroaches in our room! One in bathroom and other in bedroom, hopefully it was just the two. As the room seemed clean in general, it's hard to comprehend why the hotel doesn't pay any attention to such things, cockroaches are common in Romania but they should have used some repellents! In addition, the check in and check out is automated so there is no person in reception, so even if there were kore cockroaches and we would need to change a room, we would have no one to ask.",0,NEG,train
1384,"It was okay for one night stay, especially when traveling by train as it is a very close and easy walk to the main station. The staff on the phone was kind when I called to ask about the AC. From what I saw, some of the things they advertise here are not accurate to what you get- no vending machines (just a locked refrigerator with some drinks), there only was a small coffee maker in reception not like in the pictures (even when I left in the morning), the AC didn't work (though they said it broke down but would be working next weekend so I guess that's not really on them) and the shower made water go all over the bathroom floor.",0,NEG,train
1385,Most comfortable bed i have ever seen !,0,POS,train
1386,"I was travelling with my teenager daughter and we really enjoyed the room.Super clean and comfy,housekeeping doing a very good job,friendly receptionists are very helpful and all speaking english which was amazing for me as i dont speak spanish at all.As for the hotel location-its just a perfect view from the roof top on Gran via street,and it's very close to all the famous cityname places Highly recommended Regards",0,POS,train
1387,"The location was fantastic. The AC worked well, and the bed was comfortable.",0,POS,train
1388,"Nice place, staff wonderful and open to support and good knowledge of English. Well located and on the top, they have the rooftop and swimming pool. Definitely will book again in future. :) Non - I enjoyed every single second.",0,POS,train
1389,By far the friendliest hotel I've ever stayed in. Location is terrific access to all the best places in cityname . Rooftop bar is a real bonus. Coming home,0,POS,train
1390,Air condition very bad to hot,0,NEG,train
1391,"nothing in particular no special comment to make rooms very small,lifts confusing, location in very crowded street,staff pleasant but quite long wait to reach them that said,in the centre of a big european city there are limits to what you can get for your money,and in this respect this hotel may not be exceptional.It all depends on what you are looking for next time we will move out a bit and look for something more roomy in a quieter environment",0,NEG,test
1392,"the location room was too small and no space for belongings for two people, bathroom had no door so no privacy to change or use the shower or toilet in private, toilet seat was a little wobbly, toilet room was tiny, light switches in room were very confusing and so annoying we had a hard time figuring out which light switch was for where, elevators were extremely slow, lobby was not pleasant to sit at, staff were so busy had to wait a long time, was not aware of stairs at front entrance of hotel and was not convenient, breakfast food was fair, hotel bar was fair for vegetarians",0,NEG,train
1393,location staff was inexperienced and unpleasant. Shocking enough one of the rooms was so small that the bed was “placed” between three walls. Strongly recommend the advertisement is replaced and pictures are loyal to the actual space.,0,NEG,train
1394,"Location is very convenient... This hotel simply decent 3 stars hotel. During our 6 days stays with 2 standard rooms, there was no Wi-Fi, no tv, also only one day roof top was opened. Staffs was not enough to properly bar's servings. Any orders take 45 minutes. Using the WC was big deal for room #723.It was like boat's WC, even the kids can't be fit easily. There was A/C but can't be manageable for temperature.",0,NEG,train
1395,"Great location. nice views from the roof top, very clean rooms and comfy. Great restaurant.",0,POS,test
1396,Rooftop bar and pool. Spacious and luxurious rooms with sleek bathroom. Excellent breakfast. Professional staff The bathroom needs better ventilation.,0,POS,train
1397,"The location was fantastic and the access to the roof top bar and priority to staff was really unquestionable. The pool is a bit small but the idea is excellent. I think having the bar the otherside with music and sun loungers would be a really good idea, you could even have a smaller splash area for younger kids to use the space a bit better",0,POS,train
1398,Location! Location! None!,0,POS,train
1399,"Fantastic location, amazing views from the rooftop .Clean rooms , great staff generally, fantastic service from reception and concierge. Breakfast and service really good.One staff member a bit rude on the sky bar. Sat me and friend down and then after ordering our drink was told the seats were reserved/unavailable. Had to buy drinks from pool bar and not allowed to drink own. Odd instance of rude staff member but sure this was just a one off instance during a busy period.",0,POS,train
1400,Some of the staff are rude,0,NEG,test
1401,"Location and breakfast Room 624 with little to none street light, all with vintage look. We had to change our room at 12am due to noise coming from renovations in a near building. Fire alarm ring at 6am",0,NEG,train
1402,Oh the shower Staff have a attitude and not that helpful,0,NEG,test
1403,"Check in / check out was smooth Location good The roof top staff were rude and lack training ..... Only a few, very few, in the hotel speaks English Very disappointed considering the hotel reputation",0,NEG,train
1404,"Clean The view from the top floor The AC was awful, if you come during the summer the room will be soooo hot, and they don't have ventilators, so if you want good AC, i wouldn't recommend this hotel. The pool is tiny. There is no breakfast box or something like that if you have to check out early morning for a flight",0,NEG,train
1405,I normally stay in this hotel as it's close to my customers and a very nice place to be. Very outstanding this time was the warm welcome from Ferial in the front desc. It's a bit like coming home.,0,POS,train
1406,"Great room very smart design, lighting is very modern with plenty of custom options, a beautiful sunset view, shower and bath, great amenities (there was even a diffuser for curly hair), umbrellas when it's rainy, chargers etc. staff that day was very professional and knowledgeable, good breakfast, and plenty of restaurants around the hotel, soundproofing is perfect the hotel was full yet i didn't hear anyone else from my room for the price nothing to complain about",0,POS,train
1407,"Location, that was business trip. To close to Cuatro Towers. And very good room.",0,POS,train
1408,"I love it! Staff, facility, comfort, location, overall stay, level of professionalism, attention to detail....everything!!!",0,POS,train
1409,It's a wonderful no fuss hotel. It's clean and comfortable. The staff is friendly and accommodating. The bathroom shower sinkhole was always blocked causing water to flow out of the shower area. Maintenance department could be a little more efficient,0,POS,test
1410,modern building in a good location the air conditioner did not work and the staff did not care to fix it or give alternatives or explanations. in the middle of summer 38 degrees celsius and a scalding room with no AC is just not acceptable.,0,NEG,train
1411,nothing was special about the property the place wasn't very clean. also i was charged for extra bed however in my booking was included. the room was very small no place for 3 adults. and when i came to the hotel i took another room same exact room with only 480 euro and this one was with 714 euros.,0,NEG,train
1412,The hotel is getting old and they are still charging same price as a 5 stars hotel. the room was dirty and I have to go to the reception each time to claim this. I ordered meat and it was 30 € for a meat I couldn't shew ...,0,NEG,test
1413,"clean low maintenance, the furniture was overly damaged",0,NEG,train
1414,"1. The service attitude of the hotel reception is very poor. 2. The reception staff of the hotel is not skilled in business, and it took more than half an hour to issue invoices, and they often made mistakes. 3. The hotel's wifi signal is not good, and I am often disconnected when I have a meeting in the room.",0,NEG,test
1415,"Perfect sray before you hit the Airport. Supernice sraff . Excellent beds and matresses. Sometimes airport hotels are in terrible places, but the surroundings here are beautiful. I want to especially thank the staff of April 18th/ 23 bc they were so helpful and lovely after i missed my flight.",0,POS,train
1416,"The bathroom door didn't close at all. Therfofe, in order to close it, I needed to put the bin in front to keep it closed.",0,POS,test
1417,"For a one night stay before our international flight the next morning, the room size was fine. We were glad it had a mini fridge to cool our own drinks. It had adequate electric outlets, the bathroom was smaller, but sufficient and the bed was comfortable. If we had stayed there longer than one night, it would have felt a little too small. The breakfast was good and we found it's more economical to reserve a room with the breakfast included. From a customer service point of view, the front desk was always busy had a long line (queue) when we were there. We wish there had been a little map of the area so that the front desk attendants could have identified some restaurants to walk to. There was a good little restaurant around the corner that we found and we wondered why they didn't tell us about it. When we asked the front desk earlier, they were suggesting a mile walk to a shopping/commerce area on the other side of the freeway. (We prefer to walk, so the distance was not the issue.) The best part for us was the free shuttle to/from the airport. We would definitely recommend this hotel for overnight stays.",0,POS,train
1418,"Superb breakfast buffet, wide choice of dishes to suit all nationalities Shower leaked and needs an upgrade",0,POS,train
1419,The location near airport All fine,0,POS,train
1420,The restaurant food and staff were extremely good. The front desk staff on arrival were polite but on leaving they barely looked at me and were busy showing each other computer transactions That I had a heavy suitcase and I was given a room that you needed to climb 5 steps to. The bed was so tightly made that when you tried to get the top sheet open the bottom sheet all comes out. The aircon during the night had reversed itself to heat mode and the room was an uncomfortable 26c when I woke up. The room was right next to the entrance and therefore very noisy. There was no stand to open the suitcase onto.,0,NEG,train
1421,Location This hotel doesn't live up to NH standards. It seems as if the hotel was built hastily and shoddily.,0,NEG,test
1422,Checkin staff No aircon too far from airport,0,NEG,test
1423,"efficient staff at check in very noisey from the rd, couldn't sleep",0,NEG,train
1424,It was close to the airport. And they had a free shuttle that was nice. TV and bed was nice Bathroom had a smell to it like the toilet was backed up. Rooms were tiny. No real view of anything. I feel for the same price I could have got better accommodations at the Marriott close by.,0,NEG,train
1425,location/ staff / clean / nice room,0,POS,train
1426,Central place Loved everything,0,POS,train
1427,Good location good staff beautiful room,0,POS,test
1428,"The room was amazing The pool has a weird color, I wasn't sure if it was clean",0,POS,test
1429,"Location was excellent, lots of attractions reached on foot. Shops very close etc. Excellent size room and well equipped. Small pool top floor for those very hot days, enough to cool down, towels supplied. All good",0,POS,train
1430,Location was perfect Internett was not working . So much noise in the room becoz they are renewing . Could nt sleep . And we tell the personal at hotel they don nt try to solve the problem .,0,NEG,train
1431,It was a nice property the room was nice and clean. I told the hotel I was bringing two small dogs and they said they welcome dogs and there would be a small surcharge. When I checked in they said we don't accept two dogs in a room. He had to go and speak to his manager and came back and said they could stay and the surcharge was €25 per dog per night! That's not a small surcharge and I was fuming. I showed the email to them and pointed out €50 per night is not a small surcharge. I was close to asking for him to cancel the booking and going to find another hotel. I also asked on the email about parking and they told me there was a car park around the corner and there was a small charge. That was €30!!! I felt like I had been shaken down by thieves.,0,NEG,train
1432,"The location is ideal. My room was very small. My overall impression of the installations was that the Hotel needs an overall refit (slow elevators, small reception, charmless floors...)",0,NEG,train
1433,"THE HOTEL HAS NO PARKING. The information that there is parking is completely biased. If you enter the hotel's advertisement on booking, the first information that appears is ""parking available"". Later, on the same page the information is repeated. Only if you go after all the information about it do you discover that there is no parking. There are paid parking lots (36 euros a day - for me the price was irrelevant) close by. But to say that there is ""parking available"" is an untruth. It's as if any hotel in the center of a big city had parking available.... Because there's always paid parking close by. It turns out that this information harms guests. In my case, all I needed was parking at the hotel. A reception that assisted with luggage. And I didn't. I was traveling with my wife, my two children, one of them babies, and the two grandmothers. Various luggage. I trusted the “parking available” information. I had to stop at a parking lot 200 meters from the hotel and make three trips to carry everything I needed. This issue detracts from any positives there may be. The hotel is relatively good. We were well taken care of. Good shower. Towel rack. Great location. It just didn't have one of the most important items for me: parking. And the search in the app was for hotels with parking.",0,NEG,train
1434,ok location. the staff leave your room doors open after they are done cleaning and they don't know how to fix basic internet/tv issues.,0,NEG,train
1435,"Brilliant location, the most comfortable bed I had in Spain.",0,POS,train
1436,"Great room with nice decoration, friendly staff and super location. I dislike the fact that externals can have access to the pool for 30€ per day. However, if you arrive at the pool after 11h15 (pool is accessible as from 11), all seats are already taken by those externals. Meaning that the client of the hotels end up on a blanket on the floor. This wasn't my best experience as a client of the hotel.",0,POS,test
1437,"The staff were so friendly, the view from the roof amazing Absolutely noting",0,POS,train
1438,"First things first, the management and the team did an exceptional job welcoming us and making us feel at home. Very professional, knowledgeable and alert team. Thank you so Much Jaime, Mike and Ivan for the exceptional support and all the recommendations. The hotel is located in a very central location walking distance from Sol and all attractions. It has a modern vibe with a beautiful Pool and Skybar on top to enjoy a drink and cityname Views after a long day. The 403 room was charming and spacious. Overall, it's Highly Recommended and we will be back. Absolutely nothing 😊",0,POS,train
1439,"The vibe was amazing and at night there was a live show on the rooftop. Everyone is so friendly and helpful in this hotel. The welcome drink is only champagne, why not just one alcoholic drink.",0,POS,train
1440,"It should be stated in the Hotel's informations that is a LBGTQ hotel, very annoying for heterosexual people.",0,NEG,train
1441,Everyone was lovely and very accommodating The photos and booking.com listing are not at all representative of the hotel. Pool area is much smaller and more tired than what is presented in photos. This would be good as a party holiday but overall I was very disappointed with my stay.,0,NEG,train
1442,"The location is amazing and it's difficult to beat honestly. The staff was very nice and helpful, especially the front desk person (blue hair, I don't recall the name unfortunately). The breakfast was also very good and diverse. I'm sorry to say this but I didn't like the decor one bit. It looked like a cheap brothel. Our room advertised as double was so tiny that we couldn't even open our regular size suitcases on the floor or anywhere else. It was dark, felt almost like a cave and the bathroom was weird - without proper doors. The lightning was also weird, we had big pink neon over our bed that we couldn't turned off without killing whole electricity in the room. AC was barely working (105 degrees in cityname at that time), it was dying in the middle of the night. The roof top bar was overcrowded, literally flooded by chairs and loungers, it was difficult to move around.",0,NEG,train
1443,"the top roof bar it was to dark the room was not clean enough you could see dust everywhere, the shower was plugged so I have to take a shower with my legs apart to avoid having my feet under the stacked water :( all the main attraction around Barcelona are not waking distance. also no body have mansion it was a LGBT hotel and I don't mind it but I would've have someone to tell me about before I booked and check in and having my parents asking me were the I was staying because the main picture when they clicked at the name of the hotel showed 2 man's in a bed 🤣🤭🙈 and my poor mother almost have a headache..",0,NEG,train
1444,the staff super friendly is there a camera inside the room?,0,NEG,train
1445,The hotel is in really good location.,0,POS,train
1446,Fantastic comfy bed Everything good,0,POS,train
1447,Good location - excellent helpful staff - good breakfast Nothing really,0,POS,test
1448,The location of the hotel was fantastic. Close enough to the always busy Sol region but far enough away to be quiet at night. The staff were really friendly and helpful. Although they all spoke English they were patient enough to listen to my attempts at Spanish. The room was clean with a gorgeous balcony for enjoying a morning coffee or late night drink. Breakfast was great with lots of choice. The wine bar was closed for 3 of our 4 night stay due to holidays. I enjoy sitting with a drink in the evening before going out for the night and maybe a late night nightcap so to have this taken away was disappointing especially as it was not advised beforehand.,0,POS,train
1449,Location Not easy to arrive in the front with the Car,0,POS,train
1450,"Under bed filthy, very dusty, all bathroom towels old and greying, air conditioning not working, definitely not a FOUR star hotel. More like a 3",0,NEG,train
1451,Excellent location not far from everything you could need around Placa Sol. Very friendly and efficient staff. Good room size and loved our balcony. Good range for breakfast. The central air conditioning system was not on. We never would have booked a hotel without air conditioning. Really bad false advertising. We were given a variety of lies about why it wasn't working until we were finally told that it just wasn't being turned on. If the staff haven't been so good at talking us around we would have walked out immediately. Having access to fresh air from the balcony was the only thing that made our stage tolerable but even then we couldn't leave the doors open at night because of the noise from the cityname night life that continues until 6 am!!!,0,NEG,train
1452,poor customer service from most of the staff,0,NEG,train
1453,"Rooms were comfortable, clean and spacious Bar staff didn't exist so couldn't get a drink. Breakfast staff seemed like they didn't want you to be there",0,NEG,train
1454,"The location. The building. The hotel decided not to use air conditioning during winter and therefore... my room was at 27 degrees. Had to sleep 2 nights with the window all open. Noise and light all together as a consequence, of course. The lowest temperature I got was 23,5 degrees at 4am. This is February! Room on the last floor of the hotel. Unbelievable! The whole hotel was a heating place since you entered. Not using air conditioning is not saving money. Is giving no confort at all for the guests. Any car, shop, metro, bus or public building has air conditioning, but this hotel... only during summer (staff dixit!!!). Unbelievable even for environment balance & sustainability. We're in the 21st century pal's!",0,NEG,train
1455,gorgeous hotel to stay at with great views and a really good location,0,POS,train
1456,"Rooftop pool with plenty of seating and views. Incredible sunsets. Close to several attractions, train station, and some great shopping. Helpful, friendly staff. Porters were excellent. Limited water pressure in the shower and it took a few minutes for the warm water to come on.",0,POS,train
1457,"The staff could not have been nicer to deal with. The rooms were extremely clean and comfortable, with the room cleaned daily. The rooftop pool and bar area were fantastic with many sunbeds available. Sometimes there is a long wait for the elevators.",0,POS,train
1458,The location The cleanness Very quiet and spacious room Super international hotel Easy access to anything The staff The super pool The breakfast Nothing,0,POS,train
1459,Facilities and location great All good,0,POS,train
1460,"Location and rooftop pool My room was supposed to have a “garden view” instead it had a ventilation shaft view. Terrible! Also food was bad, some staff were rude and unhelpful. Some staff didn't speak English.",0,NEG,test
1461,"Location. Roof top pool was nice but you had to go and order drinks from bar. Very basic rooms. No bath robes, tissues, no mirror in bedroom, bidet as soon as you walk into toilet-literally!! Very hazardous at night! Lack of pool staff to order drinks. No offer of help with luggage. Safe broke and never got repaired but they were able to open it for us but very disconcerting if you needed to get valuables out in a hurry.",0,NEG,test
1462,"It was handy for metro and shops You could hear EVERYTHING in neighbouring rooms, every cough and sneeze. We had people talking on the phone until midnight. When we raised it with front desk they just shrugged. The pool is a party hang out not really ideal for kids at all: very very deep, everyone drinking and railings have huge gaps down to the street level so a little scary and very windy up there",0,NEG,train
1463,"The location of the hotel is great. We requested double room, and were accepted, however we got room with twin beds and basically no window. A window pas facing a wall and no sunshine. The pool was a little overrated.",0,NEG,train
1464,"Rooftop bar and pool When we arrived at reception the female staff member was very unfriendly and unhelpful, ruined our stay actually.",0,NEG,train
1465,"Location, friendly and informative staff Nothing all was good",0,POS,train
1466,"City Center location, sweet and comfortable room.",0,POS,test
1467,"Have stayed here several times. Clean, friendly staff and great location.",0,POS,train
1468,"Location was great. Staff were very hospitable, friendly and professional, we were checked-in in no time. View wasn't good at all (kept curtains closed to avoid seeing it). The aged building came with some quirks, like the sound of water running through the pipes, all day all night; not easy to sleep. You can also hear everything.",0,POS,train
1469,The receptionist was super nice. The location was ideal and the bed was super comfortable.,0,POS,train
1470,Nothing To noisy !! Walls are to slim so you can hear next room in your ear! Dated!,0,NEG,train
1471,"Location is great for city walking, but cityname has amazing metro, so you don't have to stay in center. The room itself is tiny but OK for city center. Breakfast. By far worst breakfast I have seen. Even breakfast in middle of nowhere in USA in roadside motel with probably me being the only residents was better. Breakfast - you are give a paper ticket (each day on reception) to visit attached cafe. Where you can choose from 4 options (none of them good or remotely filling). And you can spend more money there (I spent 4.8 EUR on bacon and scrambbled eggs - with no bacon at all). No refill on anything, no water offered. Just horrible waste of money. Check in experience - waiting for 10 minutes while the reception guy finishes talking with other customers in Spanish. Then - triggering to say even 5 words in english to us. Also i was forced to pay twice because of their internal error, and all before leaving, all on check-in.",0,NEG,test
1472,Room was very small and not all that clean. Very disappointed 😞 Location was excellent 👌 Most of all the cleanliness,0,NEG,train
1473,booking not confirmed no hot water in the room staff not pro.,0,NEG,test
1474,"Good location to the centre. There was a construction work being done in the next room, a lot of noise at 7am! Rooms being not fully cleaned, dusty. Small room, old tv",0,NEG,train
1475,The atmosphere was great really friendly very relaxed Nothing,0,POS,train
1476,Staff location Maybe as a hostel they need to think about the kitchen but it's not a big issue,0,POS,test
1477,Amazing location for visiting cityname also very safe and clean rooms one criticism i have is price of the beer,0,POS,train
1478,Great location No complaints,0,POS,test
1479,The hostel is near from all interesting places. The atmosphereis really friendly. Kids (and men who are still kids) will love the babyfoot and Xbox. The breakfast is realy good and lots of places outside to have dinner A small fridge in the room would have been great to keep fresh water,0,POS,train
1480,"Great location, right next to Gran Via. Breakfast was nice and not expensive. Really bad hotel staff and unwilling to help. We used the hotel parking, and asked if we could get in and out at any time, which they confirmed. On the one day that we needed to use the car to get to Parque Warner, there was a pre-planned construction invention happening in the parking, which we were not told about and no warning anywhere, and reception told us WE COULD NOT REMOVE OUR CAR. We had to BEG the construction crew to remove some stuff so we could get out. Almost lost our tickets and ruined our vacation. On a second occasion, to warm up baby food after 7pm, the receptionist told us to come to her, and she would use the microwave in the kitchen closed at that time. We did and everything was good, a second receptionist did the same, but the third receptionist refused to do it, even after I told him the whole situation. He made me go up to the rooftop bar looking for some cook that wasn't there, and when I came back down to ask him a second time, he did it instantly, which lets me know he could always could have done it, he just didn't want to and help me.",0,NEG,train
1481,"Private room was very spacious, especially for a hostel. - For some reason there appeared to be school children staying at the hostel for a camp/excursion. They were extremely loud and caused disturbances in the middle of the night. 2 nights in a row, they screamed and ran down hallways from 1am. I alerted staff to this on night 1 and was assured that the halls were patrolled at night, however this did not seem to be the case as the children were completely unsupervised again the next night. I understand hostels can be loud, but typically there are strict noise policies in hallways. - The hostel has a lovely rooftop, however all 3 days that we stayed here there were private functions being held. This meant most of the space was blocked off, so hostel guests could not use most areas of the rooftop. The food and drinks were also quite expensive.",0,NEG,train
1482,"The location is convenient, right in the city center. the staff is great. It is very noisy in this hotel, I could hear people banging the doors all the time, especially worse late at night like 2-3 am. In the morning, when cleaning staff cleaned the rooms, I could also hear the door banging, furniture moving sound. If you are like me, you need a good pair of earplugs to be able to sleep well. It was weird that the noise was also coming from the ceiling of the rooms if they are underneath of the rooftop party play. I get that, people come to cityname to have fun, and cityname does not sleep, but this is too much in a hotel.",0,NEG,train
1483,"It's clean and rooms are spacious. This is a huge hostel and most people don't arrive alone. There are no usual hostel facilities like a kitchen or events. They charge ridiculous amounts for everything other than the room, 5€ for a towel, 4€ for luggage storing etc. Bar is quite expensive. The staff is really cold.",0,NEG,train
1484,"location noise, small rooms and poor customer service from receptionist",0,NEG,train
1485,"Excellent stay and service would come again gaurav, chandan were excellent",0,POS,train
1486,The hotel is located at very convenient place.. There staff is extremely polite and helpful. i really loved the food they served. room were really neat & clean. will definitely visit the property again..,0,POS,train
1487,Amazing place definitely worth staying rooms were clean and well maintained.. Awesmm hotel... staff was managiing everything properly... food was tasty... thanks to all...,0,POS,test
1488,Excellent location. great clean rooms and toilets. good food and best staff. unbelievable price..,0,POS,train
1489,The location of this hotel is great.. Really loved the room.. pretty spacious as compared to rooms of other hotels in similar category. bathroom was pretty spacious and clean as well.,0,POS,train
1490,"Location Dirty, old furniture , very different form the pictures",0,NEG,train
1491,"Two staffs who works during night shift- Salman and Abrar Alam. Very supportive and kind enough. Cleaning not done, bathroom stinky and smelly. Full of dust and not cleaned. There is no window or balcony, it's completely closed building. Airport drop of car suppose to be in Museum, but still being used.",0,NEG,test
1492,Good staff There were no balconies or windows . Hence it felt like suffocating inside . The washroom was smelling as there was a birds nest above it. The breakfast was not delivered on time . Was given 1 hour after the order. The food was not so tasty,0,NEG,test
1493,"Location was amidst a very busy place, owing to railwa station nearby. It wasnt amongst a very family friendly place. breakfast was good. rooms were spacious The wifi did not work and no body bothered to look after it even after several reminders and complaints. The AC threw a bucket full of water, good thing was that an attendant was at the door to clean up the mess in a minutes time after complaint. there are too many better hotels in the vicinity.",0,NEG,train
1494,Customer service is very bad,0,NEG,train
1495,beautiful property. close to the airport. helpful staff,0,POS,train
1496,"We did not know how to use the coffee maker in the room and was asking for assistance. They came with great helped. Also, they have trained the staff and behaved professionally. Looks like now a days you are used good training student. We see value for money as these people help and make us understand the us of coffee machine.",0,POS,test
1497,"Close to the airport, but a taxi ride from T-2/T-3 will cost about 400-500Rs for prepaid taxis. Airport dropoff by hotel costs around 700 rupees. + Breakfast is very good. Both indian and continental options available. + Metro access to Delhi Metro Aerocity station on the Airport Express Line, just 300m walk. (connections to cityname station) + Wifi is very good. Rooms clean, safe and good value. + Staff at the hotel and restaurant very friendly and helpful.",0,POS,test
1498,Amazing breakfast. Allowed us to start our day perfectly. Each meal was a fun treat of trying different tasty Indian dishes and western. Good work out facility and great pool. Staff was incredibly helpful at every moment. Namaste!,0,POS,train
1499,"The hotel rooms are very comfortable and very well equipped. The rest of the hotel is beautiful and The staff at the reception in the morning could not have been more pleasant or more friendly. It is a stunning hotel and lots of facilities and useful extras in the room and the bed was super comfortable, so once we were in a quiet room, we had a good night sleep",0,POS,train
1500,"The room and bed were OK. The quality of cooking was good. The staff were unfriendly and non-cooperative. First, they challenged me that I had booked the room for 3 people. When I showed them proof from my booking.com voucher, they denied having seen that and claimed ignorance about the booking.com process and method of booking. I even told them I had paid extra for a premier room, but they replied that all their rooms were premier, so the premier option on booking.com must be a hoax. Then they told me that even though I had paid extra for including breakfast and dinner, that should only be for vegetarian food and I had to pay extra if I wanted chicken or even just eggs. When I told them there was no such rule written in the booking.com site for their hotel, they asked me that I should check market prices for such ""costly"" items and understand it was not possible to include such items in the included menu, even if I had paid extra. So I paid an extra amount for my food as I am not particularly fond of vegetarian food. Finally, I had found a cockroach in the bathroom and killed it. When I informed them, they denied it as if I was lying. I felt I should have taken a video for proof. Anyway, the bathroom was not very clean. The room was OK and big but a bit old and not very clean.",0,NEG,train
1501,"Liked · The room was very tidy and very well furnished. Everything worked an I the rate was good The hotel somehow wrote their own review of themselves and put my name on it. I was upset and disappointed by this and had to call up to edit and leave this review. Beware the location on the booking.com map incorrectly shows this practically walking distance to the the airport but it's actual location is well outside the airport. Check the address before booking. I also checked before I arrived if I could pay by card, they said yes but when I got there they said the machine was broken and had to pay cash. the room itself was good for the money though.",0,NEG,train
1502,"I'm not sure how a ""10 out now 10"" review of this place appeared under my name. What is going on at Booking.com? The owner was very nice, super friendly and kind and the front desk people did a good job. Sadly, there there was nothing else about this hotel that I would recommend. The room had damp feeling. It was on the ground floor with one window looking out on a very dark alley. It was not at all a comfortable place to be, not even for the one night I stayed before joining a tour leaving from another budget hotel that was much nicer in another part of the city. The upgrade which got me a dinner was not worth it. I could have ordered from the menu more economically. The food was served in the room. There is not restaurant. I didn't feel safe walking around the neighborhood on a side street near the airport.",0,NEG,test
1503,"Very cheap overnight stay close to airport. 24h check in (I think) One of those hotels where you try to touch as few things as possible during your stay. In need of renovation. I'm not convinced the sheets were clean, the room certainly wasn't. Uncomfortable memory foam mattress. Hot water requires that you turn the boiler on, we weren't given a heads up about this so had a cold shower in the morning. Staff were unfriendly. Windows look on to brick walls. I didn't dare turn the air con on.",0,NEG,train
1504,close to the airport and relatively cheap. staff is very friendly and helpful rooms are rather old and not well cleaned.,0,NEG,test
1505,"Good location, the rooms are comfortables and The staff very kind. 100% recommended",0,POS,train
1506,The staff was super friendly and helpful all the time.,0,POS,train
1507,"Great location. Friendly staff were so helpful , we arrived really early but they made q room available for us. They helped us organise trains to our next destination, so kind.",0,POS,train
1508,"The best part of my stay was the proximity to the location where I had to visit , breakfast and the friendly staff. Location of the hotel and food were excellent. Location Breakfast Friendly staff There were few Cockroaches in the toilet and also the toilet was not the best. There were few very old things which made it look little nasty. There were monkeys outside the hotel (this can't be controlled by the hotel , I can understand ) which made me little worried as I am scared of monkeys .",0,POS,test
1509,"Great location, great breakfast, good base for exploring Delhi.",0,POS,test
1510,"Breakfast was good for variety, taste can be better, hygiene was not maintained. I could see cockroaches moving around. Kitchen furniture is worn out and need massive repair. Location was good. Pl provide assistance on how to reach nearby places. dont leave it to google. Cleanliness, Kitchen furniture, Fragrance especially in Monsoons, Food taste, Hygiene, Pest Control a must, assistance on nearby places and how to reach, your tie up with booking.com has to be revisited to give proper choices for rooms with type of bed (King Queen, 2 bed, etc), Total Billing with GST, to avoid needless discussion, argument and frustration at checkin, manager was not responding the calls made for complains, Need to show responsiveness to requests / complains by the guest.",0,NEG,train
1511,"I like the support from Rahul and Rohith, they were excellent. They always were supportive, informative and made all they could to make our stay comfortable. The helper at breakfast location was also very good. The service given by the lady at front desk was awful, she did not want to make our stay facilitated. Due to her wrong information we were inconvenience in getting a SIM card and shopping as well. It was a disaster. Breakfast was not on time. Also the content was minimum, appeared to be sort of cutting corners.",0,NEG,train
1512,"It is very close to the VFS and Shivaji stadium. Also it is situated in a less crowded area. The security is good. Good is good. The staff other than the receptionist is very friendly and helpful. The rooms are not clean, the bathroom smelled bad. Also provided utilities are not clean. They did not provide water bottles every day. We have to buy it. The coffee creamer and sugar packets are provided only once and every other day we have to request for that. The room is not cleaned for our entire stay of three days. Although there was a television there was no single English channel. The receptionist girl is not very friendly. She has a very cold personality. It is not worth the money we spent.",0,NEG,train
1513,linen and towels were horrible,0,NEG,test
1514,Staffs were good. Rama kant was very helpful. Too expensive. Half the price you will get other hotels with same facility. In bathroom they will not give any shampoo.. conditioners or shower gel.. so pls bring them with you. And also there is no place to place them in shower so I don't know what you will do. You may not have wifi internet there...if you have it will be too poor quality to use it. Breakfast is very poor. They provide egg and bread mainly in breakfast so be mentally ready for that. They are seriously underhand... three person will do everything there. So if you need anything they may not provide you that in time. They breakfast persons are also working in house keeping and reception. Those three people work hard but it is really difficult for them to keep up the thing. During hot weather don't come here because shower water reamin hot all day and it will be difficult to take shower. Also though it is close from Connaught Place.. you have to walk 15 min to there as there is no transport outside this hotel. It is in distant residential zone where taxi is not available. If you have a car or uber then it ok. Too expensive. Should not be more than 25$ a night.,0,NEG,test
1515,"I have stayed at the property twice before and this time when I was coming down the other two options I was considering were Lodhi and Oberoi and somehow after the last two experiences here I just knew I could completely relax and not worry about anything going wrong and just being completely being taken care of with the best hospitality. And as expected even this time was absolutely stress free thanks to the best service the property provides and I mean the team and managers at the property need to take complete credit for this. The team that handled breakfast was an incredible team. Mr. Sanjay and Chintu always made sure we had everything we needed. The chef remembered that we needed dates to start our day from what we mentioned the first day and the next day it got sent to our table again and the chef also came to make sure we had everything. Also a huge thank you for the cake that got sent over to the room to kick start my birthday celebrations. Needless to say I think I'm gonna be a loyal guest every time I am in Delhi, without thinking twice about any other property.",0,POS,train
1516,Overall great experience with good hospitality,0,POS,train
1517,Great service! One critical point: the coffee ar breakfast leaves room for (serious) improvement.,0,POS,test
1518,"I liked the courtesy extended by the staff, one and all, good spread at the breakfast, we dined at the italian restuarant - was a good experience, at first the room was assigned was at the extreme corner of the hotel wit a city view, didn't like it, got it changed to a pool view, though again at the extreme end of the building, still did have a better with the pool view. Overall was a pleasant experience during our 4 days stay Nothing that I did not like",0,POS,train
1519,"staff at the hotel, breakfast (variety and quality) outdoor swimming pool quiet hotel and good mattress for sleeping artworks in the hotel No USB ports in the room to recharge my phone",0,POS,train
1520,No breakfast included. Surprising,0,NEG,train
1521,location front desk staff. very rude. no customer service.,0,NEG,train
1522,location. breakfast. staff attitude at front desk. rude at check in. no explanation on dining options. club room facilities. breakfast location. amenities and timings of hotel facilities. no knowledge of local area,0,NEG,train
1523,Location Access to taxi Rooms are not soundproof. So difficult to sleep at night due to sounds from other rooms (including flush sound from washrooms!!!) Room size is too small for the price you pay.,0,NEG,train
1524,very bad food had food poisoning left at 9pm on th day of check in,0,NEG,test
1525,"PERFECT LOCATION AND STAFF!. Very good please, recommended! Everything was perfect!",0,POS,train
1526,"Really nice welcoming reception, nice staff, good breakfast, nothing else to Say, clean sheets, nice room. Wonderful stay",0,POS,train
1527,"The location of the hotel is very strategic and easily accessible. This is a brand new hotel, so all the amenities are clean and nice! The managers, Amar and Mohamad, gave us a decent service, they will always be on the laptops. Baskar, the bell boy, was super helpful, and he was a gem! There was almost nothing to dislike about this hotel; everything was nice and decent. The front desk manager is highly concerned about your good review.",0,POS,test
1528,"Nice clean rooms, very prompt & helpful staff, good breakfast, food taste was excellent, convenient location walking distance from metro station and close to cityname station also, overall excellent stay Room was bit small, some construction making path from metro to hotel bit inconvenient, food variety for dinner could be increased",0,POS,train
1529,Over all good experiance Work was going in another room--Lot of sound and disturbance.,0,POS,train
1530,Breakfast is awful. Location is in the dump Everything,0,NEG,test
1531,"Breakfast was good Cleaning: we found a pair of slip in the toilet, and they then put them in our backpack when we were out. Organisation: we had to change room during the second night",0,NEG,train
1532,Just the staff workers were nice and helpful Everything other than the staff was pathetic,0,NEG,train
1533,"The minor staff was helpful and supportive. We were a family of 6 adults and 2 children where we booked 3 rooms and the rooms were given on 3 separate floors. When we checked with the management staff was not willing to allocate at least 2 rooms on the same floor even when the availability was there. The ACC was not functioning properly in 2 rooms and had to call multiple times to ask for a fix which ended up with nothing, finally a room change was given to 1 room 15 minutes after midnight.",0,NEG,test
1534,"I was moved to a different property due to some issues with the room. They should have informed this earlier, so please watch out for such issue.",0,NEG,train
1535,It was quite good location and staff was very friendly. Nothing at all.,0,POS,train
1536,"Normal room, but sheets and pillows had marks from previous guests on them. Unexceptable, they need to make sure to put in new sheets rather than use old ones that are marked. Other than that the stay was good tho, the staff were great and the food was really good",0,POS,test
1537,"Staffs are amazing , on front desk Mr Azhar and Juned are best , their friendliness and happy face makes feel like home Need to consider for cleaning.",0,POS,train
1538,"Location,Bar Need some Maintinance",0,POS,test
1539,Location and Service crowded area,0,POS,test
1540,Room was spacious. Had sofas and a table. Cleanliness was missing. Wifi was not working at all. There was an eerie smell in the room when we entered.,0,NEG,train
1541,"Nothing, only staff were helpful. Rooms, blankets etc.",0,NEG,test
1542,Staff was very nice There is food totally bad and room is very bad smelly and the bathroom was also not good,0,NEG,train
1543,- The rooms did not look the same as the pictures - condition of bedding / towels was not good - general room condition was poor,0,NEG,train
1544,"The bed was ok and the room was spacious The rooms are in conditions way worse than the pictures, they are not properly clean (not even towels and bed linen), you can find small cockroaches in the bathroom, which doesn't smell good and half of the plugs don't work",0,NEG,test
1545,very good i really enjoyed my stay here thanku mahesh we definitely come here again,0,POS,train
1546,"Very neat clean and spacious hotel..... The hotel is at main road, at a location visible from all around. Nice entrance, rooms were very good. The manager and the staff was helpful. Nice Cozy place, in house restaurant Good Food.",0,POS,train
1547,Nice experience while short stay. The rooms are good and price are reasonable r its ok because the rooms are well maintained. Behaviour of the staff is quite nice.,0,POS,train
1548,"The rooms are spacious and have nice finish. Overall Neat & Clean property and Clean Amenities like linen, towels etc. Food is good. Good for overnight stay.",0,POS,test
1549,"The Location is Excellent: Very near to the airport. Taxis are easily available (I tried at 3.45AM). I requested front desk for a quiet room and I was provided room on ground floor, which was clean and quiet at night. The AC was working well and hot water was available too. The washroom was clean too. Had a good sleep, as had to catch an early morning flight. Recommend this property to the travelers seeking a short stay for flights. The only negative is that the Airtel signals were very poor in the room and had to go out for a call. But, maybe the other networks work well. Rooms need renovation. However, they are good for a night stay.",0,POS,test
1550,"we stayed in the hotel for two days in two rooms.There were no sufficient toiletries in the washroom.Wifi was not working.Even though we complained,no improvement.The pictures shown is not actual reception picture .Complimentary water was provided only on request for two days.once the water was not in a sealed bottle also.overall was a bad experience .There was no value for money.",0,NEG,train
1551,Nothing Everything was over charged and didn't meet the expectations,0,NEG,train
1552,The staff support The bathroom,0,NEG,train
1553,"Bathroom are dirty flush not working not clean room is satisfactory, not a single window in room Everything, staff not help full when I adjust at the time of check in bathroom is not clean, they said we can clean now, I said you change the room, they said we are totally full.",0,NEG,train
1554,Bathroom was dirty. Towels were bad. Only location.,0,NEG,train
1555,"Beautiful location with lovely staff. Just from my prospective, the speed of the Internet could be more high.",0,POS,test
1556,Location & Size of the property Outdated interiors,0,POS,train
1557,"Good spread , good and polite service. Bathroom doors need proper fixing.",0,POS,train
1558,Excellent n brilliant There was leakage from glass shield in shower,0,POS,train
1559,Great location 5 min from all Embassies. Diplomatic district bit strong cold aircondition,0,POS,train
1560,No justification of money It's handled by the persons who does not care for properly,0,NEG,train
1561,Food morning bf should keep proper way Food juice etc v bad,0,NEG,train
1562,The hotel needs renovation,0,NEG,train
1563,Location Price and service,0,NEG,train
1564,location indifferent staff.,0,NEG,train
1565,"Everything ! Food, Vibes, Hospitality ! Nothing",0,POS,train
1566,Location of the hotel Breakfast was very good Staffs was very attentive -,0,POS,train
1567,"The location is really good and the breakfast was very good. While checking out, I was told by the staff that I can buy hyatt merchandise online, but later found that I can't.",0,POS,train
1568,The fluidity of the space the friendly and discreet staff The passage to the rooms was like a maze.,0,POS,train
1569,"I arrived early in the afternoon and left very early the following morning. This was a very comfortable layover in between two long flights. The Andaz is spacious, modern, comfortable and well kept. A very nice-size room with inner yard view, with a large table to do some work at. A great gym and a nice outdoor pool (although too hot!). I had dinner at the restaurant and it was delicious. The Gin bar is a small gem....:) A very good place for when you need a good quality airport hotel. Excellent shuttle service too. - hard to find anything negative as it was a very short stay and really enjoyed it.",0,POS,train
1570,location is good blaring music in the middle of the night staff calls at the middle of the night to clear utensils even though we told them we had a sick child,0,NEG,train
1571,The location and the cleanliness The aircon wasn't working and staff did nothing to help after few too many phone calls we got a table fan at 4am and we had a early check out at 6am and all we got was 'sorry for the inconvenience' from the staff which does not make up for our sleepless night as the temperature was too hot in the room.,0,NEG,train
1572,Location only Everything...Is is not concept by Hyatt...,0,NEG,train
1573,"Room was spacious and comfortable. Food was bad, ordered green salad for in room dining I got stale tomatoes, contacted resturant to change unfortunately when they bought green salad I had same issue. There options for midnight carvings are very limited.",0,NEG,test
1574,"Food was excellent We were provided room on the 6th floor, the AC was not working in the room, even after multiple complaints not much was done, after one hour our room was changed and we were given a room on 4th floor. I was traveling with my family and we had booked 2 rooms, one was higher category than the other and the higher category had the AC issue. Then I was asked at the time of checking the reason for our stay and told them that it was my Dad's birthday, they said that they will arrange something at the time of out checkout the next day which never happened. I mean atleast don't promise if you can't do it, I didn't expect it in the first place. We wanted to go to the Italian restaurant and the way was really confusing and at one point we had to cross the entrance of Khubani and I must say the entry staff of Khubani are the rudest people we have met, they asked us to go all the way out to cross the path as it was their property, we tried telling them nicely that we just needed to cross and in no way we are entering Khubani, it's just the path we need to cross but the female staff was literally yelling at us. We felt highly insulted, finally one staff let us go, my sister was about to cry. It was by far my worst experience, your staff is roaming around like headless chickens, and Khubani (if it is Part of your property or not) should have more courteous staff, their behavior was uncalled for. One more thing even after confirming that the food bill can be posted on the room, your coffeeshop guys did not agree and I had to settle the bill right then and there, ideally no issue for me to settle the bill, but it just created a weird atmosphere when i am hosting the dinner.",0,NEG,train
1575,"perfect location , staff is very kind and helpful, very clean all was wonderful",0,POS,train
1576,"Great place to stay if you have to catch a train early in the morning! Very clean, lovely comfortable bed. Very simple but functional and safe. I think the breakfast could be included in the current price",0,POS,train
1577,"All amenities, staff, convenient, clean, comfortable internet not working very well,",0,POS,train
1578,location. friendly staff and very helpful. none,0,POS,train
1579,"The workers were very kind and helpful. The breakfast was delicious. The rooms had everything we needed and the water was hot. We work online and didn't have any problems with the internet. The location wasn't our favourite, but that's about what is expected for that price point. For how affordable the place is, we can't complain",0,POS,train
1580,"The staff were helpful and friendly. The location was very busy and not safe for women. The room was not very clean, there were insects all over the bathroom. Would ideally like a full refund.",0,NEG,test
1581,"Nothing much to like. Breakfast was ok. Room extended immediately upon request. Location is super bad, no cabs available, No food services after 9:30pm, rooms are very small. Courtyard is not of any use. Rather use that place for larger rooms. Breakfast should have better options or rather different food items everyday.",0,NEG,train
1582,"Well, this is my 1ST NEGATIVE EXPERIENCE/REVIEW SINCE I STARTED TRAVELLING in 2011. To keep it short: No matter, how good of a Hotel or Rooms you build, you don't serve stale breakfast and have a mosquito in drinking water for the guest with the responsible staff not caring much about the immediate feedback.",0,NEG,train
1583,1. Hotel staffs are very cooperative and friendly. 2. Comfortable soft bed 3. tea & coffee available at common place 4. open area inside hotel compound 5. Not noisy 1. Expensive since I booked it outside India. 2. transparent glass panel next to door. it compromises privacy if somehow that slim curtain moves 3. Breakfast not good. 4. no window,0,NEG,train
1584,Location and F&B staff. They really need to work on their reception and housekeeping staff. As they all are just focusing on forgeiner's just to get some extra tips.,0,NEG,train
1585,"Nice room, staff are very nice and friendly to me. My room was cleaned everyday without asking them : ) It's very near to the tower, I walked to it directly. It's really just next to Seine! And the bridge in movie INCEPTION is also next to it! I'll recommend to my friends who will come to cityname ! nothing",0,POS,train
1586,"So close to the Eiffel Tower and straight across the road from a train station. Shops and restaurants all around, couldn't ask for anything better.",0,POS,test
1587,good location and traffic transportation Sound insulation effect,0,POS,train
1588,it is so wonderful to have a staff called Will(abbreviated) always so helpful and kind and patient! we also are very impressed about the location which help us to go no matter by train or by foot are all convenient !,0,POS,train
1589,"The Air Conditioning was great, must have in July! Very clean and comfortable, staff very friendly. A great location.. great restaurants within a few minutes walk. The Eiffel Tower was a few blocks away. Highly recommend!",0,POS,train
1590,"Location Dirty rooms, carpert filthy",0,NEG,test
1591,"Location The ""superior"" garden room was like sleeping in a basement. Carpet was stained and disgusting. Two front desk staff -- one very smug and with big attitude. Overall negative vibe and experience. Not as advertised online. Disappointed and was not a good value. Would not recommend.",0,NEG,train
1592,"The staff were very nice and helpful with directions. The room was too small, the bathroom was right by the bed hardly any space to move and the carpet was filthy. The elevator was so tiny enough for only two persons with a small carryon. The corridor was very narrow. Everything is screaming for a renovation. The price through the hotel was 219 euros per night we paid 260 euros through booking.com which was a ripoff. Not at all happy or satisfied either with the hotel or the App “booking.com”. I do not suggest both to anyone.",0,NEG,train
1593,"Having been in cityname a few times, I have learned that location is key. This is in one of the best places in my opinion as far as location. 10 minutes walk to the Eiffel Tower, right next to the metro, sits off of the bank of the Seine River, one of the most magical and most famous places to take pictures around the tower. The hotel would have been better with AC, if this isn't an issue for you. then you will be fine. the staff is great. the Lao action is fantastic and there are lots of places to eat right outside of the hotel. not very clean. AC is broken, very very small rooms.",0,NEG,test
1594,"central cityname . the specific location is in a very busy, grunge portion of the city. did not feel safe at all. would not recommend this property at all",0,NEG,train
1595,"It's actually quite a big hotel with spacious lobby lounge. The room has decent size too. Personally I think this place is much better than what is is represented in the picture. Also, it has aircon in each room which is really nice. The entrance can be quite dark at night.",0,POS,train
1596,Perfect location for Metro into cityname Center,0,POS,train
1597,"The bed in the room was very comfortable and the whole hotel was very clean. The location was excellent, having access to a museum, a park and a range of shops and bakeries.",0,POS,train
1598,"The expectations were a bit lower as we noticed people saying that the area is not the best. Even though the hotel is close to the highway it is very quiet. The rooms are in the cityname range, so do not expect a large one, however, is enough for a trip. The area is very nice, there is a park over the street, a museum nearby and plenty of restaurants nearby. Metro station is also 3-4 min away. You have to pay 16 EUR for breakfast, but for that money, you can have a better one at the restaurants in the area. The hotel is pretty far from the main attractions, but this is something that you assume when you book a room here.",0,POS,train
1599,Staff were nice and helpful. Nothing I didn't like.,0,POS,train
1600,The rooms were nice There was a leaking floor which I found quite dangerous. And nothing was done about it just a cautious sign out there,0,NEG,train
1601,"Only Location Room was too small, we can not move. No storage place , no kettle .",0,NEG,test
1602,"The hotel is clean from the inside. The staff are mostly nice. The location is good, 5 min walk for Metro. Air conditioning in room 255 is not working. No fridge, no phone to call the reception, no air exchanger in the toilette. We were suffocating for 3 nights. Every agent in the reception was just taking note aside. Maybe they went to check, but nothing changed. You pay all your stay upon arrival & no refund was made for us at the end of the stay for that inconvenience. I've been asked to send an email to the manager. Hope he will do something for that because that was not acceptable. I've paid more for this hotel because it is supposed to have an ir conditioner, but this is what we got, unfortunately with the hot wave in cityname we got this week. We are very disappointed",0,NEG,train
1603,"The room was clean. The bed was quite comfortable. Bad security and the manager was super rude. The staff made a mistake and check me in to the room that still had someone's backpacks inside. As I was concern about the security issue, the manager/supervisor said it's not like he can sleep in front of my room to ensure my security. Very disappointing service. Bad mindset on how to treat a customer when there is any issue.",0,NEG,test
1604,"decorate was lovely 1st room had no air conditioning that worked properly. floor8! they moved us after have to go the desk 3 times. then the second room had a leek through the air conditioner unit, the carpet was when, by this time it's was 12 o'clock midnight! staff didn't want to do anything. I told them to put us in the old room. the situation was very unexceptionable! no respons from staff, not even sorry!",0,NEG,test
1605,"I stayed in hotelname for 3 nights with my teenage son. The Hotel is clean and stuff was always friendly Breakfast consisted of one Baguette and One Croissant for each person as well as Cereals, coffee, juice etc. There is a machine for bottled water, Coke etc next to the reception It is very close to a metro station so you can get anywhere easily! There is no decent Supermarkt close by so make sure that you get everything sorted somewhere else.",0,POS,train
1606,"Very clean, very comfy, good value for money, staff were great Still haven't got 200 euro bond back yet but that could be due to the bank",0,POS,train
1607,It nearby train station. Surrounding place quite ghetto. Need to be extra carefull with stuff.,0,POS,train
1608,Great location for us; a one-night stay in cityname and with an early morning Eurostar. Rooms were clean and if you stayed out late there was a nightperson to let you in.,0,POS,test
1609,"clean, comfortable and relatively spacious room - great value for money. Friendly helpful staff. Thank you Joy and Lucas!! location felt a little unsafe at night",0,POS,train
1610,Not much at all! One staff member was so lazy. I upset him because I wanted to go outside for fresh air at midnight. I had to wake him up and he stood at the door until I came back inside. Aircon was terrible and room was way too small for 3 people. Waited ages for breakfast as he said he didn't know we were waiting to be given a seat. A very dodgy area too.,0,NEG,train
1611,"It's located close to Sacre Coeur, an attractive highlight of cityname and Gare du Nord which allows a fast connection to the airport. The hotel is requesting in addition to the cost for the room a safety deposit of 150 Euros. I have stayed in many hotels around the world and have never experienced such a practice. In my case I not only did not received my deposit back once I left the hotel room in good conditions. Furthermore the same amount was credited a second time to my card. I assumed that this was a mistake and informed the hotel accordingly. I gave all evidence, but the hotel is not paying me back the double paid deposit. A very unprofessional and disappointing manner to treat the customer.",0,NEG,train
1612,"Breakfast was pleasant. Where do I start? The local area was unsafe, gangs of young men harassing women, the local metro station was too unsafe to use. The hotel itself was structurally of poor upkeep and repair. It had been decorated in parts but this didn't detract from the general poor quality of decor and low quality fittings. The building didn't feel safe. There was no lift, the only exit was via a winding, unstable, spiral staircase, in the event of a fire this too was the only way to escape. The staff were generally unhelpful, borderline rude or nowhere to be found. Although I paid in full before my arrival I was also told on arrival to pay a 150 Euro security deposit, this had not been mentioned in any previous correspondence, I was told it would be refunded on departure, I haven't received the refund yet.",0,NEG,train
1613,location good. room too small. wash basin was tiny. of nonpractical use wash basin was too tiny. cant even wash face,0,NEG,test
1614,"Location is really close to main train line so easy to get to all the main locations. Bathroom was decently sized - good shower and heated towel rack. Wifi had good connection, provided with individual log in codes for both guests. Lots of street noise, in a very busy neighbourhood (but not surprising considering how close it is to the train line). When we arrived, we were asked to pay the city tax in cash - we were not provided the option to pay it by card but regardless, we'd already paid it online through booking.com which I had to show the invoice for to prove so this seemed a bit sketchy - at the other hotel we stayed at on this same trip, we were offered the choice to pay it by card so this added to my discomfort of being asked for cash at this location. The bed was also uncomfortable, one side of the bed was lumpy so difficult to get comfortable.",0,NEG,train
1615,The staff and the location were amazing,0,POS,train
1616,"Very modern, confortable and clean hostal.",0,POS,train
1617,"Everything went well - the hotel is easy to find, the reception staff pleasant and well organized. The room was clean and comfortable. The system of sheets/towels is understandable at this price and a good way to define the culture of the hotel. Can't think of anything",0,POS,train
1618,Great location One shower and the toilet for three shared rooms,0,POS,train
1619,"Very nice staff and clean room, clean bed. The shower smelled very bad and may need cleaning.",0,POS,train
1620,The location was excellent. Near to all the touristic zone of cityname . The room smelt pretty bad and the checkout time was too early.,0,NEG,test
1621,Location was good and close to all the attraction No AC !! It was a nightmare !! I never got any sleep due to the horrible heat in cityname . With no AC and a fan it was impossible to get a restful sleep. I end up sleeping at a park during morning day. Staying at 6 th floor was awful,0,NEG,train
1622,location and clean hostel but couldn't sleep in the night during August time (without fan and lot of mosquitos) several factors to be considered- 1) 10-4 you can't use rooms and you have to be remained outside 2) no fan provided 3) since it's near to river - lot of mosquitoes disturbed in the night 4) couldn't sleep - travelled with my 2 daughters xx,0,NEG,train
1623,"The structure of the hostel itself is good and clean. The room was extremely hot, it was impossible to sleep, no air conditioner, no fan, the whole room was smelling so bad. There was no plug for the charger near the bed, and any movement on the bed makes a lot of noise.",0,NEG,train
1624,location within the city there was no soap in the bathroom to clean my hands or soap/hair detergent in the shower,0,NEG,test
1625,"The hotel has a beautiful interior, the room was clean, and the breakfast was perfect!",0,POS,train
1626,Nice and clean,0,POS,train
1627,The stuff was very understanding and willing to help. We arriveed very late in the night because of delays and the guy at the reception was very kind. We also asked for a tea outside of breakfast for a friend that had a sore throat and they helped us. It was very kind. The position is a bit far from the center but nonetheless with a taxi you can reach it easily. It really wasn't a problem at all for us.,0,POS,test
1628,"Very good, everything is good specially the delicious breakfast.",0,POS,train
1629,Breakfast was nice Staff were polite and amazing Accondation fdacilities were awesome and clean Ebrythubg was perfect There was no rush,0,POS,test
1630,"none all, except the subway station proximityNo good sleep",0,NEG,train
1631,"Lounge area and buffet breakfast was fine. Room was much smaller than family room looked online. We were expecting a seating area, table and chairs. We got 4 bunk beds as expected and 1 seat at a bench to share!",0,NEG,train
1632,"attitude of service personnel no air conditioning,no windows, the room has a big smell",0,NEG,train
1633,"Staff were professionals. Location, breakfast, cleanliness",0,NEG,train
1634,"Good price. Close to the Peripherique, parking on the street was free on Sunday evening. The room was too warm, no air-con, the window did not open. Got one bed instead of two separate beds. Reservation for parking wasn't possible.",0,NEG,train
1635,"Location of the place, could walk to everything.",0,POS,train
1636,"Clean and cozy. Staff was very very friendly and helpful. Would recommend this place anytime. The bed was a bit hard and no window blinds, only curtains. We stayed on the first floor so we constantly had our curtains pulled so no one could see inside. This made the room dark and we had to use lights even though the sun was shining outside. However this is complaining on a very high level, everything was perfect.",0,POS,train
1637,The people that work in the hotel! They are sooo nice!,0,POS,train
1638,The location of the hotel was perfect for my needs. It made it easy for us to travel around cityname and do the things we wanted to do. Every time we came back the hotel the staff were friendly and helpful and we really enjoyed our stay there.,0,POS,train
1639,It was comfortable and it wasn't cold at all. There is a tv and a fan.,0,POS,test
1640,"Good location Too hot to sleep in the summer. Even with a fan on all night. Room was small and on the top floor with a flat roof so was absorbing heat all day and wouldn't cool at night. Had to cut my trip short as wasn't able to sleep in the heat. Tried to switch rooms but desk staff said I had to speak to English speaking staff, however the few times I went down again to try and sort it out there was no English speaking staff. I feel like I really should have a refund as it was my worst ever hotel stay and had to cut the trip short and get home earlier at my own expense. The bathroom was smaller than expected also. It was a cupboard wet-room. Toilet was integrated into the shower",0,NEG,train
1641,"The hotel has no lift or elevator, the stairs horribly steep . Lighting in room very disappointing. The bathroom was like a swamp as the drain was set too high in the floor . And tiling looked like a homemade job . No proper ventilation in my room and hotel signage was not illuminated at night when I arrived . A disappointing start to my stay in cityname Shower had bad tiling and the whole bathroom flooded",0,NEG,test
1642,"Location is great, next to 3 metro lines and many restaurants, bars and cafés nearby. Check-in process was a nightmare. I was only able to chek-in after 6PM, while the normal time would have been 4PM. Apparently this is their normal treatment with customers, so avoid this hotel if you're arriving early in cityname . Room is too small and the bathroom has no division between shower and toilet areas.",0,NEG,train
1643,"staffs are super helpful , polite and great my room bathroom drains was blocked I informed the staff nothing was done , on the second day of my stay hotel has electricity fault and the whole hotel had no electricity, staff informed me it was due to the rain it was not fixed until past 10pm in the night and I had my 1 year old child so it was difficult for me staying out as there was no electricity electricity in my room it was a terrible experience, I was offered free breakfast next day crossiant and glass of juice",0,NEG,test
1644,location. many restaurants and bars just outside. it was too minimal for what we paid for it. bathroom didn't feel very clean. one of the lights flickered. no lift.,0,NEG,train
1645,"Small but comfortable and quiet room, clean, very central position suitable to discover cityname by foot, very good breakfasr, friendly staff",0,POS,train
1646,"Absolutely amazing! Very friendly staff from the moment you walk in the lobby, to the last second you leave. Would be my go-to hotel when we visit cityname .",0,POS,train
1647,"Nice, clean & modern Breakfast -",0,POS,train
1648,It's location The sink in the room,0,POS,train
1649,"Clean. Central. Very helpful staff, great rooftop bar Nothing",0,POS,train
1650,Have not had a chance to for breakfast Location wise is good Staff was giving me the room super small room untill we cant move and very difficult monilization for old people. Finally they move us to another room which is bigger but the batroom facilities when i request something many tmes they promises to bring up to the room but untill i check out never happen and no other futher information .,0,NEG,test
1651,location Clean towels and blankets and the room does not have a refrigerator,0,NEG,train
1652,location rooms were smaller then what I booked and paid for,0,NEG,train
1653,"bed and tech cleaning, smell from the toilet, no cleaning and not enough information",0,NEG,train
1654,"location size of the room No room service no gym, sauna, swimming pool,.. too expensive",0,NEG,train
1655,"We travel often; our primary consideration for lodging is location...everything else is subordinate. hotelname 's site for us was perfect--a four-minute walk to the River, Notre Dame, the Isles, and any number of lovely eating establishments. As a bonus, we had a wood pigeon nesting on our balcony! In short, we could not have been happier.",0,POS,test
1656,Interesting decor. Friendly and helpful staff. Great breakfast and value for money. Great location. Nothing,0,POS,test
1657,"The location is perfect near Notre Dame. There are many cafes and it's convenient to get anywhere. My favorite part of cityname . The room was good size for cityname , bathroom was very clean and functional. Staff were very nice and helpful. There was weird smell every time we entered the room, I think it was the carpet.",0,POS,train
1658,Location and staff Small rooms,0,POS,test
1659,friendliness of staff,0,POS,test
1660,location is nod bad. there are restaurants around the hotel and there's a bus stop and a metro station within 10 minute walk. rooms are really really small. the rooms that are not facing the road are very very dark because the windows face inside the hotel.,0,NEG,train
1661,"The location was great.Nice to have a kettle in the room. I didn't think the sticky marks in the bath, traces on the scatter pillows or the dirt on the remote control. The rooms are quite small",0,NEG,train
1662,Extremely noisy and small room.,0,NEG,test
1663,"It was very noisy, felt like staying at a hostel and sharing a room with everyone staying on the same floor. Walls were very thin and you could hear everything..",0,NEG,train
1664,"The location was right near the river and within walking distance of many of cityname ' iconic sights. I could hear the Metro coming and going and I was on the 4th floor. Also the bathroom smelled of piss. The shower had this jenky glass partition that leaked all over the floor causing a lake of water around the toilet. The pedestal sink had no place to put a hand towel or toiletries. The elevator was so small only one person could fit inside it with a backpack. The night staff was rude when we checked in and couldn't explain the bill telling us the total cost was for one night rather than two. It was very strange. And the television was just for show, either the battery was dead or it didn't work.",0,NEG,test
1665,"Professionalism of the staffs, Security measures, C-19 social distancing measures and indications, Geographic localisation and no noises. No thing",0,POS,train
1666,Tasty food with good variety and clean facility,0,POS,test
1667,"The breakfast options were awesome. in general the decor, the staff was exceptional the traffic around this place .. there was a perpetual traffic jam throughout the day",0,POS,train
1668,"Great location, right beside train station and local restaurants. The staff were very friendly and the hotel was spotless. It also served a very tasty breakfast with lots of choice. The bedroom was extremely tight for the 4 of us. We had a large double bed with a sofa bed for our two children. There was not much room to move about with the sofa bed extended, but the view from our room with the large window was amazing and it was spotlessly clean.",0,POS,train
1669,"Modern and beautifully done. Very clean. Great hairdryer. Really nice products in the bathroom (shampoo, conditioner, shower gel & moisturiser). Brilliant breakfast. Great for the kids -they had a play area with games (connect 4 and chess). The staff were good and gave the kids little treats (chocolate bars). Great location right by the metro and great if you are travelling onwards from Gare de Lyon. We also paid for the view and loved seeing the Eiffel Tower throughout the day and night. This is nitpicking but very minor gripe about the shower screen not completely stopping water going on the floor.",0,POS,train
1670,"It was clean. Beds were uncomfortable, way overpriced for what you get. Location was to far away from city centre. Extremely busy area traffic wise. Staff weren't helpful.",0,NEG,train
1671,Great spot with great views. Realised there was a wet stain outside of the bathroom (about the size of a bath mat so significant) after I had checked in late at night and was ready for bed. I didn't want to change rooms as I had an early start. Reported when leaving which was a mistake because the hotel lost interest in me once they had my money. Mirror was filthy with someone else's toothpaste. Unacceptable for the cost and disappointing to have been promised a response from the manager. Tried three times to get some resolution - no response at all. Never received a copy of my receipt.,0,NEG,train
1672,"Centrally located to shops, subway, and cafes. Staff failed to address refrigerator and ice maker issue. Toilet seat lid was broken on toilet. No care from staff after several reports to attend issues.",0,NEG,train
1673,great breakfast variety. great hotel location. new and clean facilities Very late check in even past the time that was written. Huge traffic on the elevator in the morning. Tried to charge breakfast twice while it was already included in the booking.,0,NEG,test
1674,"Nothing special to be happy with. Poor service, impossible to get any support from the room service. Poor follow-up by the staff. Poor English and the worst breakfast for its valise for money. A very commercial hotel.",0,NEG,test
1675,perfect location to walk around the city. amazing room. professional and very kind staff (a further remark to the concierge service: day by day they helped us in making unforgettable our stay!). we will return..for sure!,0,POS,train
1676,"As per usual, the stay was exceptional. Perfect location, in the heart of cityname . Luxurious rooms with new, modern furniture. The rooms and bathrooms were cleaned everyday, and sweet treats were left for us on our beds. Every year we visit cityname , we insist at staying in your hotel! Feels like home each time we visit. Special thanks to laeticia for offering us a free upgrade for one of the rooms and her colleague for providing us with a smooth check-in, hassle free. Sofitel Le Scribe is one of the best 5-star hotels in cityname . Nothing.",0,POS,train
1677,"the location was amazing, the staff was superb and very helpful",0,POS,train
1678,Friendly and helpful staff,0,POS,train
1679,The room was incredible and the breakfast is definitely worth trying. Staff very professional and great room service,0,POS,train
1680,"The room size was really small and there was no safety box at the room. Also, the hotel shutdown the electricity at one night for 5 hours due to maintenance and they charged us full night which is not fair. i am really disappointed.",0,NEG,test
1681,"at 12 20 am the hotel makke test for electric which take 3 hours no elevator, my room in the 6th floor, 5 stars hotel",0,NEG,train
1682,"breakfast in a dark basement , and unprofessional staff. price too high for the quality of the room",0,NEG,train
1683,"Location Summary: This is for sure not a 5 star hotel, more low to mid 4 star hotel. If you want a 5 star hotel with clean and fresh rooms, good restaurant or any kind of decent service, you should definitively not stay here. I will not come back here or to any other Sofitel hotels again.",0,NEG,test
1684,i have been coming in a regular basis for 2 years now for business purposes and this was the worst welcome I had so far and will not come and stay there anymore i have been coming in a regular basis for 2 years now for business purposes and this was the worst welcome I had so far and will not come and stay there anymore,0,NEG,train
1685,"We loved the room and the facilities exceeded our expectations. The breakfast is amazing!!! The staff provided exceptional service and were always willing to help, they go above and beyond to ensure that the customers are happy.",0,POS,train
1686,Location Very small bed,0,POS,train
1687,"The location of the hotel is good, very close to the central station. The room was clean, we liked the breakfast spread.",0,POS,train
1688,Beautiful place with a good breakfast and very helpful staff! The front desk was always available to give advice or to help get a cab. Very comfortable beds and excellent air conditioning. It's a bit of a walk to many of the popular places to visit.,0,POS,train
1689,Great location. Fabulous staff. No tissues or no iron in room.,0,POS,test
1690,Location was good room was nice Room was in another building which was very run down no meention of this possibility on website or when booking. Having to pass overfilled bins with cracked plaster on the walls and chipped stairs isnt what you expect from a 4 star hotel.,0,NEG,test
1691,Location was okay Our room shared entrance with another room and it was noisy and loud. Bathroom bidet and hand washer were plugged and we asked them to fix it but never came. Also cleaning service didn't come often.,0,NEG,train
1692,"As the pictures show-a spa was one of the reasons we chose hotel, however we were put into rooms across the road from main hotel which we complained about as the stench from the drains was not acceptable and finally moved after 2 night of our stay. The steam room and salt rooms were not working at all. All in all a disappointment.",0,NEG,train
1693,"Good location - bed was rock hard and very uncomfortable - only 1 room key was provided so unable to leave the air conditioner on whilst out - plug didn't work in the bathroom, rather then being fixed it was just removed - decor of the room needs freshening up, lots of scuffs and marks - cleanliness could have been improved - fault with shower screen",0,NEG,train
1694,Room is so small can't fit full size suitcase without blocking walk way. They will send you many emails before your stay about things you can buy from them like tours or airport transfers - but don't tell you you have to book the hot tub in advance so it was all booked out during my stay which is why I booked this hotel. Have to go up stairs to get to lifts and staff don't help with your suitcase. No taxis in cityname in the AM unless you prevook fyi so I had to pay €125 to get to airport. Location is anot in the best part of town let's say. Shower head has calcium build up on it needless to say won't be staying here again,0,NEG,train
1695,it is modern and very good location and staff breakfast was not included,0,POS,train
1696,Spacious and clean room A little far out from the main shopping and restaurant area but only 15mins by taxi,0,POS,test
1697,Everything especially the rooms are big and clean Nothing,0,POS,train
1698,"Perfect location for city exploring and early commute to the airport. Friendly staff and clean comfortable space, soundproof and good aircon. Would recommend 👌",0,POS,train
1699,"Nice staff, good food, clean room. Some small AC problems, which they were solved eventually by changing the room.",0,POS,train
1700,it was clean to be honest The staff.,0,NEG,train
1701,"Location was good! Could walk to most landmarks easily. Very close to termini station too This hotel definitely isn't 4*. None of the electrics in our room worked during our stay and then on the last night our tv stopped working too. No free water (and it was 40 degrees most days) and you have to pay extra to use their facilities e.g. gym which really should be included in the price. The area in which the hotel is situated is disgusting, so much rubbish everywhere and not nice to walk at night as lots of homeless around. We won't be coming back",0,NEG,train
1702,"Super uncomfortable bed, the restaurant was loud enough to wake me up",0,NEG,train
1703,"It had a bed and a big safe. It felt new. Mini bar was stocked with reasonable prices Too expensive for what it is. The instant coffee was rank. Housekeeping didn't come, when asked the receptionist if we parked in a suitable area, we didn't get an answer. Instead we were informed about the spa that we can book and pay for.",0,NEG,train
1704,Yep. It was so clean and very kind.,0,NEG,test
1705,clean great staff very welcoming and helpful perfect location for sights and restaurants.,0,POS,test
1706,"Central location, you can walk to the main tourist points and have a lot of shops nearby. Good facilities with an outdoor jacuzzi and rooftop bar. Attentive staff Beds could have been more confortable but all and all great value for money!",0,POS,train
1707,"Great location situated betweek spanish steps & trevi fountains. Get to these sites super early in peak season as they are rammed with tourists.Wish we had stayed a few nights, although a little pricey for us, did compare favourably with other hotels in the area regarding facilities, hot tuv plunge pool & rooftop terrace. Staff quite friendly. Breakfast was Fantastic, continental as well as sausages bacon & scrambled eggs and very plentiful which is what made the hotel and location ( good area) value for money. I would recommend the hotel, but please check your room is the correct one before settling. they insisted on us paying cash (no receipt) for city tax - a bit suspicious. We had a great room byt my son and daughter in las had a tiny room even though both rooms booked should have been the same as our room",0,POS,train
1708,"location was excellent, the roof top bar was also great - bar staff were lovely. Bed was comfortable and room was clean. Really good value for money Nothing.",0,POS,train
1709,"Helpful staff, ready to assist you",0,POS,train
1710,"Location Everything, rooms terrible, filthy",0,NEG,train
1711,"Very little to compliment for a four star hotel Room extremely noisy, no sound proofing, reception has different rules than what is told on booking.com; NO Room Service; NO restaurant; NO bar (until 6pm); short staffed; run down and dirty hotel; smashed main entrance door; no entry signs all over; more of a hostel than hotel.",0,NEG,train
1712,Location was very good We were put in the Dependance which is situated approx 100 metres from the hotel. The stay was very expensive and being unable to benefit from the use of the hotel facilities was extremely disappointing . In addition to this there was a problem with the air conditioning for the first 2 days leaving us with very large puddles of water on the floor - again not what you expect for the exorbitant rates charged.,0,NEG,train
1713,the price I paid is to high for this kind of room I had the room is to small the cleanse is not as required,0,NEG,test
1714,The waitress at breakfast.. 🫶 The fact that we were in a completely different building... and the unhelpful reception staff!!!,0,NEG,train
1715,Everything is always first class at NH Carpegna. The front desk and restaurant staff are so incredibly friendly and gracious. This trip we were welcomed at checkin by Francesca and Giuseppe and we had warm goodbye's from Daniel and Valentina when checking out. And in the restaurant Carlo as usual was so friendly and helpful. They are all such wonderful people to deal with. There is nothing we don't like at HN Carpegna,0,POS,train
1716,"The facilities are good Very long service in the restaurant , the cleaning stuff was doing a favor to clean",0,POS,test
1717,Great location to stay to explore cityname and excellent pool for the kids Nothing,0,POS,test
1718,A peaceful respite after lots of touring! My room felt a little bit warm at night.,0,POS,test
1719,"The staff is lovely. The location is good for me, for family reasons, but I wouldn't pick it as a tourist. The hotel is comfortable, clean and well-run. The food is very good, except for a couple of slips here and there (see below). The pool is very nice. I come back every time I am in cityname . I feel at home. My room was right above the outside part of the restaurant, and late into the night I could hear the screeching, screaming and loud laughter of people there. It might be advisable to let guests sitting at the restaurant/bar in the evening know that they should keep their voices down after a certain hour -- or perhaps staff could warn the other guests that their room may be in a noisy part of the hotel, and offering them a room in a different area. The idea of leaving cookies in the room as a welcome is lovely. Sadly, the cookies I found were stale, as was the bread I was served for dinner and some of the cookies served at breakfast. The room has no dresser or drawers. It is hard to see where one would put one's clothes during a stay longer than a couple of days.",0,POS,train
1720,"Quiet rooms You can feel the springs of the mattress hurting your back. Breakfast didn't change for 7 days. The bathroom in the lobby smeels urine, swimming pool area smells urine also, by the beach chairs (filthy). We shouldn't have to pay 2 euros for each swimming pool towel we used. We shouldn't get charged for the drinks we took from the room fridge or there should be a sign when you book, stating we have to pay for the drinks (additional cost) NOT FREE!!. 2 adults and 1 special child in the room, which I payed extra money for the room size since my son uses a wheel chair.",0,NEG,train
1721,"The hotel via automobile was relatively easy to find, excellent on site, no fee parking, the lobby is beautiful - we were greeted by NH Villa team upon arrival and invited to have a glass of prosecco. The pool is beautiful, however as the hotel only has 5 sun umbrellas it is impossible to enjoy the pool unless one is securing a sun umbrella at 0700 hrs. We had booked a standard room and it was very simple, very small, no balcony, air conditioning barely working - we did ask to be moved to a larger room, which they could not do due to a conference on site. Location if accessing via the Metro / train system is dreadful - it is a 3.4 km walk from Aurelia station to the hotel, very difficult to get a taxi. (we had returned our rental automobile). Due to the location being so inaccessible to the Metro, we changed hotels.",0,NEG,test
1722,"Great location near the Vatican and the old town Free parking The a/c isn't really doing a lot; especially if your room faces afternoon sun. And that's true for all the rooms; and since years. It's absolutely time to get that fixed. I stayed here a couple times now, and I will probably not come back. Stop telling people below their reviews how much you cherish their options and how much you're looking to have them back to proof your services, if you don't plan on changing what‘s not right. The a/c didn't work well in 2019, and the issue is still there. 25C is not a comfortable room temperature. And don't get me started on washrooms... there's black mold in the corners of the showers. An easy and fast fix, if management would care. The issues are in several rooms, over the last years. So it's not a single case which just occurred to me this time.",0,NEG,train
1723,The pool was nice There is not much to walk to in close proximity. Common areas were not clean and well lit (esp hallways) bar/restaurant understaffed. My room was overcharged for lunch (I did not order and eat three sandwiches as a solo traveler) and getting the charges reversed was neither straightforward nor transparent.,0,NEG,train
1724,The bed was fairy comfortable. The reception area smelt like toilet cleaner. The breakfast was OK but dinner was appalling. The bathroom was very dated and old. I would say this hotel is a 3 star at best. Their overnight rate certainly does not reflect the average quality of this hotel. Very disappointed.,0,NEG,train
1725,"Great location, only 5 min walk to Piazza Novona! Very clean, spacious room, great A/C, access higher level with a lift",0,POS,train
1726,"We love the location, room was nice , and comfortable, love to have a safe deposit box.our check inn by an argentinian lady was easy and informative. But overall kind Didn't like being scolded by Nestor on our Check out for leaving our luggage at 8:10 at their other building ( fifth floor) no elevator working",0,POS,train
1727,"Great location, bed was comfy, room was spacious with plenty of bench space. We liked having a fridge, some wine glasses, and access to a little tea and coffee station with a sink to wash dishes.",0,POS,test
1728,"Helpful staff, great location, nice room. not really anything.",0,POS,train
1729,"Location and staff were fabulous. Shower was great, everything lovely and very clean. Space is tight and there are some steps in the room which are aesthetically interesting but easy to trip on. Not a big deal if you are careful.",0,POS,train
1730,"Central location Wrong # of beds, lot of stairs, small inefficient elevator, hot water failure, not really a suite or a hotel. No dedicated staff on site.",0,NEG,train
1731,"The location was good. Worst hotel we stayed in cityname . There is no stable employee at the hotel's reception. We reported several times that there was a problem in the bathroom, but they did not take care of it at all. We are very regretful about the hotel.",0,NEG,train
1732,We booked and paid for a double and a twin. When we arrived we were given a double only but charged for the double and twin. Despite contacting the owner/ manager I had no response.,0,NEG,test
1733,"Location and a/c The elevator didn't work on arrival , was partially fixed ( 3 floors) stairwell not well lit. Water coming out of wall behind sink for 3 days when shower was on. Reception was flooded one day when we walked out ( we put 10 towels down and alerted property about problems) very little clearance at bottom of bed because of step in from hallway , a tripping hazard . A metal rack to hang clothes on , no closet.",0,NEG,train
1734,I didn't like anything from that place It's not hotel...it's apartment even not clear information in booking Very bad room Beds broken and not comfortable Room smell bad Bad service and no one contact us to share more details about the enternace,0,NEG,train
1735,"The room was very pleasant, it was cozy and clean. The hotel team has always been friendly, patient and helpful. The hotel location is great and near top attractions such as: Vatican Museums, Trevi Fountain, Roman Forum and nearby Piazza Cavour, Giardini Emiciclo di Nettuno Piazzale Flaminio and much more. Everything was perfect👍🏼 🤩 😍.",0,POS,test
1736,"The staff was very friendly. Good location. Yummy food. I wish that the coffee station in the room would be refilled. Cleanliness was a 9/10. Some corners of the room had lots of dust, but overall I would come back to this hotel.",0,POS,train
1737,"As a group, we loved how saife the place was, the hotel staff was friendly and welcoming. The place is lively and quiet. I liked the services provided to guests. I highly recommend it.",0,POS,train
1738,"We requested a room on the back side of the property with a window that could open (we had stayed at this hotel before). The team were great in accommodating this request. The room was a good size, clean and comfortable. The Gym was very good (but a little difficult to find). the cleaning was good at the property. The air-conditioning was not great it couldn't go very cold. The room was a little dated - especially the bathroom could have done with some fresh paint. My expectation was there should have been free water in the room but there wasn't, this is kind of a standard for this level of hotel. But all in all this was a good stay and the NH were great. I would stay again.",0,POS,test
1739,"room is small , breakfast very good, location is good",0,POS,test
1740,"Our experience could have been influenced by the circumstances. The location is great! Centrally located and a lovely-looking hotel. We were not staying at the hotel under the best circumstances as there were power outages in the area and the location we were supposed to stay in had automatic locks that ceased and stopped working after the power outage around 10pm. The RH Collection hotel also had experienced this power outage which might be why the front desk staff was not welcoming and was flustered. We were happy that RH Collection could accommodate us but when we arrived they could not find our reservation nor could they honor what we had booked on Booking.com. In the end, we paid more than we agreed and did not get the rooms we reserved. The front desk staff could not figure out the book.com reservation and disregarded it completely. The front desk staff was not welcoming and was flustered. At this point, we were so tired, that we just took what was available. The hotel services were basic and the beds were not very comfortable. I was happy that we were not staying longer than overnight. We tried to speak to management but we were told they were available. We were also told that the booking.com reservation could not be honored. So, make sure to follow up with a phone call after you book.",0,NEG,train
1741,"nothing, except the localisation very, very poor qualitynof service and personnel. Absolutely invredible in a 4* hotel",0,NEG,train
1742,Great location very easy to get to see cityname Booked for a gym and spa which there was none.,0,NEG,train
1743,"The location. Very expensive, not a €280-a-night hotel. Definitely NOT value for money. The breakfast selection and quality was poor and the staff seemed indifferent. The elevators were not working properly and just 3 of them for such a large hotel meant long waiting time to get to and from our room. The photos of the breakfast and the bathroom were to say the least, misleading.",0,NEG,train
1744,"it was clean and comfortable the heat in the rooms . the air conditioning didn't seem to be working too well . i booked a room for 3 adults and 3 children with the hotel for 2 nights before a cruise and 1 night after a cruise. both times I went to check in I was told they don't do rooms for 6 people even though I had clearly booked a room for 6 people. on the first occasion the staff on reception came across as rude and acted like it was my fault. When I handed the girl all our passports she rudely said why have you given me 6 passports , we don't do rooms for 6 people, thankfully I had the booking email on my phone .Then she spoke to her colleague in Italian with an aggressive tone , this made me feel very uncomfortable. Then said I was upgraded to 2 double rooms which I felt that they where making a grand gesture but it's not my fault that the hotel advertised a Family X-LARGE room to accommodate 6 but don't actually have one. on my return trip I got the same answer at reception but the member of staff was a bit more courteous about the situation.",0,NEG,test
1745,Beautifully thought out hotel for any traveller,0,POS,train
1746,"Location, hygiene, bathroom was spacious and breakfast Small rooms",0,POS,train
1747,"Perfect location, clean place, staff perfect and helpfull Nothing",0,POS,train
1748,Staff was extremely polite and helpful. Rooms were very clean It was noisy from the people going to breakfast because they pass next to all rooms on fifth floor.,0,POS,test
1749,"The location was great, staff was really friendly! Rooms were big we even were given an upgrade 😍 Breakfast probably wasn't worth €15 euro, we also arrived late at night and stayed in annex building so we had to Treck our suitcases at 1am to the building. Other wise was a very good stay :)",0,POS,train
1750,The hotel can barely be a 2 star hotel . The room had basically no window . Considering the glass was frosted as faced a courtyard with ugly dump I felt really miserable having booked the place,0,NEG,train
1751,Location Construction in first floor,0,NEG,train
1752,"Staff were really rude and not accommodating, gave us the wrong room which had other peoples things in it!!!",0,NEG,train
1753,The location is incredible. The actual rooms were spacious and well decorated. The room I was given faced the Main Street and it was impossible to sleep with the sounds of pedestrians screaming and singing from midnight until dawn when trash collectors could be heard emptying bins down bellow. Additionally they only seem to staff one person in the evenings and this individual would be inundated with complaints from other hotel guests. There wasn't one evening during my stay that I didn't walk into the lobby to witness some angry shouting for some reason or other.,0,NEG,train
1754,"Location The lift broke down , hotel was at different location from booked",0,NEG,train
1755,"The location is near to the bus station, about 10 minutes from termini station, near to the supermarket, the room is clean Nothing",0,POS,test
1756,"Really clean, friendly staff who recommended places to see and eat, within walking distances of the main sights",0,POS,test
1757,"Great little hotel in convenient location close to Termini with trains, busses and underground all close by. Staff were super friendly and attentive. Lovely little roof terrace with bar (manned in late afternoon and evening) for chilling out. Air conditioning worked fine and rooms were cleaned to an excellent standard. Staff provided some excellent recommendations for good places to eat with many only a short walk away. There are stairs to access the hotel and the lift to the upper floors is also up a short flight of stairs and is a little bit small and thus might be hard for those with mobility issues to access.",0,POS,train
1758,"Rating: ⭐️⭐️⭐️⭐️⭐️ My wife, two daughters (aged 2 and 4), and I recently had the pleasure of staying at hotelname in cityname , and we couldn't have been more delighted with our experience. From the moment we stepped foot into the hotel until the time we checked out, everything was simply perfect. First and foremost, the staff at hotelname went above and beyond to ensure that our family felt welcomed and well taken care of. They were incredibly friendly, accommodating, and always had a smile on their faces. They were also helpful in providing recommendations for family-friendly activities and attractions in cityname . Our room was spacious, modern, and immaculately clean. The beds were comfortable, and the extra touches, such as extra blankets on our daughters' beds, made us feel right at home. The room also had a lovely large window that opened, which added to the overall charm of our stay. Nothing",0,POS,train
1759,Friendly staff. Very convenient for public transport Wuiet nothing,0,POS,train
1760,Weird cleaning smell. Small ants in the room. Floor was old and not that great. Not a four star hotel.,0,NEG,test
1761,it was clean a lot of noise and they never inform us that the breakfast is not included in the price. there was no window and it was like a underground room.,0,NEG,train
1762,"about the property I liked that the staff was nice and helpful the elevator was claustrophobic, the location was far out, the bad was not comfortable and the shower was old",0,NEG,test
1763,"It was pretty much disapointing the hole way, but shower was ok. The beds were extra hard, no window view at all. Our room was next to reception and we could hear everything and of course we were on the street side. I guess this is a for asking a quiet room, right? The real bonus was last night when we got a doggy bag from the restaurant, yes!!! in the morning there were hundeds of silverfishes on the floor! Bathroom had a bath in the morning, so you needed to run some water for getting rid of that.",0,NEG,train
1764,"I was very happy with the property!! Especially since it was walking distance to Termini. I appreciated the cute design of the bright lobby with a simple modern elegant vibe. The attendants were great!! Very service oriented and ready to help. Overall the rooms designs where the same. Loved the light configurations. You could turn the room light off from your bed or the wall. After traveling for 6 weeks, it was a blessing to have a nice sized shower in very nice bathroom. Loved the closet space, prompting me to actually put up my clothes. The TV and cable were excellent with a selection of CNN and BBC news channels. Plus the wonderful veranda / garden for breakfast or an evening cocktail, just amazing. Overall I thought a great location, in a NOT TOO hectic area, that makes for a nice starting point if for business or leisure traveler. However, my treatment as a single traveler was not as good. Read below. My biggest problem was how I was treated as a single / lone female traveler. Firsthad booked this 3 night stay, 8 weeks before arriving. When I arrived I was put into a room that took 3 different stairwells and 2 elevators to get to. The last elevator was a single private one that went to the floor with only 3 rooms. Though in the back of the hotel, I LOVED the room. It was a basic double bed room. It had a desk area, was on the 3rd or 4th floor, great light, and I could open the curtains / the door to a view of rooftops. However, the maze of stairs, elevators, and remoteness was a bit unsettling and also cumbersome when coming back and forth. So I decided to ask for a room change. The woman who checked me in at the desk was still there and great. She said no problem we could do it that night or the next day. I went to dinner. When I came back there was a new woman - different attitude. She said she understood I was not happy with the room. I explained it was not the room, but the access / location. I even said I don't need to be on a different floor, it's just as a single woman I did not feel comfortable in an area where my only access was a private elevator. She now said it was better to move in the morning she had no rooms. Though I had seen many being turned over. The next morning with bags packed, I was ready to move. Instead I was told I could go on my day and they would move me to my new room. This was GREAT!! When I got back and walked into the new room, I felt like I had been PUNISHED for wanting to feel safe. I was put into a smaller room, on the first floor courtyard. Everything was smaller. No coffee packets, even my mini bar in the refrigerator was now just 2 bottles of water. And the location, literally someone could have jumped right into my window from the courtyard if the window was open. And because the window faced the courtyard, even if the window was open, there was barely LIGHT.",0,NEG,test
1765,The B&B was very clean and comfortable. It was located close to all the venues we wanted to visit. Everything was perfect.,0,POS,test
1766,Great location. Helpful staff gave us maps and showed us which high points to see. Had AC. Clean and quiet. It was all good,0,POS,train
1767,the hotel is located across the street from a supermarket and next to a variaty of other shops and news stands. a walking distance from all main attractions and the public bus/train station. very nice stuff. the wi-fi did not work from our room and the hotel couldn't fix it our entire stay.,0,POS,train
1768,Location and feel.,0,POS,test
1769,The location was excellent- within walking distance to most attractions and Roma termini. The room was clean and well serviced!! Breakfast was definitely value for money!! The shower was very tiny- could not move around too freely.,0,POS,train
1770,"I liked the location EVERYTHING INSIDE THE HOTEL!! I DISLIKED!! Very old, DIRTY, old beds, bad food, dirty bathrooms, Dirty rugs, the attention at the lobby bad!! WONT RECOMMEND IT!!",0,NEG,train
1771,"location, staff supported with changing to a bigger room price, small rooms",0,NEG,train
1772,"The location is excellent and staff were helpful. Ours was a single-night, emergency stay, so we didn't look about the hotel so have nothing to say on the facilities. Our room smelt rather bad and there's clearly a history of water staining on the walls in places.",0,NEG,train
1773,"The location is gritty and seems sketchy at night. The AC didn't work and worst of all, the wifi didn't work in the room. Just awful. Would never stay again. The wifi and location and working AC",0,NEG,train
1774,We stayed for two nights . Room was very hot and AC wasn't working . Toilet had leak and staff didn't get that sorted . 2nd night we found bug . Didn't bother calling as we had no luck getting any help . Location was very good . That's all about this hotel . Poor service and the conditions of the room we stayed .,0,NEG,train
1775,"The reception with the polite staff, the rich breakfast, the terrific pool, and the rooftop restaurant with beautiful views and delicious food. We were tourists and we planned to use public transportation to the city centre but in practice it took way too long and we ended up using taxis which was a little bit pricey in the long term.",0,POS,test
1776,Excellent breakfast Excellent swimming pool Restaurant menu could have more options,0,POS,test
1777,The staff were lovely. Breakfast was very good with a great selection to suit all tastes . The pool was exceptionally clean & the water temperature was perfect. The spa area is wonderful & we enjoyed a couple of hours relaxing in it. The resort is in a quiet location which suited us especially when the weather was very hot & we could relax by the pool with no sounds from the city. The rooftop bar & restaurant is fabulous I would definitely recommend this resort & when we return to cityname this would be my first choice. I have no bad comments to make..,0,POS,train
1778,"We loved the location, the laid back atmosphere, the beautiful style and the pool. The staff is also really friendly and helpful. Oh and the breakfast is excellent. Nothing.",0,POS,train
1779,"Very quiet, in the middle of a Park with a lot of Plants around, very easy to arrive quicly to Vatican & all major attractions. In the evening getting cooled by the pool was a Great asset. The stuff very patient and helpful with getting tickets for visiting Vatican. For us was just perfect! 🤷‍♂️",0,POS,train
1780,"The spa was lovely, staff was friendly Room was not that clean a sliding door needed serious maintenance",0,NEG,train
1781,Nothing Roof top restaurant - poorly managed Rooms - next to noisy families Hallways to rooms - filthy,0,NEG,train
1782,"Lovely hotel and decor, great breakfast. The lady on the breakfast hall had impeccable customer service skills and the man running the pool bar was friendly. The management of the pool is ridiculous, think brits abroad style people claiming beds at 7am and then disappearing for hours. From what the receptionist said, the hotel holds 2 thirds more people than they have sun beds so after spending a morning nabbing a bed here and there as they became available, we watched family after family come and go disappointed not able to find anywhere to sit around the pool. The rules of the pool changed depending on which life guard was on. It felt like a self service hotel, nothing like the expectations built from welcome email you receive.",0,NEG,train
1783,the breakfast was quite good. I've paid more than 600€ for 2 nights and they didn't even give any free water. so I had to buy water myself... very disappointed.,0,NEG,train
1784,"Despite staying in runs to 11am the breakfast runs out by 9am. Get in early! If there is food, it's good Shower doesn't have a screen so the bathroom floods with every use. Utterly bizarre. Shuttle drops and picks up from one random place not in the centre of cityname . Restaurants are trying to be something there are not - a lot of unhappy and hungry guests struggling to find something to eat. It should not be difficult in Italy! Finally, Hotel argued the payment hadn't gone through when it clearly had. Blatant attempt to scam money.",0,NEG,train
1785,"I think the location was excellent, also the request for rooms to be close together was done which was extremely helpful and meant the time at the hotel was more convenient and fun. When asked if my birthday cake could be put in a larger fridge as the one in the room was too small the staff were very helpful and said yes straight way, also any other requests were very helpful. Room was cleaned everyday very well. Eventhough we didn't use it the vending machine in the lobby with all extra toiletries seemed like a very good idea. Eventhough there were different culture options for breakfast, which was good there were not many of these options so choices were restricted.",0,POS,train
1786,The property is in the best location in cityname . It's right next to a metro station for the tourist attractions and is set in the bustling neighbourhood of Myeondong so is perfect for late evening strolls to take in some culture and shopping.,0,POS,train
1787,"Nice location, rooms are clean and comfortable. Can't think of anything negative",0,POS,train
1788,The location is very good. It is accessible to almost all. None so far.,0,POS,train
1789,"Solid choice for a hotel; very nearby metro and bus lines, 1 minute walk to shopping areas. You have everything you need nearby. Table could be a bit bigger because we often have snacks. Didn't use the breakfast facilities but that's because there's so many options nearby",0,POS,train
1790,"Only like the location 1) beds are sagging 2) furniture and facilities are old 3) staff not friendly 4) insufficient wardrobe space 1).Really annoyed to be woken up by a call at 8.30am to be asked whether housekeeping can be skipped that morning - despite me having a “DO NOT DISTURB SIGN” 2). Was asked to fill in feedback form at the start of check-in, in order for us to get our room slightly earlier. Very ridiculous that we were asked why we didn't put a “5” rating feedback for the hotel in the TripAdvisor feedback form. (As we have not even gotten our room yet). It's like asking us to help them give a false feedback.",0,NEG,train
1791,"the room was really small and the staff were really nasty. Leong and Kim two male staff had this really bad bitchy attitude towards me when I try to ask for taxi to the airport. I had confusion about the pricing and they were inpatient to explain and even pretended that they don't understand English . really bad and unprofessional service delivery. won't go back again nor recommend it to anyone. also judging on the size of the room, it is really bad value for the prices. not worthy! I didn't even bother taking photos of the room. that's how disappointing it was",0,NEG,test
1792,Location Location Location The smell of cigarette smoke every where from lobby to floor to bed room.,0,NEG,train
1793,"location poor facilities, poor additional service; room is too small compared to its prices of 4 stars hotel, no amenities such as toothpaste and toothbrush, no mini bar, breakfast is so terrible and poor options.",0,NEG,test
1794,"Location was central. They gave me a twin room that didn't even have windows. It was a room they carved out in the middle of the floor and had a fake window. It was hot and stuffy because there was no ventilation. I saw a smoking lounge near us so I asked to be transferred out of that room. To their credit, they finally gave me a real room with an actual window that looks to the outside. Every afternoon, I don't know if it was insecticide or some other product they use to clean -- but there would be a very strong odor of insecticide in the hallways.",0,NEG,train
1795,"Location perfect near by restaurant, cafe, train station, beauty store, convenience stores Too noisy during weekend",0,POS,train
1796,"The hotel provided great service and toiletries and shampoo, hair conditioner and shower gel were great quality.",0,POS,train
1797,"Great location, friendly staff, everything worked as it should (good water pressure in the shower, air conditioning was not too warm/too cold, bed and pillows were soft (good sleep), wifi was strong. My only (small) complaint is that the worn carpet in the room badly needs replacing.",0,POS,test
1798,Lovely staff and welcoming environment. The beds were very comfortable and rooms were very clean. I felt that the breakfast could be better.,0,POS,train
1799,Good gym and spa. Buffet breakfast I made the mistake of arranging my airport transfer with reception. Cost me double !! Just get taxis from the street!,0,POS,test
1800,comfortable bed dirty bathroom whole night (every night) EXTREME ambient noise old and dirty bathroom non friendly staff,0,NEG,train
1801,Close to the metro. Close to restaurants. No notice beforehand that the pool would not be open. Not enough sound-proofing with all the clubs surrounding the building. No information about the facilities on check-in. Not enough space for clothing. Mattresses uncomfortable. Only one type of tea. No bath sponge or face cloth. No assistance with luggage to the room. No room in the bathroom for toiletries.,0,NEG,train
1802,"Location is good. Metres away from the subway. I was given room 807, 8th floor. During the weekend I was disturbed by the noise from the bar next building. Sounds of hot music in the middle of wee hours from 2 to 6 am. I can understand that it was weekends. But it seems that the rooms are fully sound proof. It's affecting my sleep",0,NEG,train
1803,"It was almost impossible to sleep (even with earplugs) because of the extreme party noice coming from the street. In combination with the high price, this is completely unacceptable. I will never again chose the hotelname to stay in cityname .",0,NEG,train
1804,"Rooms renovated There was no breakfast facilities ""due to Covid"" but for a hotel of this size, they have had months to make arrangements. Also bad sound insulation with adjacent rooms.",0,NEG,train
1805,spaciousness of the room and the location nothing,0,POS,train
1806,Nice welcome. Very spatious suite. Breakfast was OK (but not the continental version I'm customed :) ),0,POS,train
1807,All the things Nothing,0,POS,test
1808,The location was great and the apartment was perfect. It had everything we needed and was very comfortable. The pool is a great amenity.,0,POS,test
1809,Just beside the MTR and coffee shop on the premises with a Korean restaurant as well. Elevators still under maintenance after my stay a few monbths back. SHould be finished now.,0,POS,train
1810,Location and size Refrigerator did not work and replacement also did not work. Elevator was slow,0,NEG,train
1811,"facilities are quite old, not modern. The elevator was replaced so it was very inconvenient. Traffic was too poor to approach and I would not recommend my friends to stay here.",0,NEG,train
1812,"location in Insa-dong which by near to the palace, museum, etc. Since transitioning from Fraser Suites to Orakai, this hotel's service and cleanliness have gone down badly. No housekeeping was provided during our four-day stay, the furniture was dated, and both the kitchen and bathroom had a bad odor (my kids almost vomited up due to the smell). Additionally, ongoing elevator construction resulted in waits of at least 15-20 minutes for service. Also, the room division manager seems does not care of her customer's feedback.",0,NEG,train
1813,"I loved the location of the hotel! So many places to eat and shop within walking distance, that was the only saving grace. I booked a suite for my family (3 beds and 2 baths). The size of the suite was spacious. However, the condition was horrendous. I should have taken a picture of the bedrooms so you can see that I am not exaggerating my words, but in all of the rooms, the paint was chipped. The paint was chipped right next to where you would lay down. There were also so many stains on the walls, not sure what it was. The rooms also smelt strongly of mold if you turned the temperature up too much, we had to keep it very cool. The look of the rooms matched more of a 2 star hotel and was NOT worth the money I spent.",0,NEG,test
1814,"Location is great- all royal palaces, Bukchon Hanok village, Gwangjank market within walking distance (1-2 km) Avoid rooms on the east side, especially on low floors (see photo of the view from the window of my room)- it is rather unfair to charge the same rate as other rooms. I tried to get the room changed, with no success. I can understand that hotel is booked much in advance but front desk people were neither helpful nor kind: giving different messages. There are a lot of “notices” in capital red letters that gives unfriendly feeling: notice that reception will not book taxis, notice no shuttle to somewhere, notice about huge fine for smoking in the room, notice about house keeping not doing the dishes (it is important information but you can phrase it without shouting in written (red capital letters, negative forms and !!!)). Glory times of this hotel passed ca 30 years ago- chipped furniture, dirty/ spotty carpets etc.",0,NEG,train
1815,Very cool and well decorated especially for the price. staff spoke sufficient English. The included breakfast is at a local restaurant. the food is really good but the menu in the morning is a sandwich and a large cookie (very tasty!) but I wouldn't want to eat that every day.,0,POS,train
1816,"Nice Rooms, comfy beds, well equiped Gym, great staff",0,POS,test
1817,Nice hotel very clean,0,POS,test
1818,"Comfortable room, especially bathroom. Charger for devices is provided. Close to many attractions- Leeum Museum of Art. Very limited level of English. Eggslut- very expensive and not tasty restaurant- bakeries around are much better choice for breakfast",0,POS,train
1819,Amazing location but also far enough away from all the noise to get a good night's sleep Room is a little small but pretty standard for cityname,0,POS,test
1820,"The stuff were nice and considerate, we asked for a low floor and they give us that. The location was good for us too. The room didn't look like the photos at all, it was disgusting, and the view was to a wall even the light couldn't get through. There were stains on the carpet, the curtains and even on the ceiling.",0,NEG,train
1821,Terrible front dest staff . HE IS impolite to customer,0,NEG,train
1822,Nothing much to be honest,0,NEG,train
1823,"Staff Noisy pipes in bathroom, No air conditioner, NO VIEW AS PROMISED IN BOOKING.",0,NEG,train
1824,"The breakfast place attached to the hotel was good but didn't have milk or sugar for the coffee. You can rent pocket wifi so you can walk around the city and use your own phone, but this took a long time to set up. The bedsheets had rips all over. There were stains on the sheets, pillows, carpet, and walls. The toilet was not clean on the outside of the bowl. The walls are very thin and I could hear the person next to me having a full conversation on their phone. When they slammed their door my headboard would rattle. The wifi is confusing as each room has it's own router but there are at least 20 to scroll through before your can find the one assigned to your room.",0,NEG,test
1825,"Hotel is totally in the center of the city. Next to the metro station, line 2 and 3, so you can travel everywhere to visit the city. Downstairs coffee-shop Angel in us. A lot of small markets around as well as restaurants. Room was big, every day housekeeping: fresh towels, cups, water, etc. Breakfast very testy. Personel was very kind, nice and very helpful; they were always ready to help with changing the money or ordering the taxi or helping with the organizing the tour. When I ordered the morning call because I had to wake up very early next day, and I didn't pick up the phone (unfortunately I was still sleeping ;-), they came to my room to wake me up. Highly recommended !!! Nothing; everything was perfect.",0,POS,train
1826,"Great location everything within walking palaces,Tower, Nothing",0,POS,train
1827,"Very clean as is typical for a Korean hotel. Good location near subway, a 12 min walk to the Myeongdong shopping area.",0,POS,test
1828,The hotel is quite clean. The hotel room interior feels quite outdated for my standards.,0,POS,train
1829,"Good location, a short walk from the station and buses. Airport bus stop is within a minute's walk. Easy walk to Myeongdong night market and shops.",0,POS,train
1830,It's clean The language barrier and no fitness room and swimming pool and the restaurant has less variety and no international food,0,NEG,train
1831,"Location Early check in subject to 80,000 won surcharge, no pool, Netflix remote faulty on day 1, TV remote was ‘accidentally' taken from room by staff and was ‘accused' of losing it by front desk. Their ‘rethink' movement is too much as no toothpaste or brushes were provided, you had to buy them, which defeats the purpose of the movement as it seems to be pushing the cost and responsibility to the guests and their rooms are not cheap, even basic toiletries were never topped up throughout our 6 nights stay.",0,NEG,train
1832,"Staff was kind, breakfast was okay. Room was dirty, especially the bathroom was dirty. Bed sheets were old and ripped off. We reserved for 6 nights 3 with breakfast 3 without. Yet they only gave us for the first 3 days, we couldn't use one of our breakfast on 4th day. We wanted to use our breakfast whenever we want. Even though we paid 3 breakfasts, we couldn't use all 3 but paid one extra. Be careful with that when you'r reserving. They are not helpful at all. We didn't really like the room they gave us for 6 days. We upgraded our room& paid extra just to get a corner room from the worst part of the hotel without no view.",0,NEG,train
1833,Still ok Its a corner room and the room is very small and dark,0,NEG,train
1834,clean advertised as close to metro but rail doesn't actually stop at metro entrance. had to walk a long ways to board the metro. False advertising.,0,NEG,train
1835,the variety of the breakfast and the rooms nothing,0,POS,train
1836,"Great hotel in a great location and a great city! staff was lovely and helpful, the room was big and had all amenities you could ask for. There is a lift leading to cityname Station.",0,POS,test
1837,Good location. Nice room. The breakfast was amazing,0,POS,test
1838,Location Working hours of the restaurant,0,POS,train
1839,"It was our third visit to the hotel and as usual all suited our expectations - very convenient location close to the central station, cleanness of the room as well as the city view and the morning very good breakfast. all was fine",0,POS,train
1840,"Location is good, once you can find the way into it in underpaas. Really good breakfast and general hotel facilities. We stayed in this property twice, the first time the stay was decent, however the second time we got a terrible room: the room smelled badly, when we told this to front desk they sent someone to spray some conditioner in, but they didn't offer to change the room. The room itself was very humid, the bedding was very wet from humidity to the point it was uncomfortable to sleep. The shower pressure was not that amazing. I got a insect bite in my wrist.",0,NEG,test
1841,"nowhere do they state that there is only a queen's bed in the superior room, the superior room is definitely not designed for two people, there is only one bedside table, for example, they are all lying",0,NEG,train
1842,"Shower was good Not enough guest services, short on towels and blankets Customer service took well over 45 minutes to contact",0,NEG,test
1843,Beware if you book with Booking.com the hotel will charge you extra 10% at check in!!! We booked on booking.com and were given the total price to pay at the accommodation inclusive of tax however when we checked in they told us they charge an additional 10% “service charge” and that booking.com not showing this strange charge is a known issue. Given the hotel was already by far the most expensive we stayed at in Korea this is was very unwelcome. The staff didn't seem to care much or have an explanation as to why they are the only hotel with such a charge. The rooms were small and lifts took ages. On top of this they only have central heating and cooling so there is no way to change the temperature in your room. For the price our stay there was extremely disappointing and I felt ripped off. Only good thing was location,0,NEG,train
1844,Location was the only plus point. The bidet didnt work. The international plug was not working. The room allocated to me 2701 was meant for 1 guest only.,0,NEG,train
1845,"We loved how big the room was and how comfortable the beds were! the location is very close to the metro but also most of the Gangnam area which made it very easy to walk everywhere. fantastic staff, very friendly and helpful!",0,POS,train
1846,The staff are really nice! Location perfect! The shower place does not have curtain. Water will spill all over the place.,0,POS,train
1847,Check in and check out process was simple . Staffs were very helpful Soundproofing is bad. We were less annoyed by the sound because we enjoy strolling around cityname from morning to night,0,POS,train
1848,"The front desk staff are polite, friendly and helpful. The rooms are clean and quiet. There are good restaurants and coffee shops all around the hotel. The internet is good. I like the quiet, calm and dignified atmosphere of this hotel. If you get a regular superior room the bathroom sink is poorly configured where there is no ledge to put your soap or toothbrush. I had to put my soap in a glass and put in the sink... This is a weird aspect of this hotel that I can't understand because otherwise everything else is on point. My workaround to that is to pay a little extra for a suite room which has a better set up where there is still no ledge but at least a functional equivalent around knee high.",0,POS,train
1849,"Very quiet hotel, great size of room which included a dressing area and everything clean every day. Bed and pillows extremely comfortable. Fresh dressing gown every day. It was even better than expected",0,POS,train
1850,"THERE IS NO BREAKFAST. THE TOILETS DO NOT HAVE SHOWER CURTAINS, WATER SPILLS ALL OVER. THERE ARE NO CLOSETS. LONG STAYS LIKE MINE GET UNCOMFORTABLE LIVING OUT OF SUITCASES ALL POINTS ABOVE NEED TO BE ADDRESSED.",0,NEG,test
1851,staff was not helpful front desk staff,0,NEG,train
1852,"location very dark room, no furniture for clothes, no sunlight at all",0,NEG,train
1853,the only good thing about this place is the staff is nice. it was dirty and gross. there were splatters on the walls and a hole in the wall from a fist. the floors had hair all over them. the wall was crumbling. there was a huge vomit stain on the floor.,0,NEG,train
1854,Location Ne breakfast,0,NEG,test
1855,"With Covid there is no breakfast, but you can find many places that can serve breakfast such as the Butter Pancake shop. Meyong-dong area street is just across the road in front of the hotel. Meyoung-dong station exit 10 is 100 m away. The room is really great, toilet separate, shower separate as well as the basin. You can be a couple but have some privacy. This hotel has a great restaurant for lunch and dinner with great food, drinks and a roof garden with view 'to die' for. My view was great. Try rooms on the West side, the East can be a little noisy. If you want a long term stay this is the place. The room was on the East side and was a little noisy, but I could sleep and actually it is more like a far, far away city sound and only sometimes. The sun rises early on the East side, but I was lucky it was cloudy and rainy and I overslept.",0,POS,train
1856,It's near the train and bus station. It's also a few mins walk to the shops. Best part is that there's a convenience store downstairs The hallways are a bit dark at night,0,POS,test
1857,Location is good. Near the subway and bus stop. Easy to travel to any places of interest. Shopping is near. You can find good food around as well. There are two Ibis hotels around the area. Make sure you find the correct one. :),0,POS,train
1858,"location, breakfast and service were very nice shower area might not suite all types of clients as the shower area was a glass-type enclosed room and the mirror was opposite the shower door (lack of privacy)",0,POS,train
1859,"Extremely clean and OMG...the world's most comfortable bed. I still dream about that bed. It was like a cloud. Room is small but that's typical of SK hotel rooms and to be honest, you won't be spending time in your room other than to shower and sleep anyway. Great location - very close to two subway stations. Wish there was more than one washer/dryer. Front desk staff were extremely nice, but never seemed to be able to help us with any of our questions. So, if you're wanting a hotel with an actual concierge type front desk, this might not be your best bet, but if you are able to use the internet to answer your own questions, then would highly recommend this hotel for your Myeongdong stay.",0,POS,train
1860,"location was fantastic! Bed was comfortable and the room was made up daily. The room was tired with dirty walls, wall paper peeling off and mould in the shower on the floor surround. The towels and sheets are a little old but clean. The roof top bar was closed and restaurant was also closed for a private function which was ok as there are so many places to eat in the area. I also made the mistake of looking under the bed to check that we didn't leave anything behind and was horrified by the dirt and rubbish underneath.",0,NEG,test
1861,"I didn't know another ibis, so had to walk about for 15mins to another hotel in heavy rain. The location is walkable distance from Myongdon station.",0,NEG,train
1862,The location was perfect. The staff can provide better customer service. Not all front desk staff were friendly and accommodating. The room and the bathroom were very small and poorly designed. Could barely fit our suitcases for packing.,0,NEG,train
1863,"Location was decently close to the main area. Staff was friendly and helped us whenever we needed. Hotel is grungy, photos online look much better than in person. Rooms are small and dated, old and looked run down, couldnt feel comfortable or relax in the room. You basically pay for location.",0,NEG,train
1864,location is great room is tiny for 2 people,0,NEG,train
1865,"room was very comfortable and clean. Great location, for this price point you couldn't ask for any more tbh Everything was great, staff were neither friendly nor unfriendly. They just did their jobs with the utmost professionalism.",0,POS,train
1866,I would have like a fitness center,0,POS,test
1867,Location was great. Beds were made but seemed to be same sheets and comforters.,0,POS,train
1868,close to transits TV location in room. Side of the beds,0,POS,train
1869,"The hotel is amazing! The location is really good, 2 minutes away from the subway and 5 minutes from Dongdaemun. The room was clean and had everything we needed, there was also a water/ice dispenser in the hallway. The staff is really friendly and kind (we asked to extend our stay twice and they helped us every time). There was a construction site right behind the hotel and it was a little noisy during the day; apart from that, I can't really find anything negative about the hotel. Everything was perfect and way beyond my expectations.",0,POS,test
1870,They make you pay for extra pillow !!!!,0,NEG,train
1871,Nothing Small and compact rooms,0,NEG,test
1872,Location A drawer and a fridge could not be opened as a room was too small . Breakfast was poor.,0,NEG,train
1873,Location was convenient Definitely NOT a 4* hotel. The bed was not comfortable. the room was too small for an alleged 4* and amenities/appliances were underwhelming,0,NEG,test
1874,The space is too small. I have to wait for my spouse to move before I can get through every part of the room,0,NEG,train
1875,clean and convenient to shopping and restaurants,0,POS,train
1876,"The location is great. It is in the heart of cityname while there are lots of shops and pubs around the hotel. The 2nd staff (working on the afternoon of Aug 10th 2023) is great. He tried his best to fix the air conditioner. And when cannot fix it, he proposed a new room for me quickly. The 1st staff (working at night of Aug 9th 2023) attitude was not good when he did not want to fix the air conditioner. Instead, he assumed the air conditioner was set to 17 degree Celsius by default.",0,POS,train
1877,"My stay with my family was great, it was clean and in a great location. The best thing for us was the breakfast, staffs are also so friendly and helpful. Nothing",0,POS,test
1878,Great location.,0,POS,train
1879,Location is the best! This was our 3rd time staying at this hotel and we will continue to do so when we go to cityname . They have a printer and water dispenser just outside the room. Small room as usual.,0,POS,train
1880,The location is great. But you need to enter the lift to arrive at the reception counter and on the day of arrival I couldn't find the lift.. 😕 The internet was terrible...,0,NEG,test
1881,"Great location Wifi signal didn't reach my room, so had to go out in the hallway to get internet. Very lousy breakfast.",0,NEG,train
1882,"I did not like anything The room was a bit dirty, the room was very old, wi-fi worked poorly I could not use it. To use the bathroom amenities you have to buy them separately from the machine. This room is not worth the money",0,NEG,train
1883,"The location is super central and the staff is very helpful. Everything about the room was bad. We have arrived really late and planned to stay only 1 night. Therefore I did not go and ask for any other room. However room was so small, no windows. most importantly, there was no shower basin. When you have shower, you make all the bathroom wet. The tap you use to wash your hands in the washing basin also works for shower! It is a huge disaster! As I said, if I would have planned to stay one more night, I would definitely ask for a change ( not sure if there are any better rooms) or leave the hotel.",0,NEG,train
1884,"Location Very small, no windows in room, uncomfortable bed, unhelpful reception person.",0,NEG,train
1885,"Very good amenities, comfortable beds, location is right by Connecticut and a short walk from a bus stop, helpful staff, spacious room Wifi could be better",0,POS,train
1886,The lobby was very comfortable and beautiful. The staff was professional. The room was clean and looked new. The area looked safe. There were a lot of mosquitoes in the outside area. I think that's the only bad thing about the place. I don't know how this problem can be solved.,0,POS,train
1887,"rooms were clean and silent, other travellers were also very calm. staff was generally nice, could leave my luggage there until 10pm since my train was going late you receive just one towel which doesn't get replaced each day.",0,POS,test
1888,"The location is good, easy to reach the metro. Beds were very confortable, rooms have good air conditioning and everything is very clean. Food from breakfast and from the restaurant is a bit overpriced. The water from the pool was durty.",0,POS,train
1889,I liked having the lemon water available in the lobby. The restaurant/bar was nice too. Nothing.,0,POS,train
1890,Location in close proximity to Hilton conference I was attending; staff were very responsive and helpful. Had to have room keys re-keyed as they didn't work to get into our room. No washcloths in room; had to request them. No ice machine working on our floor,0,NEG,train
1891,"Check in person was very helpful. My card didn't work at first and she was able to fix it. Common areas of the hotel were comfortable and well designed. The pool looked nice but I didn't get a chance to swim. Great breakfast spot in the lobby. I paid for a superior king and on their website it is described as having a king size bed. However, the mattress was actually two smaller mattresses pushed together which were worn differently so there was a big sink hole in the middle that I kept falling into all night. I did not get a good nights sleep and feel ripped off. If you're thinking of staying here, I would suggest a queen bed instead.",0,NEG,train
1892,"What we liked about the hotel was the swimming pool. Money was taken from us, without us knowing why we had to pay. We had already given everything there was to give to booking.com There was very poor communication from the staff and the lady who took the money from us had a very poor language statement so we did not understand why we had to pay.",0,NEG,train
1893,"Free Wifi and there was a restaurant and cafe but the food was overpriced. The staff were not helpful and I don't understand why the mixed gendered shared bedrooms are not the same price as the shared female bedrooms. I did not like how I was there for two weeks sharing a room with all guys. I tried switching rooms but the shared female rooms were more expensive which I didn't understand. I didn't like how the food at the hotel was overpriced. The soap in the public bathrooms were never refilled, the trash in the bathrooms overflowed, and the sinks in the bathrooms were dirty. I didn't like how the staff didn't monitor the noise complaints in the lobby and how they allowed big groups to take over the lobby when you also have other guests using it. Groups who did not reserve a space would just be rude and disrespectful basically making other guests leave their spot when they were working there first. The cleaners did not clean the bathroom well in my room. I wasn't told about the amenities of the hotel when I arrived. Lack of communication and standard protocol for guests coming into the hotel. There should be dogs allowed in the hotel especially around food areas like the cafe. I don't like having a dog around food I eat when I know they shed their fur everywhere and especially when the staff in the cafe is shorthand and can't keep up with the cleaning. The cafe ran out of pastries before 11am when they stay open until 2pm. I had an unsafe experience at the hotel when a stranger was trying to ask if I could help him book a reservation because the staff would not let him reserve a room. I feel the security needs improvement. I will not recommend this hostel to anyone I know!",0,NEG,train
1894,"Well decorated, in line with the overall brand at all other locations, comfortable beds. Good lobby and coffee shop. Not central but walking distance to tourist or metro areas. Employees are stealing personal property/electronics and its not being taken seriously by management despite credible evidence. Makes me wonder what else management is allowing.",0,NEG,train
1895,"The front desk people were really helpful and friendly, specially Terrel! Everything was perfect",0,POS,train
1896,Hotel basic but extremely clean & tidy! Location great for seeing all major attractions on foot! Parking easy as hotel has rate with local car park! Would have been nice to have in room coffee/tea facilities but not a major issue,0,POS,train
1897,"Loved the hotel! It was conveniently located and all employees were so pleasant. The hotel was locked at the entrance, which was comforting. There was no mini refrigerator in room, which wasn't the best, as we had no cold drinks.",0,POS,train
1898,"The room was cozy and a little small, the staff friendly. Very well located, with access to the principal attaction to the city. A rooftop and a bar/restaurannt inside the hotel. Around the hotel, good restaurants, train station some steps away, banks, library and convention center. Near to the bus station to travel to other states. The neigborhood has become dangerous, a lot of homeless and fights during the night. Police patrol was parked permanently in the block",0,POS,train
1899,"Clean, functional, close to convention center No coffee maker in room",0,POS,train
1900,"These are ""micro"" rooms. Convenient location. Beds are not comfy, are loud. Coffee is only available from 5 am til 7am or til someone is either unprepared or too lazy to make more when you show up at 6:52. I don't remember the last time I stayed in a hotel that didn't have coffee available!!!",0,NEG,train
1901,"Location to reach monuments, museums, buildings, etc is excelent. 10 points. No transportation is required. Period. Location: china town area, many people leaving in the streed, marihuana it can be smelled in the side ways, trash in every places, local people, homeless people screaming and begging everywhere. Insecurity senseation around 6 blocks around hotel location. Police sirens all day long due people on streets. I have pictures if you need as reference of proof. Hotel: They called it self as bussines hotel, but, due the super reduced room space for a couple with 4 backpacks for 5 days, it make that room comparable as a sardins tin. No way to walk freely, only one chair that cannot be deployed frm undr the reduced mini desk by the no space in room, so you must to use bed as a place to seat. Only 6 hanguers than can hold just 6 shirts with pants before to overload that space of the mini closet. Bath: towells for the body, just a little bigger than a hand towell. Bathroom and the bed are so close sepatated by a sliding glass door with no surrounding insulation plus, thanks to the bathroom fan that you cannot be turned off, it did not let you sleep all night. I asked to the hotel reception to turned off but they only told me they cant do it. I been in many busines hotels, and I can assure that, this is really compressed, even for same money others hotels have mini fridge (more in summer) microwave and coffee maker. This did not have NOTHING. Whater fountains in hall provide warm watter instead cold. I doubt if the carbon filters are changed pfequently. Other bussines hotels usually provide ice machines in room halls. This one did not.",0,NEG,test
1902,Convenient to capital one arena and restaurants Seemed a bit overpriced for how small the room is. Booked a room with a view of the city and was given a room with a view of a wall and an HVAC unit. We were charged 3 times for the $50 holding fee and it took 2 weeks for it to get back into our bank account.,0,NEG,test
1903,the rooms and the hotel itself are good the locac,0,NEG,test
1904,Location Security outside hotel,0,NEG,test
1905,"Excellent location, clean and very comfortable beds. Very courteous and helpful staff. We booked two connecting rooms. Everything was great.",0,POS,train
1906,"location: right across from the silver line stop at McPherson square. Room was well appointed. Coffee machine, iron and ironing board, etc.",0,POS,train
1907,"Great location, modern rooms, great A/C and individual room temperature controls. Beautiful spacious showers, great toiletries. Trim around bathroom doors was patched together with dark cocking, could hear people in the room next door quite clearly.",0,POS,test
1908,"Staff,am once and location Nothing I can think of",0,POS,train
1909,The friendliness of the staff and location. The restroom sink was dirty. Thank goodness I had disinfectant wipes. Everything else was great!,0,POS,train
1910,The price is too high within the space.,0,NEG,train
1911,"Only Location The design of the room is depressing, view from the window wall,The lighting was terrible. Furnitura old, door of bathroom broken.",0,NEG,train
1912,"location noisy overall - street noise very loud on 2nd floor, group of students in the hall until late at night",0,NEG,train
1913,"when I walked in my suite, the bathroom smelled like someone just used it and there was an orange brown substance on the walls of the bathroom. also it was clear that the bed sheets were not replaced. overall my stay was atrocious",0,NEG,test
1914,Location Room AC is way too loud. Staff not friendly.,0,NEG,train
1915,Big and clean room. Very friendly staff. Good location for sightseeing. Nothing.,0,POS,train
1916,Super clean and super friendly and informative staff!,0,POS,train
1917,Every thing The few stairs to the elevator???,0,POS,train
1918,we had a small kitchen and an extra room between a bathroom and a bedroom with a mirror and vanity smell in hallway,0,POS,train
1919,The room has a kitchen which is very convenient for preparing a homemade breakfast or even a dinner. There is a bus station just outside the hotel and the bus can take you to the core visiting spots of DC. The bath shower is not comfortable.,0,POS,train
1920,"Parking was comfortable, location is great maybe except the homeless camp across the street which didn't really bother us. Rooms are extremely old. Major renovation is urgently needed. With current condition of the hotel, it's not realistic to expect any positive experience from this hotel.",0,NEG,train
1921,AC didn't work properly- parking was $50 additional,0,NEG,test
1922,Bare bones room. Room on 1st floor in the back building. Very noisy with various mechanical equipment.,0,NEG,train
1923,"The location was near monuments, museums, and restaurants. We booked 2 rooms, and arrived an hour before early check in and were told it would be $40 if we wanted to check in at 11am. The other room wouldn't be ready until 3pm. However, we went site seeing and didn't actually check in until 7:45pm. The staff was decidedly discriminatory by asking to see my ID 4times (I stayed less than 24hrs). I saw guests check in with me and no ID was requested from them. Also once people checked in they were given a receipt. After parking my car I'm the garage I returned and had to request a receipt. Upon check out, the young lady was extremely rude to us and stayed it was a “mess” when she started her shift and blamed the previous shift by apologizing for their “unprofessionalism” but she was quizzically rude to us. The rooms were fairly clean, but hair was found on the sink and the floor and furniture was cleaned just in the spaces that could be seen. Example, behind the nightstand where lamp sits was extremely dusty. Also, we were charged $68 per night for an additional fee that was not advertised.",0,NEG,test
1924,"The location., Was not clean. The shower had mold and there was blond hair all over the place. It also had a weird smell in the basement.",0,NEG,train
1925,"everything from security staff to housekeeping, always big smile and helpful the hotel locAtion is in the center of D.C. few minutes walk to White House and cityname monuments nothing",0,POS,train
1926,The location is very nice and tge breakfast was very well made.,0,POS,test
1927,"Great location, cleanliness, great service",0,POS,train
1928,"Breakfast was excellent. Choices are limited, but both are good. More breakfast choices",0,POS,test
1929,"Internet, staff, size of room, beds, comfortable Location very dead, no near food points or access to trains so had to walk with luggage. Room allocated initially wasnt clean so had to again take luggage manually downstairs and change room and take back again wasting time and effort with family and senior citizens is not easy. Water bottles were not provided so had to ask everytime and one time staff didnt provide water bottles despite requesting which was rude. Hotel can do with hiring a proper staff dedicated to these duties of taking luggage, providing such basics for an international brand this is not acceptable",0,POS,test
1930,I didnt have breakfast The view,0,NEG,train
1931,Nothing you had to pay for every little thing where's other hotel I stayed at was included Nothing read the top,0,NEG,train
1932,"It was okay The bed was way too soft and caved in the middle so we couldn't sleep well. This was true for both beds in our twin room. The WiFi only worked on one phone and nobody elses. I reported this to the front desk, they said they'd send someone. I waited in on Friday night for 2 hours, the person never arrived. Not professional",0,NEG,train
1933,cockroach in room,0,NEG,test
1934,"good rooms, clean very poor breakfast, if you choose this hotel you will wait you breakfast 1 hour or more and as a result you will get poor breakfast!!! restaurant staff service very slow and not professional. my kids were hungry. no fruits, no cheese, poor limit of foods, the first time I want to change hotel in first day of our stay, the locations not so perfect, you need spend 30 min to get to the attractions.",0,NEG,train
1935,"Good and secure location. A good bar and restaurant, which makes it unnecessary for one to wander around the city looking for drinks and food. A plus, the room I stayed had some smart facilities, which are new to me. Nothing on this stay",0,POS,test
1936,Street parking available overnight; easy drive into the city. Helpful staff allowed us to drop off luggage early. Close to Trader Joe's grocery. Nothing,0,POS,test
1937,I love the location of the hotel. The neighborhood is charming! I enjoyed the free amenities on floor I stayed on. It was convenient! I like the decor of the hotel. The shower heads needs an updated look .,0,POS,train
1938,Great location. Very friendly and accommodating staff!,0,POS,train
1939,Good location. Clean and spacious room. Comfortable beds. Tea and coffee amenities in the room.,0,POS,train
1940,"Nothing, the rooms are average but clean. The front desk people need to be trained to be more compassionate towards people who have travelled for days and give them the rooms faster to them. We got our rooms at 5pm even after reaching 11am. We understand that the check in was at 4pm but there were people who came after us and they got the rooms first. So highly disappointed with that. There is service where you can pay 100$ more to get your room early but even that was slow. We even asked the front desk people to give us any room that was available as we had the more expensive one but apparently none were ready for 5 hours.",0,NEG,train
1941,"Old, stained carpet in hallway and room, dusty old drapes, rust on bathroom floor, room just outdated, only 2 wash clothes and 2 towels for two adults from 7/7-7/9; not even 1 per day, tiny bar of soap, not worthy of even handwashing. Nothing with respect to the room. Location was ok, as was the grill. That made may stay bearable. The receptionist was NO help, upon checkin. She couldn't tell me anything about available parking, as specified on website. Parking is $45 per day. Had I known, I would have chosen a more suitable hotel, had I known I would have to pay for parking.",0,NEG,test
1942,"The hotel location was close to the Georgetown. The room fell far below our expectations considering its price and the reviews we had read. Throughout our trip, we had to stay at two different places, and upon arriving at the golver park hotel, we were genuinely shocked. The facilities were outdated, and it was disappointing to find that it did not meet the standards of a 4-star hotel or justify the high ratings it had received. The size of the toilet was notably small, and the bathroom lacked a proper door for closure.",0,NEG,train
1943,Location I was driving 6hrs before check in. When I got a key and opened the room door I saw an old man on the bed. The staff gave me the key from the room which was already occupant. They replaced the room but that room has only one bed instead of 2. The 3rd room was what I booked. I was so tired and hungry but I spent 40 minutes checking in.,0,NEG,train
1944,"location is great. clean and nice, little kitchen inside was quite handy for breakfast we contacted the property couple days in advance and requested a baby crib which wasn't there at the time of arrival. It was about 11pm the staff couldn't help us with that since “the room with cribs is locked and keys will be there only at the morning”. My baby is used to sleep by her own in a babybed and that was a very important for us, we payed extra for a hotel with such option. first night was awful and we've slept for only about 4hours. second - garage clearance doesn't allow big trucks and we had to park 5mins away from the hotel. not a bad thing but it's very annoying when traveling with kids",0,NEG,train
1945,The staff was very helpful and friendly. The location was perfect for me to attend a conference at the convention center and for my mom and son to explore while I was away. The restaurant receptionist for reservations was not friendly.,0,POS,train
1946,"Amazing stay, the beds were so comfortable, staff were friendly and helpful, lovely bathroom, everything was clean and felt luxurious. Would definitely recommend! Also location was safe and walkable distance from lots of things and connected to bus routes. No complaints!",0,POS,test
1947,Linens were soft and the bed was very comfortable . Everything was well maintained and clean. I wish I had realized that they would valet the car.,0,POS,test
1948,"My daughter and I were taking a small getaway. We chose the hotel for the location, which was excellent. The room was clean and the bed was so comfortable. AND the smell in the lobby-WOW. It was fantastic to have something so fragrant every time we entered the lobby. The staff was very helpful, kind and professional. As is custom for hotels today, the mini-bar was not well-received by us due to it combining snacks and water with alcoholic beverages. It is very tempting for a family to grab without realizing the cost until after the sensor was activated and the room is charged. Providing a mini convenience area in the lobby would have offered variety in terms of snacks and would have had a variety of non-alcoholic drinks. As for the restaurant please have dishes that are non-dairy, my daughter didn't like anything on the adjusted menu and therefore had to settle on Five Guys and Chipolte.",0,POS,train
1949,overall it is great! The location is perfect. The room is kind of small and the two beds are full bed size. The front desk told us they are running out of free bottled water which is commonly provided in large hotels.,0,POS,train
1950,My request for the rooms to be closer considering it was mentioned right after the booking more than 2 weeks in advance,0,NEG,test
1951,Cute restaurant There was a leak above our shower coming from the floor above.,0,NEG,train
1952,Obviously a great location. Helpful to store bag free check out. Didn't feel welcomed by the lady at the check in desk. Room was disappointing for the price. Didn't feel the payment process was explained to me properly as a visitor from the U.K.,0,NEG,test
1953,"Well, staff was unhelpful. We tried to get our vouchers for two breakfasts that I paid for with booking.com but were told there weren't any. Even the manager. The sofa bed was broken, and we had to call many times for blankets for them. Then my daughter scraped her toe on the frame of the bed and we couldn't even get a bandaid from the front desk. We were told we had to call security...This is NOT a family friendly hotel.",0,NEG,train
1954,"location was fabulous breakfast choice was very limited. we chose to eat elsewhere. my credit card was over refunded! the hotel billing system is complicated, apparently my checking out invoice didnt contain all the charged items. unsatisisfactory",0,NEG,train
1955,"My room was very cozy and well decorated. I liked that it was clean and warm. The cafe was great and the staff lovely! It's not the property per se but the lack of water was disappointing, especially since plumbing in cityname is known to have lead in certain areas. You should not pay for a basic necessity. There were some complimentary boxed waters but there was so little that I had to buy my own from the Walgreens down the street.",0,POS,train
1956,Location and attentive staff. Parking was expensive.,0,POS,test
1957,Great property well restored from a bank into an excellent hotel.,0,POS,train
1958,very uncomfortable room.,0,NEG,train
1959,"Location was as advertised. Staff was courteous. Bathroom access had a major design flaw. It was simply impossible to enter the bathroom from the room without contortions, squeezing or climbing on top of the toilet. Hard to fathom how this could be acceptable in a five star hotel. Room was dark - the only window was in an alcove off the room. At checkout I was charged extra for ""wifi and the tote bag"" despite having prepaid my stay when I booked. There was indeed a tote bag in the room, but I had no need for it and had left it in the room. Every other hotel during my 10-day US trip had included wifi. When I explained that I had not been informed about these charges when booking or checking in, the manager had to be called before the charges were eventually waived.",0,NEG,test
1960,"Cafe Riggs and the location were definitely the positives. The room was not at all what I booked. They asked upon check in if I had visited before and I stated no and I believe they used that to give me a sub-par room. I had ordered a deluxe room, which was supposed to have a marble walk-in shower and additional room than a standard room, but our room was very small and there was definitely not a marble walk-in shower; it had a gross bathtub/shower combo. On top of which, I locked in a rate and somehow I am being charged additional money than what I booked the room. Overall, it was very disappointing. I would not stay here again. too many other hotels in DC which have a much better quality and standard for what you pay for at The Riggs.",0,NEG,train
1961,safe clean location I ordered room service 3 times hike staying there. 2 out of 3 times it was NEVER delivered. Very poor customer service. my concerns were not addressed.,0,NEG,test
1962,Hotel room and location Riggs Cafe staff and service,0,NEG,train
1963,"Great location, easy to get around on foot or a quick uber to other places. very close to main attractions We didnt like the noise of the air conditioning in our room , when it switched on it was incredibly noisey and off putting when trying to sleep",0,POS,train
1964,good location clean room small bathroom so narrow you can't get inside I forced to change the up gerad room oom with extra money,0,POS,train
1965,Clean and safe. The rooms are nice. The location is very good. Definitely a hotel to stay.,0,POS,train
1966,Location and friendliness of staff All good,0,POS,train
1967,Very nice and convenient location in the center of the city. Nice rooms. Breakfast buffet does not include a lot of options if you want to eat healthy. The queen size beds are not comfortable for 2 adults,0,POS,test
1968,"It is very close to Capitol Hill and surrounding areas. Many restaurants nearby. The staff was nice and the doorman. They all very nice Not much, but there are few homeless nearby but not to close.",0,POS,train
1969,It is a great location and the restaurant food was very good. The hotel is undergoing remodeling.,0,POS,train
1970,"The staff were incredibly kind and sweet. The restaurants inside the hotel when amazing. The room had a lot of things wrong with it. Chipped paint, clogged sinks with standing water, broken air conditioner,bathroom shower door was broken also, and mold was inside the bathroom mirror. Those were just a few of the issues.",0,NEG,train
1971,I like the location. Lack of sanitation/cleanliness.,0,NEG,train
1972,Close to Union Station and 20min walk to the museums and The Mall. The entire entry reception area and floor was completely under construction and it was not disclosed when making my reservation. There was no concierge services and the front desk was not particularly helpful.,0,NEG,test
1973,location and staff nice Be warned under complete construction in lobby completely torn apart. No adjustment of price of the room offered a free breakfast which did not take because who wants to look at a complete construction zone and the residue and dirt it leaves no matter what. There was no warning on their site or booking.com that it is under construction. The entire lobby involved it was quite shocking they would even be open not to mention noise during the week. Very Very unprofessional and unpleasant.,0,NEG,train
1974,"Location is great. Staff is very friendly and helpfu. signs of neglect everywhere. broken sconce in room, holes in wall, cracked sink. housekeeping leaving cleaning products and laundry in room and then not cleaning the room the following day, leaving all of those items in the room. the lobby construction didn't help. Twin beds where Queens would be much better experience for all sleepers. I was a chef here when it opened as the Sheraton Grande in 1985 and the quality of rooms, service and experience has dropped to a level that is very sad to see.",0,NEG,train
1975,The room was really comfortable and clean. The staff was very helpful and friendly. Great location in the center of cityname ! I definitely recommend it,0,POS,train
1976,Staff was exceptional. Great Location. European comfort as older style hotel.,0,POS,train
1977,"We really enjoyed to stay there - the rooms were nicely furnitured and offered enough space. Our wish to stay in a quiet room was fulfilled, and we liked the obliging staff. The hotel was located near enough to all the sights we wanted to see so we could walk by. The parking lot is very expensive regarding the fact it is outdoor next to the hotel and the cars aren't protected in any way.",0,POS,test
1978,"The staff were exceptional. Our room was clean and great, bed was comfy. We used lime scooters to go see all the monuments, which were not to far away cityname DC in august is hot and humid. The wallpaper in our room was coming off at the seams in many places",0,POS,train
1979,Great Close to everything Spacious rooms Fast housekeeping and room service,0,POS,train
1980,"We had a later flight, they were able to hold our bags after we check out. The property does that look like it's images. Very old and outdated. No fridge or microwave in the room. There is one community microwave for everyone to use. We we're having difficulties with our keys and tv. Parking is $69 per night. Location is somewhat far from metro entrances.",0,NEG,train
1981,"Location and helpful staff members The only good thing about the hotel is its location and the hard working staff.Room rates are extremely overpriced for the services available at the hotel: -Stayed the first weekend in July, king size room approx $180+$30 facility fee +$30 taxes=$240 per night (US$ of course) -completely outdated hotel in a desperate need of renovation -had to be moved to another room because the bathroom ceiling was flaking due to a water damage from the room above (thank you to the amazing front desk employee for moving me into another, more decent room) -AC in the room was not working-(thank you to the facility engineer for fixing it promptly) -coffee machine in the room was not working-didn't even bother to get if fixed after everything -no fridge in the room-in 21 century, that should not even be a topic for discussion -wi-fi log in required every 24 hrs-no idea what is the logic behind this -room access card had to be validated almost daily Bottom line, for $240 per night you have options, way BETTER accommodation options in the beautiful cityname DC",0,NEG,test
1982,"It was near where I wanted to be The room they put me in was terrible..I almost left a day earlier.. I would never stay there again, if I absolutely had to, I would let them know where not to put me..",0,NEG,train
1983,"When I arrived the woman at the front desk added $300 without explanation when she ran my card. When I asked what the increase was for she just said ""charges and fees."" When I said ""what charges and fees?"" and objected she immediately went onto war footing and loudly told me there'd be no shouting up in here (I wasn't shouting). I told her to cancel the reservation and tried to find something else on Bookings.com but it was impossible and I had to meet a colleague soon, so when another person came to the desk I spoke with him. He apologized and said ""she's new"" and that the $300 was held for incidentals but is refunded at checkout and this should have been explained. I checked in and paid to upgrade. For a week coming and going by the front desk the woman never looked me in the eye much less apologized. When I checked out I recounted the story to the guy at the desk and he was dismissive and a bit hostile like he was putting up with ""another privileged jerk"" or whatever and then mischaracterized the $300 as applying to the cost of my room upgrade (which was untrue, it had already been added to the charge and the $300 was on top of that). The staff do not know how to explain the hotel's policies, are very rude if the customer objects, and emit a vibe like they can just barely tolerate the clientele. Very unprofessional. Pity, a decent hotel in a great location but I've told colleagues to avoid.",0,NEG,train
1984,"Staff was friendly and helpful and the location perfect (walking distance to White House area, neighbourhoods with restaurants, bars and shops, and the conference centre (20 minute walk, but easy to reach). The hotel looked quite dated. The WiFi occasionally was not able to provide fast connection if used by many users (e.g., in the morning between 8-10am). My room's ac was not able to really cool the room and during the day it was even quite warm despite having the ac turned on to its max (both cooling and fan speed). A bit disappointing was that my room did not have a mini fridge. I would have liked to cool my water and have some yoghurt for my breakfast or have my restaurant leftovers cooled in a fridge. This appears to be the same issues in the rooms of my colleagues (those without a kitchen).",0,NEG,test
10985,"The hotelname is a splendid choice for any traveler in cityname . With its spacious, comfortable rooms and a welcoming, helpful staff, it truly made my stay enjoyable. Breakfast was delicious with a wide variety to fit anyone's palate. Slightly further from city center, yet still within reasonable accessibility.",1,POS,train
10986,"The hotel leaves a pleasant and comfortable impression. Its central location allows for easy access to attractions and services. The staff was welcoming and helpful, and the rooms were satisfactory in terms of comfort and cleanliness. The breakfast could have had a better variety, and the decor is a bit outdated.",1,POS,train
10987,"The hotel was nicely located with convenient access to major attractions. Staff was courteous and professional. The room service could be a bit faster, but it wasn't really a big issue.",1,POS,test
10988,"hotelname Hotel has an excellent location, very near to some top attractions. Rooms are spacious and clean. The staff were fantastic, really going the extra mile to ensure everything was perfect. The food is delicious and varied. I would most definitely recommend this hotel to anyone visiting cityname .",1,POS,test
10989,"The staff at hotelname in cityname were extremely friendly and accommodating. I found the rooms to be quite spacious and the amenities were up to the standard. The hotel's location was also very convenient, offering easy access to the city's main attractions. The breakfast options were a bit limited, but still satisfactory.",1,POS,test
10990,"The location was fairly central and easy to reach. The hotel feels significantly run down both inside and out. The staff members were not particularly helpful or open to providing assistance. Paradoxically, the WiFi was almost non-existence despite it being listed as a facility. The rooms were clean, albeit worn and in need of a renovation. Available amenities within the rooms were basic and dining options were limited and underwhelming in taste.",1,NEG,test
10991,"Good location Outdated rooms, unprofessional staff, and lacking quality in food services.",1,NEG,train
10992,"The location was central Unfortunately, the cleanliness was just not up to standard. I spotted dirt in several areas of my room, and the bathroom was not in the best condition either. The service was also lacking, with staff often seeming uninterested or unavailable. In this competitive industry, lack of attention to detail can seriously hinder a hotel's reputation. I cannot recommend this hotel and would advise other travelers to find another place to stay in cityname .",1,NEG,train
10993,"The breakfast had a nice variety of options and the restaurant on top of the hotel offers a great panoramic view of the city. There are a couple of issues I faced during my stay at hotelname . The elevators were out of service for a noticeable period, which is rather inconvenient if your room is on a higher floor. The air conditioning in the room was not working properly which made it uncomfortable during the night. Housekeeping wasn't up to par and could use improvement. Also, the walls seemed to have poor soundproofing, allowing me to hear all hallway noises.",1,NEG,train
10994,The hotel is located in city center which is a plus. The rooms can be better cleaned. The carpet was stained and the furniture is old. The food also lacked variety. Staff need to improve on their customer service skills.,1,NEG,test
10995,"Central location, easy to reach major tourist sites and city center. Extremely clean rooms and professional staff Nothing to complain about",1,POS,train
10996,"The hotelname in cityname did impress with its comfort and high standard service. The rooms were spacious, clean and well-maintained, and all the amenities were top-notch. The staff were very attentive and went out of their way to make our stay memorable. The location is also a big plus, being central and within walking distance from shops, restaurants, and metro stations.",1,POS,train
10997,"I can't say anything negative about the hotelname in cityname . Everybody is very friendly and tries to help you wherever they can. Breakfast is amazing! There's a wide variety of food which tastes as good as it looks. The rooms are extremely clean and the housekeeping does everything to keep it that way during your stay. Lovely city views from the higher floors, would definitely recommend!",1,POS,train
10998,"What I enjoyed the most about hotelname was its homely atmosphere and warm, welcoming staff. The rooms were spacious and neatly decorated, and the comfort of the bed was unparalleled. Breakfast was a highlight, offering a variety of delicious local and international options. Its prime location, nestled in the heart of cityname , made it easy to explore the city's vibrant offerings. My only critique would be the Wi-Fi connectivity, which was occasionally slow and unstable.",1,POS,test
10999,"The hotel location was fantastic, within walking distance to major attractions and public transport. The room was immaculate with daily cleaning. The staff was always ready with a smile and very helpful in helping us navigate the city. The breakfast spread was also bountiful and delicious! I enjoyed everything about this hotel, only downside was the noise from the traffic at night but it didn't affect our overall enjoyment of the hotel.",1,POS,train
11000,"Convenient location in the city center. Our room was extremely basic, felt like it was due for a renovation. The air conditioning was ineffective, which was difficult in the heat. Lastly, the breakfast was disappointing, with not enough variety for a hotel of this standard.",1,NEG,train
11001,"Despite the poor overall experience, the hotel is centrally located which gives it easy access to local attractions. My stay at hotelname in cityname was marked by cleanliness issues, unsatisfactory food quality at the breakfast buffet, and a serious lack of proper customer service.",1,NEG,train
11002,"Location was quite good, within walking distance to several attractions Overall, a very disappointing experience at hotelname . There was a severe lack of customer service, staff members were generally unhelpful and unresponsive. The room itself, while clean, was not particularly comfortable - the bed was hard, and the air conditioning system was loud and made it difficult to sleep. Additionally, the Wi-Fi was slow and kept disconnecting. Breakfast was also quite poor with limited choices.",1,NEG,train
11003,"The hotel was located close to the city's main attractions. The service at hotelname was far from satisfactory. From the moment I checked in, the front desk staff was unhelpful and dismissive. The WiFi was frustratingly slow, making it impossible for me to get some necessary work done. The room was not cleaned properly, leaving a disappointing experience overall. I have to say that the facilities are pretty run down and could use serious refurbishment too.",1,NEG,train
11004,"The hotel's location is convenient, right in the center of cityname . The rooms were clearly not up to par. Harsh lighting, a lack of any aesthetic design and an uncomfortable bed did not make for a pleasurable stay. There seemed to be constant noise in the hallways, and the thin walls did little to keep it out. The room service menu was disappointing with limited options and the food quality was subpar. Additionally, the staff also lacked warmth and attentiveness.",1,NEG,test
11005,"The hotel is ideally situated in the heart of cityname which offers an easy access to the city's must-see destinations. The rooms are comfortable and clean, the breakfast is great with a variety of choices. Staff are friendly and go out of their way to ensure guests have everything they need. The only downside would be the traffic during peak hours in the city, but that is no fault of the hotel. A bit noises from nearby rooms can sometimes be heard.",1,POS,test
11006,The hotel was located conveniently and offered decent amenities. Staff were cordial and helpful. The breakfast could do with a little more variety.,1,POS,train
11007,"The hotelname in cityname offers comprehensive services and a friendly staff. The complimentary breakfast selection was excellent, and I appreciated the spacious, well-furnished rooms. Its location is also convenient, being in close proximity to historically significant sites and local shopping. However, the fitness facilities, while clean, could do with some upgrading to match the high standards of the rest of the establishment.",1,POS,train
11008,The hotel is conveniently located in the heart of cityname . The staff were extremely friendly and the breakfast was delicious. Rooms were clean and spacious. The WiFi connection was occasionally unstable.,1,POS,train
11009,"Pleasant and helpful staff, clean and comfortable rooms. Provides everything you need for a comfortable stay.",1,POS,test
11010,"The central location of the hotelname in cityname could not be beaten. The proximity to local attractions and transportation was ideal for travel purposes and providing some options for venturing out into the city. Unfortunately, the hotel's prime location could not make up for the negatives we found. Our stay at the hotelname was marred by unclean rooms, poor service, and uncomfortable beds. The wifi consistently failed and made it difficult to plan our daily excursions. In addition, the breakfast buffet was below average with not much variety and the surroundings weren't kept clean. Moreover, the staff seemed indifferent to our complaints about the rooms and service, which made our stay more frustrating.",1,NEG,train
11011,Hotel was in a generally good location Rooms were outdated and not as clean as they should have been. Staff was not very responsive to concerns.,1,NEG,train
11012,"The hotelname is situated in a very convenient location within cityname . Sadly, the hotel did not meet our expectations. Unmaintained facilities, outdated decor, and lack of cleanliness were significant issues. Customer service was also far from adequate. We were disappointed with the value for money.",1,NEG,test
11013,"The location was decently close to some major attractions and the staff were quite polite and accommodating. The room itself was a bit disappointing. The carpet looked worn out and the bathroom wasn't as clean as I would have liked. Additionally, the breakfast was rather plain with limited variety. Soundproofing was also an issue, I was able to hear the noise from the corridor during the night.",1,NEG,test
11014,"Location Paying for the internet is a bit of a downer, given the fact that it's almost a given at most places to have free Wi-Fi. Plus, the rooms were a bit on the smaller side.",1,NEG,test
11015,"Beautiful location, excellent amenities and friendly staff",1,POS,test
11016,"hotelname is truly a jewel of a hotel. The rooms are spacious and well appointed, and the staff is superb. Their kindness and attention to detail really make for a pleasant stay. Furthermore, the location is excellent, providing easy access to the heart of cityname . Highly recommended for any stay.",1,POS,train
11017,"Loved the spacious and comfortable rooms along with the fantastic view. The hotel was very clean and well maintained. The staff could improve their English skills to provide better service for international guests. Ideally, they should have clear instructions in English for the buffet, pool and other facilities.",1,POS,train
11018,"hotelname offers top notch service, comfortable beds and a wonderful buffet breakfast. The central location was quite convenient for exploring the city. The WiFi was a bit spotty at times in the room, much better in the common areas.",1,POS,train
11019,"Spacious rooms, professional staff, comfortable bed and delicious food, peaceful environment. This hotel is just perfect! None!",1,POS,test
11020,"Service was polite The rooms are outdated and poorly maintained, with worn out furniture and appliances. The cleanliness was also not up to standard, with dust in some corners and a lingering smell of smoke, even though it was a non-smoking room. The food at the hotel restaurant was mediocre at best, lacking in flavor and variety.",1,NEG,train
11021,"The location was alright, near some stores and parks. The worst thing about the stay was the uncomfortable rooms. The air conditioning seemed old and was very noisy, which made it hard to sleep. The bed was also quite stiff and the pillows offered little support. Moreover, the cleanliness was a concern. There were hairs in the bathroom and dust under the bed. Lastly, the staff was not friendly or attentive. It was difficult to communicate with them and they failed to promptly respond to the problems.",1,NEG,train
11022,"The lobby was beautifully designed. The room was extremely outdated with an uncomfortable bed, the customer service was unresponsive, and the amenities promised were not as they claimed.",1,NEG,train
11023,"The hotel has a decent location in the city. Unfortunately, my stay at hotelname was underwhelming. From an unimpressive welcome by the front desk staff to the lackluster cleanliness in the room, the hotel certainly under-delivered. The bed was not as comfy as one would expect from such a reputation, and the noise from the street didn't help in providing a good night's sleep. The breakfast spread was barely passable, and although the hotel boasted of several amenities, a lot of them seemed to be constantly under maintenance. Despite being located in the heart of cityname , the disappointing service and experience dampened the overall experience.",1,NEG,train
11024,"Staff at the reception speak English, breakfast was varied. From outdated rooms to subpar food quality. The place badly needs an overhaul. The rooms are not clean as they should be, found several hairs in bathroom and a stain on one of the towels. The pool area was also not very clean. The wifi connection was horrible, barely able to load emails. Unfortunately, wouldn't recommend it to others until these issues are addressed.",1,NEG,test
11025,"The Grand Mercure Hotel in cityname was a total gem. The staff was friendly and hospitable, going out of their way to ensure our stay was comfortable. The room was clean, spacious, with a luxurious touch - quality bedding and modern decoration. The buffet breakfast was included - it was an interesting mix of local and international cuisine. The location was superb - close to the business district and major attractions. I would certainly recommend this hotel to anyone travelling to cityname . Nothing noteworthy. Just a little bit more variety in the breakfast menu would have been cherry on top!",1,POS,train
11026,"hotelname exhibits a beautiful blend of traditional styles and modern comforts to guarantee a fulfilling stay. Situated in an excellent location, this hotel features spacious, stylistic rooms, and warm, welcoming staff who are ready to meet your every need. Its proximity to a variety of attractions makes it an ideal choice for both leisure and business travelers. Despite its marked beauty, I noted a bit of traffic noise due to its location. But this was only during peak hours and didn't affect the overall charm of the hotel.",1,POS,train
11027,"The hotelname stands out for its exceptional customer service, spacious rooms, and gourmet dining. The hotel's location in the heart of cityname makes it an ideal choice for both business travellers and vacationers. While the hotel prides itself on keeping up-to-date, some areas feel a little dated and could benefit from a modern makeover. Double confirmation for reservations could also be streamlined for smoother customer experience.",1,POS,train
11028,A wonderful stay set in a great location! Service was fantastic and the food was pure culinary brilliance. The room was pristine and comfortable with an unmatched view. The WiFi was slightly slow and had occasional disconnects.,1,POS,train
11029,"Excellent hotel in the heart of cityname . The rooms are spacious and clean, with comfortable beds. The staff was friendly and helpful. Highly recommend this hotel for both work and leisure. I wish they had more vegetarian options on their menu.",1,POS,train
11030,"The view from the hotel room was pretty impressive, giving a wide panorama of cityname . However, the hotel overall was pretty disappointing. The rooms were dated and in dire need of renovation. The Wi-Fi was extremely patchy and made it almost impossible to get any work done. The staff, although friendly, were not very responsive to requests or complaints.",1,NEG,train
11031,The hotel's location is great. Really close to the city center. The room was not up to standard. It was small and poorly maintained. The staff were not helpful when we encountered problems. The services promised were not delivered and the overall experience was quite disappointing.,1,NEG,train
11032,Great city views from the upper floors The hotel seemed rather outdated. The room I stayed in had several issues related to plumbing. Check-in process was longer than expected,1,NEG,test
11033,"The location is quite central, but that's about it. Unpleasant smell in the rooms and the corridors, slow wifi and not so clean bathrooms.",1,NEG,train
11034,Positives were the proximity to the central parts of cityname The outdated rooms were disappointing with poor air quality and ventilation. The service was less than ideal and could definitely use improvement. The overall amenities were also lacking compared to other hotels in the area.,1,NEG,train
11035,"At hotelname in cityname , I found the rooms to be significantly spacious, clean, and comfortable. The breathtaking view of the city from my room always felt like icing on the cake. The location is a definite winner - it's in close vicinity to several essential hotspots like the Kocatepe Mosque and Ataturk Cultural Center, which made exploring the city incredibly effortless. The hotel staff were courteous and ever-willing to assist, whilst the added availability of a translator was a thoughtful touch. The buffet breakfast was vast and delicious, offering everything from various breads, jams, cheeses, fruits, fresh vegetables, scrambled eggs to flavorful Turkish tea. Only minor downside was the noise from the busy city, but that's unavoidable given the central location.",1,POS,train
11036,"Great hospitality, clean rooms, fantastic location WiFi connection could be improved",1,POS,train
11037,"The rooms were spacious and clean, and the staff were incredibly friendly and helpful. The location of the hotel in the city center was very convenient, allowing easy access to local attractions. The buffet breakfast could have a wider variety, especially for those with dietary restrictions.",1,POS,train
11038,"The hotelname has an excellent location, delicious breakfast, and extremely courteous staff The WiFi was a bit inconsistent. It would be great if it was more reliable.",1,POS,test
11039,"hotelname offers genuinely friendly staff who are always ready to assist. It's in a great location, within walking distance of local attractions. The rooms are impeccably clean and the food is delicious. However, the WiFi could be a bit spotty at times, and the soundproofing isn't quite 100%. But overall, these were just minor drawbacks in an otherwise excellent stay.",1,POS,train
11040,"The only positive thing about hotelname was its proximity to the city center. However, I am deeply disappointed with my stay at hotelname , cityname . The quality of the services offered was incredibly poor. The rooms were not clean, cluttered and had an unpleasant smell. To make matters worse, the hotel staff were not friendly and the language barrier made communication very difficult. The food was not tasty and lacked variety. Given these issues, I would not recommend hotelname to other tourists.",1,NEG,train
11041,"The hotel's location is fairly central and close to public transport, which was convenient. I have numerous disappointments from my stay. Firstly, the rooms felt very dated and could definitely use a facelift. Secondly, the cleanliness issue was a constant problem throughout my stay, there was dust and dirt in the corners of the room and the bathroom. Finally, their breakfast was underwhelming at best, with a lack of variety and freshness.",1,NEG,train
11042,"The location of the hotelname is good, as it is close to the city center and major attractions. Despite its great location, my experience at the hotelname wasn't as expected. Firstly, the room I stayed in was in poor condition, paint was peeling off the walls and the furnishings were old and worn out. The in-room facilities were also lacking, with a faulty air conditioner and a shower that alternated between hot and cold. The hotel staff were less than helpful when it came to addressing these issues. Also, the hotel doesn't offer any sort of recreational activities or a fitness center, which was a big downside for me.",1,NEG,train
11043,"The location was decent and the neighborhood seemed generally safe. The room was decidedly grubby, with visible stains on the sheets and cobwebs in the corners. The bathroom fixtures were ageing and the shower had very weak water pressure, making it difficult to wash properly. The breakfast was bland and lacked variety. Plus, service quality was very inconsistent; some staff members were polite and helpful, while others were standoffish and rude. Overall, the hotel doesn't offer good value for the price.",1,NEG,train
11044,"The lobby was well-decorated and the central location was convenient. Customer service was lacking. The room was quite dirty upon check-in, especially the bathroom. The food served during breakfast was stale and the noise from the street was quite disturbing, leading to a bad sleep experience.",1,NEG,train
11045,"The hotelname in cityname offered a lovely experience with a homey atmosphere. Its rooms were spacious and clean with comfortable beds. The staff were caring and friendly, always ready to give advice about the city's attractions. Its location is ideal, allowing easy access to local eateries, shops, and the city center. Wi-Fi connection could improve, as it was slightly unstable in the rooms. Regardless of this minor detail, the experience was wonderful overall.",1,POS,train
11046,"The hostel staff was incredibly friendly and helpful. The location was superb, right in the heart of the city. The rooms were clean and well-maintained. The beds were a bit hard, but still manageable.",1,POS,train
11047,"Hotel hotelname in cityname offered a delightful stay with its extremely friendly staff and incredibly clean facilities. The location is also very convenient, close to major sights and public transportation. It would have been better if there were more dining options in the vicinity of the hotel.",1,POS,train
11048,"The staff are impeccable with their service - always willing to help out and going above and beyond to ensure comfort. Plus, the cleanliness standards are top-notch. The rooms could have a bit more space and the internet connection was inconsistent at times.",1,POS,test
11049,"The hotelname provides a comfortable and cozy stay experience with its warm atmosphere and friendly staff. The location is great, close to many points of interest in cityname . Wi-Fi was a bit inconsistent at times, but not a major issue.",1,POS,train
11050,"The staff was helpful and friendly The room was damp, there was a lack of sound insulation and Wi-Fi was inconsistent",1,NEG,train
11051,"Convenient location and friendly staff. The rooms were poorly ventilated, making it stifling during the night. Also, the breakfast was quite limited and not very appetizing. Lastly, the noise from the street was bothersome and I found it difficult to get a good night's rest.",1,NEG,train
11052,"The location of the hotelname in cityname is quite good, being centrally located, and the lobby has a welcoming environment. It was quite a disappointing experience staying at the hotelname . The rooms were small and not maintained properly. The heating system was not working well, leading to an uncomfortable night. Additionally, the staff seemed unprofessional, and their lack of prompt service was quite disheartening. The noise from the adjacent street was also disturbing, making it difficult to rest properly.",1,NEG,train
11053,+Location is prime +Budget friendly -The rooms were not clean enough. Dust everywhere and the bathroom was way too dirty -The staff could not communicate well in English which led to several misunderstandings -The noise levels from outside was so high that it became very hard to sleep -The hostel had a very limited selection for breakfast and the quality was below average,1,NEG,train
11054,The parking available was a plus. Close proximity to main attractions. Communication was tough as the staff had limited English skills. Bed linen was not particularly clean. Insufficient bathroom facilities for the number of guests. No common room or social area for guests to interact.,1,NEG,test
11055,"Superb service from staff, spectacular views from higher floors, spacious and ultra clean rooms, proximity to various important landmarks The breakfast menu could do with more variety",1,POS,train
11056,hotelname in cityname provided a wonderful experience. I found the staff to be exceptionally friendly and the rooms clean and comfortable. The location in the business district was also quite convenient. I would highly recommend this hotel.,1,POS,train
11057,"The rooms were clean and comfortable, the location of the hotel is very desirable for business travelers. Excellent customer service. No significant downside to mention",1,POS,train
11058,The staff was extremely helpful and accommodating. Clean and well-furnished rooms. Central location with easy access to public transport. The breakfast offerings could be more varied.,1,POS,test
11059,"Clean rooms, friendly staff, and great location Lack of variety in food options",1,POS,train
11060,"The location is pretty central, great for business travellers. Firstly, the beds are really uncomfortable and hard as a rock, resulting in a poor night's sleep. The bathroom wasn't that clean, and the shower was barely functional. Lastly, the hotel staff had some serious communication problems. Not all the staff could speak even basic English, which made it difficult to address any queries.",1,NEG,train
11061,"The hotel is situated in a good location in cityname , offering easy access to the city. The price was also reasonable. The rooms left a lot to be desired. The furniture and overall decor looked outdated, giving the room a drab feeling. The cleanliness wasn't up to the mark either; there were dust bunnies underneath the beds, and the bathroom lacked essential toiletries. Additionally, the noise from the street was quite disruptive, and the lack of soundproofing only exacerbated this issue. The breakfast was underwhelming, with a limited range and quantity of food.",1,NEG,train
11062,"The staff at the hotelname were polite and the location is quite convenient. Unfortunately, the overall stay was unsatisfactory. The room was not cleaned properly, there was a constant noise from the street and the breakfast did not meet my expectations. The wifi connection was also poor.",1,NEG,test
11063,"Central location The room was too small, the heating didn't work properly and the hotel staff was unresponsive to our complaints.",1,NEG,test
11064,"The location of the hotel was ideal, being in the center of cityname ; the room was clean. The staff could use a bit more training, they seemed inexperienced. Also, the noise from the nearby bars was quite loud during nights, which made it difficult to sleep.",1,NEG,train
11065,"The hotelname was a very convenient location for those arriving or departing at odd hours due to its close proximity to the airport. The staff was very considerate, understanding, and went out of their way to make sure my stay was comfortable. The breakfast was also a noteworthy feature with a decent variety of dishes. Rooms were clean and efficient, with a quiet atmosphere which was great for relaxing after a long journey. The rooms could use a bit of an update as some of the furnishings seemed a bit old and worn out. Also, the hotel might not be the most ideal if you are looking to explore central cityname , as it's quite a distance away.",1,POS,train
11066,"The convenience of location was remarkable with just a few minutes distance from the airport. The staff were friendly and extremely helpful. The rooms were very clean and comfortable, quite conducive to a good night's sleep after a long flight. Most of the TV channels were in Turkish without options for English subtitles or dubbing.",1,POS,train
11067,"The hotel is conveniently located near the airport, just a few minutes drive away. The staff were helpful and efficient. My room was clean, quiet, and comfortable, perfect for short overnight stays. The breakfast buffet was also quite decent with a variety of options. There were not many dining options around, as the hotel is located in an industrial area. Additionally, the shuttle service to the airport could be improved.",1,POS,train
11068,"The proximity to the airport was ideal. Efficient service, clean and comfortable room. Had a restful night before my flight! Do wish they had more variety in the restaurant menu. A bit limited for my tastes, nonetheless, the food was decently good.",1,POS,train
11069,"Easy access to the airport, perfect for early flights. Staff were amicable and always ready to assist. The rooms were clean, comfortable and had everything we needed for a comfortable stay. The restaurant menu could be a bit more varied, but this was a minor issue considering the overall excellent service.",1,POS,train
11070,"The bed was comfortable. Despite being close to the airport, the noise levels from the airplanes were intolerable. The staff didn't seem to care about the guests' satisfaction, and customer service was poor. The rooms were also inadequately cleaned, making our stay uncomfortable.",1,NEG,train
11071,"Proximity to the airport was beneficial, making travel quite easy. The rooms were notably small and the food options at the hotel were limited.",1,NEG,test
11072,"The hotel offers a good location near the airport, and the quick check-in process was appreciated. Unfortunately, the room and bathroom were unclean and the bed was extremely uncomfortable. To top it off, the hotel staff was unhelpful and somewhat rude during my stay.",1,NEG,train
11073,"Close to the airport The rooms were tiny, and the beds were incredibly uncomfortable. They had a terrible smell of smoke despite being a non-smoking room. The food at the restaurant was underwhelming and overpriced. To top it all off, the noise from the airport kept us awake all night.",1,NEG,train
11074,Conveniently located near the airport The rooms are quite small and service could be improved,1,NEG,train
11075,"Extremely comfortable beds, excellent breakfast buffet, and very friendly and helpful staff. The gym was a bit limited in terms of equipment.",1,POS,train
11076,Really enjoyed the spacious rooms and great view of the city. Can't think of any.,1,POS,test
11077,"Incredibly comfortable rooms, exquisite cuisine, and friendly staff that's always willing to help. The hotel is located in the Central Business District, making it highly convenient. Sometimes, the high number of guests can cause the elevators to get a bit crowded. But nothing too bothersome.",1,POS,train
11078,"Great location with easy access to attractions, excellent services from friendly and accommodating staff. No complaints found during my stay.",1,POS,train
11079,"Everything about the hotelname was top-notch. The rooms were spacious and clean, the staff was friendly and always ready to help, and the food was simply delicious. The location was also a major plus, with easy accessibility to major tourist spots. Honestly, I struggle to find any major downsides to this hotel. It surpassed all my expectations.",1,POS,train
11080,"Nearby public transportation access Disappointing room service, lack of cleanliness, unresponsive staff",1,NEG,train
11081,"The impressive facade of hotelname indeed makes a promising first impression. The lobby area is amply spacious, filled with comfortable seating arrangements. Despite the grandeur, my stay was marred by numerous issues. Firstly, my room, though generally clean, had stains on the bathroom tiles and the bed linen was crumpled as if used. I asked for it to be changed but to no avail. The heating system in the room was faulty, leading to frosty nights. Worse yet, the promised high-speed Wi-Fi barely functioned which severely disrupted my work meetings. Moreover, the staff, though polite, lacked efficiency and commitment in solving any of the above mentioned issues. The food quality was mediocre with limited vegetarian options.",1,NEG,test
11082,"The only redeeming feature of the hotel was its convenient location and the fairly comfortable beds. I had problems with the cleanliness of the hotel. The rooms were not properly cleaned and the towels and bed sheets weren't changed on a daily basis. The walls were thin, making it noisy, particularly at night. The dining area was unimpressive with limited selection of food. The hotel staff, while friendly, was not very responsive and oftentimes, inefficient. Their customer service needs significant improvement.",1,NEG,train
11083,"Nothing. Horrible experience. Bad customer service, rooms were not clean and the food was below average.",1,NEG,train
11084,"The staff was friendly and the location was conveniently close to the city center. However, the hotel's overall cleanliness needs major improvement, particularly in the bathrooms where there were signs of mildew. The noise level was also quite high, resulting in a lack of proper sleep.",1,NEG,train
11085,"The hotelname is located in a convenient part of town, near to shopping and dining areas. The room was clean, comfortable and spacious. It was also equipped with a modern and functional bathroom. The staff were very friendly and helpful, providing excellent service. The only downside was the breakfast dining area. It's a bit small and can get congested during peak hours.",1,POS,train
11086,"My stay at hotelname was, in one word, amazing! The hotel staff was very courteous and helpful and they even assisted us with some valuable local travel tips. The breakfast buffet was diverse enough to meet my dietary preferences. Moreover, the room was very clean and comfortable, offering splendid city views. Perhaps the only downside I would indicate is the traffic noise during daytime, but I guess that's beyond the hotel's control.",1,POS,test
11087,"Fantastic stay at the hotelname . The rooms were spacious and very clean, and the staff were super friendly and helpful. The location is superb, in the heart of the city, making access to major attractions a breeze. I particularly enjoyed the breakfast with a broad selection to cater to all tastes. The only small issue would be the limited English channels on the TV, but honestly, with so much to see and do in cityname , we barely turned it on.",1,POS,train
11088,"I thoroughly enjoyed my stay at the hotelname . Its location is central and extremely convenient, being just a short stroll away from many major attractions such as the Forbidden City and the Wangfujing Shopping Street. The rooms were of a good size, clean and well-maintained, with a comfortable bed and a good selection of amenities. One particular highlight was the hotel's buffet breakfast – it had a diverse range of options, both Chinese and Western, and everything was fresh and delicious. The hotel also has a fitness center and indoor pool, which are well-maintained and much appreciated after a long day of sightseeing. The staff were consistently helpful and professional, and their effort to ensure that my stay was comfortable and enjoyable was very much appreciated. The only downside I could possibly add was a slight issue with the Wi-Fi in the room. It tended to disconnect intermittently, which made it a bit inconvenient for job-related work, but for general browsing it did the job.",1,POS,test
11089,"The location of hotelname was perfect, within walking distance to the subway station and shopping malls. The rooms were clean and spacious with a comfortable bed. In addition, the staff was friendly and helpful throughout our stay. The only negative aspect might be that the internet connection was a bit slow",1,POS,train
11090,"The location is quite good, close to some tourist attractions The room was quite dated with clear signs of wear and tear. The cleanliness of the room left a lot to be desired as well. Service at the front desk was less than stellar.",1,NEG,train
11091,"The location of hotelname is commendable. It is in close proximity to the subway and shopping district. The lobby staff were welcoming and tried to help in any way they could. The hotel experience was less than satisfactory. The rooms were drab, poorly lit and not properly cleaned. The in-room amenities were severely lacking – the WiFi connectivity was poor, and the television had very limited English channels. Furthermore, communication with the majority of staff was quite challenging due to barriers in language. The dining options in the hotel were not satisfactory - the food was bland and undercooked. The price was not reflective of both the service and the accommodations provided.",1,NEG,train
11092,"It has convenient location close to shopping district. Despite its prime location, the hotel rooms were extremely outdated. The WiFi was almost non-existent and the hotel staff was not cooperative. Room service was tardy and menu was not impressive. Overall, a disappointing stay.",1,NEG,train
11093,"The hotel's location is quite convenient, providing easy access to local attractions and public transportation My stay at hotelname was filled with disappointment from the start. The check-in was slow with staff that seemed disinterested. The amenities were not up to par with what you would expect from such a renowned chain - the carpeting in the rooms was old and stained, the TV had a rather limited selection of channels and the air conditioning did not work, which made for some uncomfortable nights. Furthermore, the noise from the street was quite disturbing even during the night. Lastly, the food served for breakfast at the restaurant was bland and lacked variety.",1,NEG,train
11094,"Decent location and friendly staff Rooms seem to be outdated and smells of mildew somewhat. Shower drain doesn't work properly and water leaks onto the bathroom floor making it a potential hazard. Despite repeated requests, the issues weren't addressed promptly. Hotel restaurant doesn't accommodate dietary restrictions well.",1,NEG,train
11095,The room service was top-notch and the location was conveniently close to main attractions. The room temperature was a little difficult to control.,1,POS,train
11096,Perfect location. Wonderful breakfast. Hotel staff was exceptional. Nothing,1,POS,train
11097,"Exceptionally clean and convenient with friendly and helpful staff. It is not far from local eateries and the subway. Shuttle service from the airport was a nice feature as well. Would have appreciated a better variety for breakfast, but overall it was good.",1,POS,train
11098,"The Holiday Inn Express cityname Dongzhimen provided a seamless stay, beginning with a smooth and efficient check-in process. The rooms were well-appointed, clean and offered all the necessary amenities. The location was also great, being well-situated with easy access to public transportation, a variety of local eateries, and major tourist sites. There were no notable downsides worth mentioning.",1,POS,test
11099,"The Holiday Inn Express cityname Dongzhimen offers clean, comfortable rooms with modern amenities. I was particularly impressed by their breakfast, a mix of both local and international cuisine, with options to satisfy all tastes. It's also conveniently located, with close proximity to transport links and major attractions, making it easy to explore the city. Probably the only downside is the lack of a gym, but with all the attractions around, you'll have plenty of walking to keep you active.",1,POS,train
11100,"The hotel has an interesting location, it's situated near shopping centers and restaurants which are a walking distance from the hotel. The rooms are not adequately cleaned, there was an issue with the heating system both in the room and in the hotel building during my stay. Breakfast was not diverse enough and not up to expectation, this is not what I usually get from a Holiday Inn Express Hotel. The noise insulation was also pretty bad, we could hear people talking in the hallway and also the car noise from outside.",1,NEG,train
11101,"Proximity to subway The room was barely cleaned, the air conditioning was poor and the breakfast lacked variety",1,NEG,train
11102,The location was quite handy to get around the city The staff was unprofessional and the hotel seemed outdated. Breakfast variety was ridiculous and the same food was served every day. Room cleanliness was also an issue. I would not recommend this hotel for stay in cityname .,1,NEG,train
11103,Central location with easy access to public transportation. Rooms were outdated and poorly maintained with malfunctioning air conditioning. Housekeeping overlooked several areas during daily cleanings. Poor buffet breakfast selection and inconsistent replenishing. Staff were struggling with English which led to communication difficulties.,1,NEG,train
11104,"Centrally located with easy access to public transport The hotel has serious issues with hygiene, found stains on the bedsheets upon arrival. The room service was very slow, had to call multiple times to get towels. The breakfast was subpar with very limited variety. Also, the Wifi was incredibly slow and inconsistent which made it difficult to work or even browse.",1,NEG,test
11105,"hotelname is perfectly situated, just a short taxi distance away from major attractions. The room was clean, spacious and offering a splendid view of the city. The buffet breakfast was extensive and truly impressive. While the hotel is great overall, communication in English was a bit tricky with some of the staff.",1,POS,test
11106,"hotelname exceeded all my expectations. The rooms were clean, spacious, and well-appointed. The location is also fantastic, being just a stone's throw away from cityname 's major attractions. The staff was friendly, courteous, and went out of their way to ensure our stay was comfortable. It was a bit difficult to communicate with some of the staff due to language barriers, but it did not greatly impact our overall experience.",1,POS,test
11107,"The hotel is an excellent place to stay with clean, comfortable rooms and fantastic onsite amenities. The evening entertainment offerings could be improved.",1,POS,test
11108,"The hotel is conveniently located in the heart of cityname , in close proximity to major attractions and business districts. Rooms are spacious and tastefully decorated, with all the modern amenities that one could need. The staff was incredibly helpful and the service was top-notch. The on-site restaurants offer a variety of cuisines that cater to all taste buds. A very enjoyable stay!",1,POS,train
11109,"Outstanding service, comfortable rooms, excellent location Limited variety of cuisines",1,POS,test
11110,"The view from the room was impressive and the location was close to the city center. hotelname was something of a disappointment. Although it's advertised as a luxury hotel, the room decor was outdated and tired. The carpets in the hallways were worn and unclean, and the elevator was sluggish. Furthermore, the staff's English proficiency was limited and it made communication challenging. The WiFi connection was poor and inconsistent. Additionally, the buffet breakfast was repetitive and lacked variety. Rooms were inadequately soundproofed; noise from surrounding rooms and the hallway was easily audible. Lastly, the bathrooms used outdated fixtures and there were constant issues with running hot water.",1,NEG,train
11111,"The location of the hotel was advantageous and in the heart of cityname , which was nice. Unfortunately, the air conditioning was not functioning properly which made my stay very uncomfortable. Moreover, the staff was not very helpful or accommodating. They seemed uninterested in providing excellent customer service which was disappointing. The meals at the hotel restaurant were overpriced and mediocre at best. Also, there was constant noise from other guests that the hotel management failed to address. Lastly, I found the WiFi to be extremely slow which hindered my ability to work and communicate with my friends and family back home. I would not recommend this hotel to anyone.",1,NEG,test
11112,"The location of hotelname was decent and convenient for travel around cityname . Unfortunately, my stay at hotelname was less than satisfying on a few fronts. Firstly, the level of customer service was quite debatable, ranging from little to no assistance in the handling of basic requests. Secondly, the standard of the room left a lot to be desired, with worn out furnishings and a lack of thorough cleaning. Lastly, the in-house amenities such as the fitness center and dining options were subpar and not up to industry standards. The fitness center was poorly equipped and the dining options were limited and low quality.",1,NEG,test
11113,"The hotel has spacious rooms and a great view of the city. Despite its impressive exterior and lobby, the rooms are outdated and not well-maintained. Also, some staff members are not adept at communicating in English, which made the stay quite challenging. Lastly, it's not as close to the city center as I would have liked.",1,NEG,train
11114,"Convenient location and nice city views Very poor service. The staff didn't seem to care at all about their guests. The rooms were not clean and we were disappointed by the amenities provided. Overall, not a good value for money.",1,NEG,train
11115,"I found Holiday Inn Express cityname Temple of Heaven to be a very comfy and enjoyable place to stay. It's located not too far from the city centre, providing easy access to popular attractions and public transport. The room was clean, spacious and had a lovely view. The staff were welcoming and helpful, they truly made the stay pleasant. The breakfast buffet had a good choice of local as well as Western dishes, which was a delightful way to start each day. There were minor communication hiccups given the language barriers, but nothing too major that it affected my overall experience.",1,POS,train
11116,"Incredibly warm hospitality, rooms are spotless, larger than average breakfast selection.",1,POS,train
11117,"The Holiday Inn Express in cityname was top notch! Comfortable beds, clean and modern rooms, and the breakfast spread had a variety of Western and Chinese options. It was conveniently located to the Temple of Heaven and within easy access to public transportation. The only issue was the language barrier with some staff but they always tried their best to assist.",1,POS,train
11118,"Perfect location next to Temple of Heaven - a must-see in cityname . The staff was really friendly and proficient in English, which made communication easy. The rooms were clean, spacious and well equipped.",1,POS,train
11119,"Great, attentive staff, well-kept rooms, fantastic location close to popular attractions and public transportation Limited dining options in the hotel, but many nearby",1,POS,train
11120,"The hotel is near Temple of Heaven, which is convenient for sightseeing. The room was quite dusty, and the cleaning is not done properly. The breakfast buffet is very limited and does not cater well to western tastes. The front desk staff seems a bit standoffish practically ignoring hotel guests. The wifi connection was also poor, making it difficult for me to plan my days and keep in touch with family back home.",1,NEG,train
11121,The location is convenient and there are many food options nearby. The hotel rooms feel outdated and could use some improvements. The walls are thin so you can hear the conversations from the next room. The breakfast selection was very limited and the English proficiency of the staff was also lacking.,1,NEG,test
11122,"The lobby of the hotel was quite welcoming, and the location was quite close to the Temple of Heaven. The room felt quite outdated with worn out furniture. The air conditioning system was ineffective, making the room uncomfortably warm. Furthermore, most of the staff were not proficient in English, causing lots of communication issues. Not up to the usual standards I've come to expect from a Holiday Inn Express.",1,NEG,train
11123,"The location was somewhat close to the Temple of Heaven The room wasn't clean, the carpet was stained, and the staff was not very helpful or proficient in English. Additionally, the breakfast was disappointing for western standards with very limited choices.",1,NEG,test
11124,"The hotel is quite near to the Temple of Heaven and within walking distance to subway stations. The room size is acceptable. The worst part was the food. The breakfast had very limited Western options. The taste was so-so with no daily variety. The cleaning service was not the best either, and the bathroom in the room was sometimes left uncleaned. My room was not replenished with toiletries regularly and the internet connection was slow.",1,NEG,train
11125,"The ambiance is truly unique, transporting you back to ancient China the moment you step inside. The services provided were commendable, with attentiveness from the staff that makes the stay more comfortable. The rooms are clean, well-maintained, and keeps the authenticity of the traditional design while providing modern conveniences. While the location provides a deep immersion of the local culture, it may not be conveniently located for some popular tourist destinations. Some may find maneuvering around the narrow streets a bit confusing.",1,POS,train
11126,"I was in awe of the architecture and historical aura it had while still delivering modern amenities. The hotel is in the heart of cityname , making it very convenient for sightseeing. The staff was exceptionally courteous and accommodative.",1,POS,test
11127,"Quiet location just outside the hustle and bustle of the city center. Comfortable beds, friendly front of house staff, excellent breakfast buffet. Wifi was a bit spotty at times.",1,POS,test
11128,hotelname is an oasis of tranquility in the bustling city of cityname . The traditional architecture coupled with the modern amenities and first-rate guest service makes for an unforgettable stay. The hotel's location in the cultural heart of the city makes it conducive for an immersive local experience. Just a little bit hard to find at first because it's tucked away in an alley. But the experience once you're in more than compensates.,1,POS,train
11129,"The architecture was stunning, and it truly felt like you were stepping back in time. The breakfast had a wide variety of options, catering to both Eastern and Western palates. The rooms could do with a bit of an update. Some of the furniture felt a little worn and out of place in such a beautiful setting.",1,POS,train
11130,"Poor value for the high cost. Didn't meet the standards for the price. Lack of cleanliness, amenities, and customer service.",1,NEG,train
11131,"The elegance of the traditional courtyard architecture was definitely appealing. Regrettably, the rooms were not as well-maintained as they should have been with some amenities malfunctioning. Customer service also left much to be desired with long wait times. Finally, the remote location made accessing tourist destinations and local amenities inconvenient.",1,NEG,train
11132,"The hotel's traditional aesthetic was appealing The location was inconvenient, the service staff was not sufficiently proficient in English, making communication difficult. The facilities were grimy and in disrepair.",1,NEG,train
11133,"The ambiance of the hotel was quite unique. The hotel is badly signposted from the main road, making it difficult to find. The rooms were small and stuffy. Also, some of the reception staff were not very helpful or friendly.",1,NEG,train
11134,"The traditional courtyard setting had a certain charm and the location in the heart of Hutong was appropriate given the age and historical significance of the hotel The staff struggled with communicating in English, there were cleanliness issues in the room especially in the bathroom, and the lack of modern amenities made the stay less comfortable. In addition, the Wi-Fi was quite unreliable. The hotel did not meet the standard of a luxury establishment as it promised.",1,NEG,train
11135,"My stay at hotelname was truly unforgettable. The location is perfect, in the heart of the bustling city and walking distance to numerous attractions. The room was comfortable and well-equipped with all the amenities. The staff were extremely professional and hospitable, always eager to answer any questions or provide services. The breakfast buffet was a highlight - a wonderful array of both international and local options which catered to all tastes. Honestly, there wasn't anything to fault during my stay.",1,POS,train
11136,"What a grand experience at the hotelname ! From its strategic location, immaculate rooms to outstanding customer service, this hotel delivers excellence on all levels. Their food selection is impressive and mouth-watering. I also appreciated the friendly and knowledgeable staff who went out of their way to make my stay as comfortable as possible. I will definitely recommend this place to others visiting cityname . Absolutely nothing to mention. My stay was flawless.",1,POS,train
11137,"The moment I set foot in hotelname , I knew I was in for a treat. The elegance and sophistication of the hotel lobby immediately struck me, and this carried through for the entirety of the stay. The staff are incredibly gracious, always going above and beyond to ensure that your stay is comfortable and enjoyable. The rooms are exquisitely decorated, with a touch of traditional Chinese charm that adds to the overall luxurious feel. The bed was one of the most comfortable I've slept in, and the inclusion of a high-quality espresso machine was a delightful addition to my morning routine. The hotel restaurant is top-notch, serving a variety of international and traditional Chinese dishes, all expertly prepared. For relaxation, the spa and indoor swimming pool facilities are world-class and were a fantastic way to wind down after a long day of exploring cityname . The WiFi was a tad slow in my room.",1,POS,train
11138,"The hotel is located in an excellent location. The staff members were courteous and went out of their way to make the stay comfortable. The rooms were clean, spacious, and well equipped. Breakfast was enjoyable with a diverse range of options. Fitness center and indoor pool were superb. The only downside was slight difficulty in communication for non-Mandarin speaking guests, but that was manageable and did not affect the quality of the stay.",1,POS,train
11139,"Amazing hotel in a prime location. There are various interesting sightseeing places close by and it's just a short walk to the metro station. The service is excellent and, very professional and polite staff. Rooms are spacious, clean, well-equipped, and immensely comfortable. The breakfast buffet is a delight, offering a good range of food options. The property is a bit dated, but this minimal downside is completely overshadowed by the excellent services the hotel offers.",1,POS,train
11140,The hotel's location in the heart of cityname was convenient. The rooms were outdated and the lack of basic amenities was disappointing. The WiFi connection was spotty at best and the customer service left a lot to be desired. The breakfast buffet was not up to the standards of a high-end hotel.,1,NEG,test
11141,"The location of the Grand Millennium in cityname was quite convenient for my travel needs. The service, however, left much to be desired. From unhelpful staff to cleanliness issues in the room, my experience was below par for a hotel of this standing. Additionally, the room amenities were not as advertised and the food service was mediocre at best.",1,NEG,train
11142,"The hotel has a nice reception area and a good location, within walking distance to shopping centers and a subway station. The downside of the hotelname lies primarily in the old and outdated rooms. There were stains on the carpets and pieces of furniture were either broken or in a state of wear and tear. The bathroom door would not close properly and I had to call maintenance to fix it. Besides that, despite being labeled as a 'non-smoking' hotel, I could occasionally smell cigarette smoke from the hallway. This was not a pleasant experience, to say the least. Lastly, the breakfast was overpriced for what it offers.",1,NEG,test
11143,"Conveniently located Lack of English speaking staff, outdated rooms, poor WiFi connection",1,NEG,train
11144,"Beautiful lobby, well located in cityname The hotel facilities are not that well-maintained, the room was not as clean as expected, carpets were dingy and outdated and the smell of smoke is present in the hallways. While the restaurant boasts a variety of options, the quality of food was underwhelming. Moreover, the language barrier was evident the entire stay as many of the staff struggled to communicate in English which resulted in misunderstanding and ineffective problem-solving",1,NEG,train
11145,"Very impressed with the cleanliness and comfort of the rooms. The location is fantastic, very close to the Temple of Heaven. A bit more variety in the breakfast buffet would be beneficial.",1,POS,train
11146,"The Holiday Inn Temple of Heaven in cityname offers an excellent experience for its guests. The rooms are spacious and impeccably clean, providing a quiet and comfortable environment to rest after a long day exploring the city. Their restaurant offers a diverse selection of both local and international cuisines, ensuring that every palate is catered for. The staff are very friendly and always willing to assist with any queries or issues. Moreover, the location of the hotel is perfect, only a short distance from the Temple of Heaven. None to note!",1,POS,train
11147,"A wonderful stay at Holiday Inn Temple Of Heaven cityname . The room was exceptionally clean, comfortable and spacious. The location, right in the heart of cityname , near the famous Temple of Heaven. An added bonus was the excellent service provided by the staff who were always willing to help and provided great recommendations for local attractions. The buffet breakfast also offered a wide variety of delicious foods. Nothing significant to note. Could have more variety in Western food options.",1,POS,train
11148,"The Holiday Inn Temple Of Heaven is a remarkable hotel with exceptional staff. Its location is just a stone's throw away from major attractions, offering convenience. The rooms are modern, spacious and well-furnished, which made my stay very comfortable. The hotel's amenities are also commendable including a well-equipped gym and delightful breakfast spread. I honestly cannot think of any negatives",1,POS,train
11149,"The hotel has a high level service with kind and considerate employees. The rooms are nice and well equipped. Compared with many other hotels in China, this one is very orderly. The Gym is well equipped and quite empty during the day. The indoor swimming pool is nice and clean. The breakfast buffet is rich and the coffee is delicious. The location is quiet and nice for tourists as it is closer to the major attractions, but also not so far from the city center. There are also many restaurants around where you can taste local traditional food. Sometimes, if unlucky, you might get a room with little cigarette smell.",1,POS,train
11150,"Good access to public transportation, making travel around the city easier. The room was outdated and somewhat dirty. Free WiFi was very slow and frequently disconnected. Though the staff was polite, they seemed fairly inexperienced and struggled to adequately address issues.",1,NEG,train
11151,Proximity to Temple of Heaven and easy access to public transportation. The service was not up to par with poor communication skills of hotel staff. The food in the restaurant for breakfast was quite bland and the rooms were outdated and not very clean.,1,NEG,train
11152,"The location of the hotel within vicinity to the Temple of Heaven. The hotel room was old and shabby with a subpar room service. The room lighting was inadequate, which made the ambience rather gloomy. Additionally, the staff was not cooperative and there was a substantial language barrier leading to miscommunications.",1,NEG,train
11153,"Noisy neighbors, also, it seems the hotel has a bit dated furniture",1,NEG,test
11154,"The hotel is well situated near the Temple Of Heaven, which made sightseeing convenient. The hotel also had a lovely interior decor with traditional Chinese elements that enhances its charm. However, there were several aspects that were quite disappointing. Firstly, the room service was extremely slow, often taking more than an hour to deliver simple orders. The cleaning standards also left a lot to be desired, as I found dust on the furniture in my room. Additionally, the WiFi signal in the room was considerably weak, leading to frequent disconnections, which made it difficult to do some necessary work online.",1,NEG,train
11155,"The hotelname in cityname had a truly outstanding service, with a very warm and welcoming staff. The rooms were clean, spacious, and well furnished. Located in the heart of cityname , it was an amazing experience exploring the city with ease due to the hotel's convenient location.",1,POS,train
11156,"The hotelname in cityname offered excellent service and exhibited tremendous hospitality. The location was quite convenient and central, making sightseeing an easy task. I was impressed with the cleanliness and modern amenities provided in the rooms, they made my stay extra comfortable. There weren't any significant drawbacks during my stay but I thought the variety in breakfast menu could've been more.",1,POS,train
11157,Decent location. Lots of food options nearby. Rooms were a bit small.,1,POS,train
11158,"the room was comfortable and clean, with good amenities provided. Staff was friendly and helpful the location was not very convenient for sightseeing around cityname",1,POS,train
11159,"Friendly and accommodating staff, comfortable rooms, satisfying breakfast Limited English speaking by some staff",1,POS,train
11160,"The hotel's location was quite convenient for my itinerary. Unfortunately, the hotel's services were below expectations. The rooms were poorly maintained and cleanliness was a major issue. The food was unpalatable and the hotel staff exhibited a language barrier which made it difficult to resolve issues. I wouldn't recommend this hotel due to its lack of comfort and poor customer service.",1,NEG,test
11161,Convenient location - Poor breakfast selection - Washrooms need refurbishing - Staff had limited English skills - The rooms didn't feel clean,1,NEG,train
11162,It was in an accessible location The room condition was poor and the staff were not accommodating,1,NEG,train
11163,"Close to main road and relatively near to Public Transport. The facility was outdated, the bathroom was not clean and the reception staff was quite unwelcoming. What bothered me the most was the fact that nobody at the reception spoke English, which made the communication extremely difficult.",1,NEG,test
11164,"The location in cityname is good The stay at hotelname was a disappointing one, mainly due to the poor customer service, and the state of the rooms. They were not kept clean, and the bathrooms were in poor shape. The WiFi was slow and intermittent, making it difficult to stay connected. The restaurant had limited food options, and what was available did not meet expectations. I would urge travelers to consider other options in the city.",1,NEG,test
11165,"hotelname offers a truly exceptional stay experience. The decor is rich in traditional Chinese culture, lending itself to a unique and authentically cityname ambiance. The staff is incredibly welcoming, going above and beyond to accommodate every request. The location is also superb, right in the heart of the city yet in a quiet, relaxed area. My room was always clean and comfortable, ensuring a great rest each night. However, the Wi-Fi connection was somewhat inconsistent, which was a bit of a nuisance as I needed to work during my stay.",1,POS,train
11166,"The atmosphere here is stunningly nice! A classic Chinese garden right in the heart of the hostel where you can enjoy quietness and tranquility in bustling cityname . Staff are helpful and accommodating. Rooms are preserved in old Chinese style but equipped with all modern facilities. Occasionally noisy fellow guests, but it's to be expected in a youth hostel, mostly lively and friendly environment.",1,POS,train
11167,This hostel has a very convenient location near Tiananmen square and the Forbidden city. The staff was friendly and the free pancakes for breakfast were a nice touch. The rooms could use some updating and the bathrooms weren't the cleanest.,1,POS,train
11168,"hotelname is a wonderful hotel to stay in with a welcoming and warm environment. The location of the Hostel is brilliant, right in the heart of cityname which made sightseeing very convenient. The Staff were simply amazing, they were always ready to assist, making the stay even more comfortable. However, it would have benefitted from a more diverse breakfast menu, as it remained somewhat unvaried throughout my stay.",1,POS,train
11169,"The location is perfect, right in the heart of cityname . The staff was incredibly helpful and friendly, making my stay all the more enjoyable. The atmosphere was relaxed and inviting, a great place for travellers. Internet connection was a bit unstable in my room.",1,POS,train
11170,The location is quite easily accessible and the surrounding environment is decent. The room was not properly cleaned with dust on the shelves. The bed felt uncomfortable and there was some noise disturbance during the night. The WiFi connection was poor and the staff did not seem very attentive to resolving issues.,1,NEG,train
11171,"The hostel's location is very convenient, right in the hutong area. Also, the courtyard is a nice place to relax. The room was quite shabby compared to the photos I saw online when booking the room. It is also quite noisy in the evenings which makes it hard to get a good night's sleep. Furthermore, the staff was not as helpful or friendly as I would have liked. The bathroom facilities were not very clean, as well.",1,NEG,train
11172,"The exterior is rather appealing. Cleanliness was a serious issue; room was not as clean as expected and bathrooms were quite unpleasant. The noise levels were also a nuisance, courtesy of the thin walls. Staff was less than helpful and sluggish in providing services.",1,NEG,train
11173,"The hostel is centrally located, which is well suited to sightseeing in cityname city. While the location of the hostel was convenient, the overall experience was subpar. The rooms were not well maintained. The cleanliness of the room and the bathroom was also a major concern - it simply did not meet hygienic standards. The staff was not very warm or supportive. The accommodation lacks professionalism and decent customer service. Unpleasantly, the internet connection was also incredibly slow, which made planning for next day's trips difficult. Given these experiences, I would not recommend hotelname to fellow travellers.",1,NEG,test
11174,"The location is great, quite close to the Forbidden City. The common area is very chill and homely. Beds are really hard and uncomfortable. The bathrooms could be cleaner and the kitchen facilities are quite poor. WiFi service was terribly slow during my stay.",1,NEG,test
11175,"The hotelname exceeded my expectations in many ways. It is very well located with easy access to Tiananmen Square and the subway. The staff were courteous, professional, and always ready to assist. The rooms were well maintained and exceptionally clean with comfortable beds contributing to a restful sleep. The breakfast buffet in the morning offered a wide variety of delicious options satisfying all tastes. The only mild disappointment was that the outdoor pool was closed for maintenance during my stay, however, considering the overall experience, this was a minor issue.",1,POS,test
11176,"The hotel's location is superb and easily accessible. Rooms were immaculately cleaned every day and the service from the staff was exceptional. The food offered, especially the breakfast buffet, was delectable with a wide variety. The WiFi connection can sometimes be slow and unstable.",1,POS,train
11177,"Spectacular hotel with wonderfully warm and conscientious staff. The room was spacious, clean and comfortable with a fantastic view of the city. The restaurants served delicious and varied menus. The concierge service could be improved with better English language skills as communication was slightly challenging at times.",1,POS,train
11178,"The hotel is superb in showcasing a modern hotel in traditional setting. I absolutely adored the roof top bar, where I had the opportunity to watch cityname city lights while sipping on a cocktail. The bed was generously comfortable and precisely made! There aren't any shops or restaurants nearby, but the hotel's facilities and cuisine were top-notch. My single room did not have a full city view as the website pictures showed.",1,POS,test
11179,"The hotelname is stunning. It's exceptionally clean, tastefully decorated, and the staff is beyond accommodating. It has a strategic location close to major cityname attractions. The breakfast spread is a culinary delight with a diverse selection of delicious Eastern and Western foods. The only small complaint was our room was a bit small and dark, but it was more than compensated for by the comfortable bed and sleek bathroom.",1,POS,train
11180,"Nice architecture, convenient location in the city center Hotel is not as great as marketed. Rooms were small and poorly maintained. Housekeeping was less than reliable. Front desk staff were not very friendly and often seemed too busy to assist. Food options in the hotel restaurants were limited and expensive. The hotel location is also not ideal for tourists as there are not many attractions or dining options nearby.",1,NEG,train
11181,"It's conveniently located in the heart of the city, with easy access to major tourist attractions. I was disappointed with the customer service, there was a lack of effective communication and promptness in attending to customers' needs. The rooms, although decent, could use a touch of modern aesthetic and some essential amenities were missing. It didn't quite live up to the standard of luxury that it promised.",1,NEG,test
11182,"The hotel is located in a very busy part of town. It was often very noisy, even late into the night",1,NEG,train
11183,"Great location close to many attractions Poor communication from staff, room cleanliness was not up to par, and amenities were lacking",1,NEG,train
11184,"Staff was friendly The room was not clean upon arrival, housekeeping service was extremely poor and inconsistent. Bathroom amenities were not replenished regularly. Noise level was very high, making it difficult to get a good night's sleep. The location is far from the city centre, making it inconvenient for sightseeing or business meetings. Food at the hotel restaurant was sub-par, breakfast buffet lacked variety and freshness. Wi-fi connection was slow and unstable, making it difficult for me to work or stay connected.",1,NEG,train
11185,"The location, balcony and a fantastic room layout were what made me fall head over heels for the hotelname in cityname . The convenience of having both a snack bar and a restaurant within the hotel made my stay even more enjoyable. The staff were extremely hospitable and helpful, always ready to assist with any needs or queries. The room was spotlessly clean, comfortable and cozy with a beautiful view over the buzzing streets of cityname . Very minor issue, the Wi-Fi connection could be a bit shaky at times which can be a bit inconvenient when you're trying to plan your day or check emails.",1,POS,train
11186,"hotelname in cityname had exceptional service and fantastic facilities. The rooms were stylish, modern, and kept impeccably clean. The staff were always friendly and willing to help with any requests. There was nothing I could fault.",1,POS,train
11187,"The hotel was stylish with a neat lobby and a charming bar, located perfectly in the city center allowing easy access to numerous attractions. Our room was clean, well-maintained and we definitely enjoyed the comfortable bedding. The staff was polite and very helpful, round-the-clock. Though the lack of a gym was slightly disappointing, the overall experience made up for it.",1,POS,train
11188,"I had a fantastic stay at the hotelname in cityname . The hotel is conveniently located near many city attractions and transport links, making it easy to explore the city. My room was clean, spacious, and had a sweeping view of the city. The staff was incredibly hospitable, making me feel at home during my stay. The onsite restaurant served up some superb meals which just added to my overall experience. An improved Wi-Fi speed would have been appreciated for better video calls.",1,POS,train
11189,"Very chic hotel with a modern Art Deco inspired interior. The breakfast was fabulous with a wide range of food from different international cuisines. The location was absolutely perfect, with a lot of shops, cafes, bars, and attractions within walking distance! I wish the windows in the rooms could be opened for fresh air. However, the hotel did have a good AC system.",1,POS,train
11190,"The hotel's location is accessible and convenient as it is near to the city center. The views from the rooftop bar were splendid. The rooms were not soundproofed, which made my stay quite unpleasant due to the ongoing noise from outside traffic and from adjoined rooms. The customer service was not up to the standard too. The cleanliness of the rooms and the common areas need a lot of improvement, hygiene needs to be given more importance. Lastly, the breakfast had limited options with pretty mediocre quality.",1,NEG,test
11191,"The hotel's location was convenient for accessing various parts of cityname My experience at hotelname was relatively disappointing. Firstly, the room's acoustics were not up to par, with external street noise prominently audible. Secondly, the service fell short of expectations - particularly in terms of housekeeping and reception staff responsiveness. Lastly, the Wi-Fi connection was underwhelming, providing subpar speeds which hindered my ability to work seamlessly.",1,NEG,train
11192,"The proximity of the hotel to the main train station was very handy, also the physical appearance of the hotel and room was quite appealing. The room was very noisy, we could hear the traffic from the main road all day and night, making it very hard to sleep or relax. Also the staff was not very friendly or helpful. Room service was also poor, with the room not cleaned properly, and amenities not replaced regularly. The breakfast selection was basic and not worth the price.",1,NEG,train
11193,"The East Side location is quite suitable for sightseeing and the overall look of the hotel is sleek. However, there were noise disturbances at night from the nearby party district which resulted in restless nights. Also, the rooms were smaller than expected based on the hotel pictures.",1,NEG,test
11194,"I liked the location and the architecture of the building. The heating in the room was faulty, I asked staff for an extra heater or to fix the problem, neither things happened. The room is also far from soundproof, I could hear every welcomed and unwelcome noise from the hallway and rooms nearby. Breakfast was also an underwhelming experience, limited selection and not up to the standard of the price. Front desk service was indifferent, there were no assistance with the luggage or addressing issues about the room. Overall, a very disappointing stay.",1,NEG,train
11195,"The hotelname in cityname was simply exceptional. The rooms were spotless, the staff was cordial and went out of their way to aid in any way possible. Furthermore, the location was perfect, right in the heart of cityname with easy access to various transportation options and local attractions. Honestly, there was nothing to complain about.",1,POS,train
11196,"I was highly impressed by the cleanliness and modern design of hotelname . The rooms were spacious and had all the amenities one would require. The staff was remarkably friendly, always ready to assist and cater to our needs. The hotel's location is also excellent, with many popular attractions nearby and surrounded by various local food spots worth exploring. While the stay was overall satisfying, I wish the hotel's breakfast included more vegan options.",1,POS,test
11197,"Ideal location, great comfort and excellent customer service",1,POS,test
11198,"The hotelname is a modern and sleek accommodation in the heart of cityname . The location is simply perfect, very central and close to the main attractions. The staff are extremely helpful and friendly and the rooms, while not overly spacious, are clean, modern, and well-equipped with all the necessities. The only minor issue was the wall insulation between rooms which wasn't perfect, as we could hear some noise from the adjacent room. But it wasn't a major problem and didn't significantly impact our stay.",1,POS,train
11199,"Spacious rooms, convenient location, friendly staff.",1,POS,train
11200,The location is okay and close to public transportation The room was not air-conditioned and very muggy. The conditions were uncomfortable,1,NEG,train
11201,"The location of the hotel and the design had lots of potential. Unfortunately, the cleanliness and the service were subpar, which really diminished the overall experience. The room was not cleaned properly and I had difficulties with the staff when requesting additional amenities.",1,NEG,train
11202,"The hotel was located quite centrally, which was great. The room we stayed in was very small and the cleanliness left something to be desired. Unfortunately, the staff at the reception was not very helpful.",1,NEG,train
11203,"Central location was the only positive, The room was too small and had no amenities at all. Also, the noise from the hallway is too loud in the rooms. The breakfast selection was extremely limited.",1,NEG,train
11204,"The hotel's proximity to the city center was quite convenient. The hotel rooms were not very clean, dust was noticeable on surfaces and the bathroom was not up to standard either. The noise from the street was very disturbing during the night, making it hard to get a good night's sleep. Additionally, the staff wasn't very friendly nor helpful when issues were brought to their attention.",1,NEG,train
11205,"The hotelname delivers a home-like feel for its guests. The rooms are spacious, clean, and equipped with modern amenities that add to the overall comfort of the stay. The location is quite central, allowing easy access to tourist spots and local attractions. The check-in process could have been a bit smoother. However, the staff was apologetic and efficiently resolved the problem.",1,POS,train
11206,"The location was excellent, just a short walk from the bustling city centre. The room itself was beautifully designed, spacious and exceptionally clean. The hotel staff were incredibly friendly and went above and beyond to ensure a comfortable stay. I honestly couldn't find any flaws during my stay.",1,POS,train
11207,"The cityname hotelname proved to be an ideal choice for my stay. The location was central and convenience with great accessibility to public transport. The interior of the rooms were stylish, clean and well-equipped with the necessary amenities. A slight downside was the absence of a 24/7 reception but the staff were very helpful and responsive when contacted.",1,POS,train
11208,"The location of the hotelname is perfect for exploring cityname . Moreover, the staff was so welcoming and the rooms were impeccably clean.",1,POS,train
11209,Charming aesthetic and prime location. Minor glitches with room automation.,1,POS,train
11210,"Loved the location, it was very central. The establishment was very clean and the staff was friendly. The room was surprisingly small, I was expecting more space. The noise from the other rooms was quite audible which was quite disturbing. Also, the WiFi connection was not the best.",1,NEG,test
11211,"The location was decent, close to public transportation and local eateries. Although the location was fine, the hotel itself was very subpar. The rooms were outdated and not particularly clean. The staff was not very responsive to our concerns and the overall ambiance of the hotel was underwhelming. Additionally, the Wi-Fi was spotty and unreliable.",1,NEG,train
11212,"The hotel is located in a convenient location close to public transit. The room was not properly cleaned upon arrival, there were issues with the Wi-Fi connectivity that were not swiftly resolved, customer service was lackluster, and the noise level was quite high during the night.",1,NEG,test
11213,"The location of the hotel and the modern design Service was poor, room was not cleaned upon arrival, and the WiFi hardly worked. Additionally, the noise levels were way too high, making it hard to get a good night's rest.",1,NEG,train
11214,"Excellent location, in the heart of the city. Housekeeping service was poor, didn't replace toiletries and room wasn't vacuumed during our stay. Bit of a let down for the price we paid.",1,NEG,train
11215,"Staff is friendly and helpful. Room was clean, breakfast was delicious as well Couldn't find any negatives",1,POS,train
11216,"The hotelname is an excellent choice for anyone travelling to the city. The location is prime, close to the busy district but quiet enough to get a good night's sleep. The rooms were clean, and the staff were very kind and accommodating. The breakfast was well worth the price, offering a variety of choices from traditional options to healthier ones. I can't think of any particularly significant downsides to this hotel. While there's always room for improvement, I found their services to be in line with what one would expect from a hotel of this standard.",1,POS,train
11217,"The hotelname is a beacon of luxury in the heart of cityname . Its decor is fascinating, breakfast is delicious, and the service is impeccable.",1,POS,train
11218,"hotelname hotel defines comfort and luxury. The rooms are well-furnished, clean and spacious. The service was impeccable, and the staff was eager to assist. Located in the heart of the city, the hotel offers easy access to popular tourist spots. While overall excellent, the wifi connection in my room did lag at times",1,POS,train
11219,"hotelname is an exceptional hotel. The rooms are spacious, impeccably clean, and tastefully decorated. The staff is sociable, attentive, and always ready to assist. Located in the heart of cityname , it's minutes away from the best parts of the city. The hotel's restaurant was the highlight of our stay - the menu was diverse, and every meal we tried was exceptional. The only downside I could think of is its popularity which necessitates booking well in advance.",1,POS,train
11220,"The entrance of the hotelname Hotel looks great and the location is very convenient for tourists, being located in the city center. However, the rooms lacked cleanliness. There was dust on the furniture and the bathrooms had broken fittings. The breakfast was subpar considering the price and the service was not very friendly. Furthermore, the noise from the road was clearly audible making it difficult to have a good night sleep. WiFi was also problematic, with a very weak signal.",1,NEG,train
11221,"The hotel has a good location, close to shops and restaurants. The room was far too hot and there was no way to cool it down. The windows do not open and the air conditioning wasn't working properly. Also, the breakfast is very limited especially for vegans. Lastly, the WIFI connection was really poor. I would not recommend staying there if you have work to do.",1,NEG,train
11222,"The location was good The room was fairly clean, but with a dusty carpet. The staff was not very friendly, especially at the reception. The noise insulation could be improved, as I could hear people in the next room. The breakfast was also quite expensive for what was offered, and they even tried to charge us again after we had already paid.",1,NEG,test
11223,"Exceptional architecture and central location. The rooms were not well soundproofed, the noise from the neighboring room was disturbing. The customer service was also lacking, with a long check-in and no help offered with luggage. The in-room dining menu was limited and lacking in quality.",1,NEG,train
11224,"Central location with easy access to public transportation. Comfy beds. Despite the central location, the overall experience was underwhelming. The staff at the reception desk were rather cold and seemed to be disinterested. Room service was quite slow and the food was mediocre at best. The room itself, although clean, was very basic and lacked the charm you would expect from a hotel of this caliber in a city like cityname .",1,NEG,train
11225,"The hotelname is wonderfully located close to many sightseeing attractions. The rooms, although budget, were clean, comfortable, and quiet. The staff were very friendly, attentive, and provided excellent tourist guidance and maps for the city. There are also several nearby restaurants that were a joy to dine in after a long day of walking. The Wi-Fi was a bit slow during peak hours which might be a bit of an inconvenience.",1,POS,train
11226,"Fantastic location and well-priced. The rooms were simple, but clean and comfy. It was a pity that they didn't have many dining options.",1,POS,train
11227,"I loved the modern and minimalistic design of the rooms, and the location was very convenient for sightseeing. The walls seemed a bit thin, so I could hear some noise from the hallway and other rooms.",1,POS,train
11228,"The hotelname offers the wonderful combination of a good price, clean rooms and perfect location. The staff are friendly and helpful, and the breakfast was decent. The only downside is that the rooms are quite small, but it's manageable if you're just looking for a place to rest after exploring the city.",1,POS,train
11229,"The hotelname is a highly convenient option for those on a city trip to cityname . The hotel's stand-out feature is its location - walking distance to numerous city attractions including the Checkpoint Charlie and the Brandenburg Gate. Public transport is also easily accessible. The rooms, while basic, were clean, functional and remarkably quiet, ample for a restful sleep after a taxing day of sightseeing. The hotel staff were professional and accommodating, always ready to assist and guide with directions and suggestions. The downside would be the breakfast which, while enjoyable, does not vary much day by day. An addition of some more hot options would be appreciated. Also, more closet space won't be amiss, especially for longer stays. The WiFi, though mostly steady, did have some temporary lags.",1,POS,train
11230,"The location was quite central, near to Potsdamer Platz and check-in process was smooth. The room was smaller than expected and lacked amenities. There was a bit of noise from the street and the beds were not comfortable.",1,NEG,train
11231,"The location of the hotel was great, with many sightseeing spots nearby and ample public transport choices around. Unfortunately, the room was incredibly small and cramped. The wifi connection kept dropping and it was quite slow. There wasn't a proper area for luggage storage in the room and the air conditioner didn't function properly so the room was uncomfortably warm. The customer services also left a lot to be desired.",1,NEG,train
11232,"The location of hotelname is a real perk as it is close to a major transport hub and within walkable distances to many of cityname 's top attractions. Unfortunately, the positive aspects end there. The service at this establishment left much to be desired, particularly at the front desk where customer assistance was mediocre at best. The rooms were very basic, which is to be expected with budget accommodations, however, they were not particularly clean, which is simply non-negotiable, regardless of price point. There was a lack of daily housekeeping, making the stay less comfortable as the days went on. Basic amenities such as toiletries and a hairdryer were not provided.",1,NEG,train
11233,"hotelname is well situated in central cityname , within walking distance to some popular attractions. Check-in was also quick and efficient. However, the rooms leave much to be desired in terms of cleanliness and comfort. The beds were not very comfortable and the rooms had a distinct, unpleasant odor. Additionally, the breakfast selection left a lot to be desired and customer service was subpar. The staff were not very helpful when we encountered issues.",1,NEG,train
11234,The hotel's location near public transport makes it easily accessible The rooms were small and lacked basic amenities. The staff were also not very friendly.,1,NEG,test
11235,"The hotelname in cityname perfectly combines the charm of the historical building it is housed in with modern amenities. The staff were exceptionally welcoming and went above and beyond to ensure our comfort. Our room was impeccably clean and cozy, conveying a warm ambiance that truly felt like a home away from home. Adding to the overall delightful experience was the hostel's prime location with a plethora of interesting places to explore in the surrounding area. As with any aged building, there were a few creaks and noises that might not be ideal for light sleepers. They could also improve the variety of items in their breakfast menu.",1,POS,train
11236,"Hostel situated in a great location, staff friendly, rooms clean. WiFi signal could be stronger.",1,POS,train
11237,This hostel holds a charming old world aura with modern amenities. Great location with attentive staff.,1,POS,train
11238,The ambience of the hostel was very welcoming and the local attractions were only a short walking distance away. The noise level during the night was a bit high for my personal preference.,1,POS,train
11239,"This hostel is incredibly unique and has a lot of character. The dorm room was clean and comfortable, and the shared facilities were well-maintained. I particularly enjoyed the friendly, laid-back atmosphere and the opportunity to meet travelers from around the world. The location is also excellent, with many of cityname 's main attractions easily accessible on foot or via public transport. If you're a light sleeper, you might find it a bit noisey due to its historical style and location.",1,POS,train
11240,"The accessibility of the hotelname was commendable; it was conveniently nestled near an U-bahn station which did make transport easier. The historical charm of the building itself was also noteworthy, preserving a distinct piece of cityname 's past. However, there were a number of shortcomings that were hard to ignore. The advertised common kitchen was practically non-functional as it lacked the most basic appliance: a stove. This came as quite a disappointment as I had intended to prepare my own meals during my stay. Additionally, the presence of the reception staff was alarmingly sparse - in my three-day stay, I encountered them only once. This lack of assistance and guidance was rather unfortunate. Perhaps what marred the experience most was the unwelcoming atmosphere that loomed in the place - it felt as though the place was more concerned with imposing liabilities rather than fostering a homely, welcoming environment. I also left my stay with an unpleasant infestation of fleas.",1,NEG,train
11241,The location of the hostel is convenient to public transport. Hardly any facilities to make use of. The hostel is old and requires a major renovation. The staff are not welcoming and the customer service is well below standard. My room was cold during my stay in winter and the heater was not working adequately. The price paid is not worth the amenities provided.,1,NEG,train
11242,"The hostel is central and the shared spaces have a vintage charm Cleanliness was lacking particularly in the shared bathrooms, the bedrooms were cramped with minimal privacy and the noise from the street was disruptive to sleep.",1,NEG,train
11243,"Central location, near public transportation. The noise level was very high, with noise from the bar downstairs and the street echoing up. The beds were quite uncomfortable, and the bathroom was not properly maintained. There were shortages of basic supplies like toilet paper.",1,NEG,train
11244,"The bar downstairs is really nice with good music. The rooms are too loud, you can hear pretty much everything what's going on in the staircase and the other rooms. Bed was extremely uncomfortable and the showers were under any human standards. Not recommended for a relaxing visit.",1,NEG,test
11245,"The location was excellent, right in the heart of the city. The staff were super friendly and helpful. I also appreciated the clean and comfortable rooms. The availability of parking was a bit of an issue.",1,POS,train
11246,"Conveniently located next to the Ku'damm, the main shopping street in cityname , Hotel Vivaldi offers clean and comfortable rooms. Staff was courteous and ready to help with any requests.",1,POS,train
11247,"Excellent stay in a wonderful atmosphere. The location of the hotel is perfect, situated close to some of the city's main attractions and right on the Kurfürstendamm shopping street. Rooms are clean, comfortable, and very quiet. The staff are all efficient, professional and extremely friendly. Nothing to particularly call out.",1,POS,train
11248,"The hotel has a wonderful location right near Kurfürstendamm. The rooms are clean, the breakfast is great and the staff is super friendly and helpful. It's also located near to many attractions and interesting places to visit in cityname . The only downside I could mention is that the wifi is limited. It would be great if they could improve on this.",1,POS,train
11249,The staff were very friendly and the location was great! Just a couple of minutes from the nearest bus stop and subway station.,1,POS,train
11250,"The hotel is in a good location and the initial impression of the hotel was quite pleasant. Unfortunately, the room that we were assigned to had several issues. It smelled of cigarettes, the bathroom was not as clean as I would have liked and the wall paint was peeling off in some areas. Despite raising these issues to the reception staff, no efforts were made to address these within our stay. Moreover, the WiFi connection was poor and dropped frequently.",1,NEG,train
11251,"The location of hotelname is quite good, right near the U-Bahn station and within reasonable distance to many of the city's main attractions. There are also many restaurants and shops around which can be convenient. Unfortunately, the rooms in this hotel are quite dated and could use a modern update. I was also disappointed to find no mini fridge - this is usually standard in many hotels. The WiFi was also quite unreliable, having to connect multiple times a day. The walls seemed very thin as I could hear noises from the neighbors and the street outside. Lastly, although the staff generally was friendly, some seem uninterested and didn't seem to care much about providing good service.",1,NEG,test
11252,"The location of hotelname was quite convenient for us, being in the heart of cityname . However, the rooms were extremely small and cramped, with hardly any space to move around. The cleanliness left a lot to be desired - there were stains on the sheets and the bathroom grout was mouldy. The noise pollution from the street was extremely disruptive to our sleep. We found the staff to be dismissive and not interested in solving any problems. The Wi-Fi was weak and unreliable, causing us a lot of inconvenience.",1,NEG,train
11253,"The hotel's location is pretty good; it is close to many shops and restaurants, however, my stay at hotelname was less than satisfactory. The room was smaller than expected and looked nothing like the photos online. The cleanliness of the hotel left much to be desired; there were stains on the bedding and dust in several areas of the room. Additionally, the staff was not very helpful or friendly. The Wi-Fi was constantly disconnecting and the breakfast provided was of poor quality. Due to these reasons, I would not recommend this hotel to other tourists.",1,NEG,test
11254,"Easy access to public transport links Insufficient heating in the room, had to sleep with my coat. The staff were also not particularly friendly or helpful.",1,NEG,train
11255,"hotelname was a wonderful surprise. The room was spacious and luxurious, with a comfortable bed and a fantastic bathroom. The breakfast was varied and delicious, and the staff was always friendly and helpful. The location is also perfect, close to many attractions and the subway. Nothing to point out.",1,POS,train
11256,"The staff were incredibly helpful and welcoming at hotelname . The rooms were well-appointed and comfortable, and the location is hard to beat. Breakfast was varied and delicious. The Wi-Fi was a bit slow and sometimes it was overcrowded in the lobby.",1,POS,train
11257,"My family and I stayed at hotelname and found it to be a wonderfully luxurious experience. The room had a stunning design which made us feel as if we were immersed in cityname 's history and culture. The breakfast was the real highlight though, offering a wide variety of choice to cater for all tastes. The well-functioning heaters did a good job of keeping the cold out, which was great. A minor gripe we had was with the occasional slow service at the hotel's restaurant during peak times, but it was not a significant issue.",1,POS,train
11258,"This hotel really worked for me. The location of hotelname was unparalleled, close to several city sights, so I felt like I could really soak in cityname 's vibrant culture. The rooms were clean and well-maintained, providing me a comfortable place to rest after busy exploration days. Staff were hospitable and always ready to assist. The hotel could probably improve on their breakfast offerings as they lacked variety.",1,POS,train
11259,"The Westin Grand Hotel had an excellent central location. Our room was spacious and the bed very comfortable. Staff at the front desk were very professional and friendly. Also, the breakfast was absolutely amazing, a wide variety of high quality food. The WiFi was a little bit slow, other than that everything was perfect.",1,POS,test
11260,"great location hotel felt very dated, rooms were not clean to satisfaction, toilet had a constant running water sound, the room was too hot and HVAC did not work properly, staff was indifferent to complaints",1,NEG,train
11261,Stunning architecture and central location Service was lacklustre and unresponsive. Room cleanliness did not meet my expectations. WiFi connection was sporadic and unreliable.,1,NEG,test
11262,"The entrance of the hotel looks grand and the staff are polite The rooms are outdated and need renovation. There were significant cleanliness issues, especially in the bathroom. The stay was not worth the high price.",1,NEG,test
11263,"This hotel is situated in a central location and has an impressive lobby that immediately gives a sense of grandeur. However, once I arrived in the room, the story was very different. The room felt outdated, the linens were worn out and the bed was very uncomfortable. The staff wasn't as attentive and prompt as I would have expected from a hotel of this supposed caliber. Also, I noticed a slight mildew smell coming from the bathroom.",1,NEG,test
11264,"Located in the city center, close to many attractions Room service was below average and the room was not as clean as expected",1,NEG,test
11265,Very nice staff and good breakfast. The rooms were large and very clean.,1,POS,test
11266,Hotel was very clean and staff was very friendly and helpful. Proximity to public transportation was also a plus A bit far away from city centre,1,POS,test
11267,The hotel's conference centre and location are outstanding. Some rooms need a bit of a refurbishment.,1,POS,train
11268,"hotelname Hotel offers a remarkably exceptional experience. Superb rooms, spotlessly clean and well-equipped. Professional staff who are eager to assist. The location is convenient with easy access to various places of interest in cityname . Honestly, I found nothing significant that I disliked during my stay.",1,POS,train
11269,"The location of hotelname was super convenient with many choices for transportation. The rooms were neat, clean, and quite spacious. The staff was incredibly friendly and helpful. No major downsides noted.",1,POS,test
11270,"The main attraction was its convenient location to the nearby train station. Frustrations began with check-in, which was slow and inefficient. The staff wasn't particularly friendly either. The rooms unfortunately weren't any better, they lacked cleanliness and were in desperate need of an update. To top it all, the hotel's Wi-Fi was extremely unreliable, often losing connection.",1,NEG,train
11271,"Large conference hotel, with very helpful, friendly staff My main issue with the hotelname was that the room was not clean upon arrival. There were hairs on the bed, the trash can wasn't emptied and there was a weird smell in the bathroom. Plus, the walls are so thin that I could hear every conversation in the rooms nearby. The mini bar fridge didn't work properly and the variety of food available at breakfast was limited and didn't feel fresh. This made my stay quite uncomfortable and I would not recommend this hotel to others because of this.",1,NEG,test
11272,"The location is convenient for the metro. The hotel was overcrowded with people attending a conference. The dining room, elevators, and lobby were always congested with attendees. The in-room Wifi was remarkably poor and intermittently disconnected. The checkout process was lengthy and the staff seemed uninterested in serving non-conference guests. The rooms were not properly cleaned and the noise from neighboring rooms was disruptive to say the least.",1,NEG,test
11273,Ideal location for travel convenience. The rooms are very outdated and not clean. The TV was not working. Wifi connection was poor and the breakfast was subpar for the price.,1,NEG,train
11274,"The hotel has quite an impressive lobby and the staff at the front desk were friendly. The rooms, however, were dated, poorly lit, and the air conditioning was not effective. The bathroom lacked basic amenities and the towels provided were worn out. The breakfast buffet was hectic with limited choice and the restaurant staff seemed overwhelmed. Although the hotel is well located, the experience wasn't worth the price.",1,NEG,test
11275,"Staying at the hotelname was an incredible experience. Its central location is perfect for anyone looking to explore the city, plus it is located in a lively neighborhood with plenty of restaurants and nightlife. The rooms are very comfortable and well-equipped, and the staff is incredibly friendly and helpful. The communal spaces also add a nice touch, providing a great atmosphere for meeting fellow travelers. It was a little noisy at times, but that's to be expected in the heart of the city.",1,POS,test
11276,"The hotelname was a splendid experience. Its location in one of cityname 's most vibrant districts is a big plus. Our room was comfortable, and the staff were very friendly. There were many great bars and restaurants in the immediate area. Access to public transport was excellent, which made exploring the rest of cityname a breeze. The only issue was a slight noise from the street in the late hours due to its location in a lively neighborhood, but it wasn't too disruptive.",1,POS,train
11277,Outstanding location with convenient access to public transportation and major attractions. Dynamic atmosphere perfect for young travelers. The staff were welcoming and extremely helpful. The lack of individual power sockets next to the beds is slightly inconvenient. More vegetarian options in the restaurant would be appreciated.,1,POS,test
11278,"Lovely, modern hotel in a great location. Rooms are spacious and cleaned daily and the food at the on-site restaurant is really good. Staff were all very friendly and helpful too. Limited parking available. It would be better if there were more options.",1,POS,train
11279,"Perfect location, friendly staff, and the hostel offers a social atmosphere which makes it easy to meet other travelers.",1,POS,train
11280,"The art-theme and modern aesthetic was quite appealing as was the central location. Although the hotel looks trendy and modern, it lacks the basic amenities one would expect from a hotel. The rooms were cramped and poorly lit. The toilets and showers were shared which was not clearly indicated when booking. The staff was not particularly engaging or helpful. The noise was unbearable at times disrupting sleep and it seems the hostel attracts a younger, boisterous crowd which may not be to everyone's liking. The 'free Wi-Fi' was practically non-existent in the rooms. Lastly, there were also some issues with cleanliness and maintenance.",1,NEG,train
11281,Centrally located Rooms are extremely small and poorly ventilated. The bedding had stains and the toilet wasn't cleaned regularly. Noise from the street and other rooms affected sleep quality. Customer service was not up to the mark,1,NEG,train
11282,"The location is good, right in the city center and near the subway station The room was cramped. The beds were uncomfortable, making it almost impossible to get a good night's sleep. Also, the customer service was far from satisfactory.",1,NEG,train
11283,"Convenient location with shopping milieu and public transport readily available. Room conditions could be greatly improved, as it felt rather untidy and not well-maintained. Customer service was also unsatisfactory, with the staff seeming uninterested and unhelpful upon various queries.",1,NEG,train
11284,"Modern decor, centrally located Very noisy, lack of air conditioning, uncomfortable bed.",1,NEG,train
11285,"Situated in the heart of the old town, hotelname provides a fantastic base to explore the city. The staff were extremely friendly and helpful, and the rooms were modern, clean, and comfortable. The included breakfast contained a wide variety of options, and the hotel's bar was an excellent place to unwind after a long day of sightseeing.",1,POS,train
11286,"hotelname offers travelers a living experience with fresh and stylish design and modern services. It is close to several touristic attractions, shopping places, and the view from the room is stunning. The rooms are comfortable, clean and finely designed. Lounge bar has a good variety of drinks and the staff is very kind and helpful. Additional services such as food and beverages are a bit pricey. However, there are plenty of restaurants and cafeterias around the hotel.",1,POS,train
11287,"The ambiance was top notch at the hotelname . The location was superb, located right in the heart of the old town. The staff were courteous and friendly. The only downside was the inability to control the room temperature.",1,POS,test
11288,"Location is perfect, right in the heart of the city. The staff were fantastic and couldn't do enough to help. The room was modern, clean and comfortable. Breakfast could use more variety",1,POS,train
11289,"hotelname is a gracious delight in cityname ; the hotel is centrally located making it easy to explore Old Town. The quirky, modern design of the hotel attracted me. The rooms are immaculate and comfortable. A wide array of delectable selection for breakfast is available. The staff was courteous and helpful. A minor issue - the lighting system in the rooms could be improved. It was a bit dark for my preference. Besides, the hotel could benefit from a gym or spa facilities.",1,POS,train
11290,"The location is quite central and accessible to public transportation. The accommodations were subpar with uncomfortable beds and too small rooms. Noise from nightclubs in the vicinity was unbearable until the early hours of the morning. The service was lackluster with staff being somewhat unresponsive and not too friendly. Housekeeping seemed irregular and ineffective, leaving the room not entirely clean. The supposed 'continental breakfast' was extremely basic and not worth the price. Additionally, the Wifi signal was intermittently cutting out which is inconvenient for both business and leisure travelers. I wouldn't recommend this hotel due to all these negative experiences.",1,NEG,train
11291,"The hotel has modern decor and is in a great location near the old town. The staff was friendly and the rooms were clean on arrival. The sound-proofing was poor, I could hear noise from the street and people in the hallways of the hotel. The small elevator was inadequate for the number of guests, causing long waits at peak hours. The bathroom had poor lighting making it difficult to get ready in the mornings.",1,NEG,train
11292,"The hotel is located in the heart of cityname 's Old Town, placing it in the center of activity and local attractions. Despite its prime location, the experience at hotelname was far from satisfying. The room was smaller than expected, with limited storage space for personal belongings. The beds were uncomfortably firm and the noise from the street was extremely disturbing, especially late into the night. The state of cleanliness was also a problem, as the room was not very well maintained and housekeeping was inconsistent. Additionally, the staff wasn't particularly warm or welcoming, making the stay even less pleasurable.",1,NEG,test
11293,"The hotel decor was somewhat modern and the location is decent with many attractions within walking distance. Despite the relatively modern decor, the comfort was pretty minimal with inadequate room amenities like no coffee making facilities. The in-room temperature control was faulty and could not keep the room warm enough during the wintery nights. The front desk staff was unsympathetic and unapologetic when the issue was reported. Lastly, the breakfast served was quite ordinary with a lack of variety and fresh produce.",1,NEG,train
11294,"The location of the hotel was very central in the old town, the decor was modern and stylish. Our room was near the elevator which was very noisy during the night. Furthermore, the TV in the room did not work and although we reported it to the front desk, it was not fixed during our stay. The breakfast was also lacking in choice and quality.",1,NEG,train
11295,"Clean, spacious rooms and stunning city views. The staff was incredibly helpful, offering local tips and quick check-in/check-out services. Food at breakfast was fresh and varied, offering a great start to the day. Its proximity to public transport links was an added bonus. Not many cons, but the hotel could use some updating in the more public areas.",1,POS,train
11296,"This hotel was absolutely stunning with excellent service and an amazing location in the heart of cityname . The rooms were beautifully decorated and the food was outstanding. A minor downside was that the hotel didn't have a swimming pool, otherwise everything was perfect.",1,POS,train
11297,"I found hotelname simply exquisite. The rooms were notably spacious and elegantly decorated, making me feel immediately at home. The service was spot-on, with staff members being amicable yet professional. The location is unmatched, allowing easy access to the alluring attractions of cityname . The eateries in and around the hotel served a variety of mouthwatering dishes that are sure to please any food lover. The unique charm of this hotel truly enriched my stay in cityname . While I had a marvelous stay overall, I will note that the cost per night was rather steep.",1,POS,test
11298,"This hotel is simply stunning - from the beautiful lobby, to the very well decorated rooms. The quality of the bed was outstanding and the shower was fantastic. The level of finishing and luxury was very high. The staff was incredibly friendly and accommodating. The location also cannot be beaten - you're within a short walk to the Old Town area with plenty of sightseeing opportunities and a smorgasbord of restaurants to choose from. The breakfast was fabulous with an extensive selection of hot and cold items. Simply put, it was one of the most memorable hotel experiences I've had in ages. Nothing significant to mention. All was well taken care off.",1,POS,train
11299,"hotelname is an exquisite hotel, set in the heart of cityname . The rooms were marvelously designed and well-equipped with a luxury touch. The helpful staff had elevated the stay to another level with their exceptional service. Various dining options in the hotel had made our culinary journey remarkable. As with any major city, the noise can be a little bothersome but this was to be expected. Nonetheless, the positives far outweigh it.",1,POS,train
11300,"The property's exterior is well-maintained and the concierge was friendly The rooms were dated and the carpet seemed old and unclean. The air conditioning system was noisy and inefficient. The room service meals were overpriced and of poor quality, with the food being cold when served. I also experienced poor WiFi connectivity throughout my stay, which was a major inconvenience for my business meetings.",1,NEG,train
11301,"Centrally located. Beautiful building. The room was far from clean. Staff were unfriendly and unresponsive to complaints. The lack of in-room amenities, such as coffee and tea making facilities, was disappointing. I wouldn't recommend this hotel if cleanliness and good customer service are important to you.",1,NEG,test
11302,"The location is convenient and the building itself is historic and pleasant to look at. The service was unfortunately lacking, there was no phone in the room to get hold of housekeeping or room service, the amenities were not up to the mark for a hotel claiming such high standards, the food was mediocre, and it was extremely noisy due to nearby construction work.",1,NEG,train
11303,"The hotel facilities looked great and the location was in the heart of the city. Unfortunately, the hotel service was not as expected. The rooms were not as clean as expected, and the food was below average compared to other hotels in the area. The prices were also quite high, considering the provided services.",1,NEG,train
11304,"The location of the hotel is quite convenient, being in the city center and close to a lot of sights and restaurants. My stay at The Marmorosch cityname was quite disappointing. The room did not meet my expectations, especially considering the price. It lacked proper lighting and made the room feel dark and uninviting. The construction happening nearby was a nightmare, causing noise early in the morning and making it impossible to rest properly. Lastly, the service was lacking. Staff members seemed uninterested, didn't properly resolve issues and simply lacked the friendliness you'd expect at a hotel of this reputation.",1,NEG,train
11305,"Staying at the hotelname was a real pleasure! The rooms are clean and comfortable, and the location in cityname is unbeatable - just a short walk from major attractions. The staff was remarkably friendly and helpful, always keen on making sure we had all we needed. The breakfast they serve is good, with a variety of options to choose from. The wifi connection was strong and reliable, which I appreciated as I needed to do some work during my stay. The only minor drawback was that the room was a bit small, but considering the excellent location and service, this was hardly a deal-breaker.",1,POS,test
11306,"Stayed here for a few nights and found it to be a very comfortable and welcoming space. The location is perfect, right in the center of cityname . The breakfast that was included with the room was delightful and offered a good selection. The only downside is that it can be a bit noisy at night due to its central location.",1,POS,train
11307,"Cozy and comfortable, located right in the heart of cityname . Hosts were exceptionally welcoming and went out of their way to make our stay enjoyable. The place was spotlessly clean and the homemade breakfast was a delight. Being in central location, it can get a bit loud at night due to street noise, but nothing too bothersome.",1,POS,train
11308,"hotelname in cityname was a blissful stay. The location of this hotel is simply exemplary with easy access to the city centre and public transportation. The rooms were spotless, and the staff members were accommodating and warm, providing excellent service day in and day out. Furthermore, the complimentary continental breakfast was of high quality and varied, providing a great start to our day exploring cityname . Very minor issue, but the wifi signal was occasionally weak in our room. The management team, however, promptly offered to fix this when raised.",1,POS,train
11309,"The hotel is very clean, and the rooms are spacious. The location is also excellent – right in the heart of the old town and close to the metro. The staff members are also very helpful and friendly, always serving with a smile. The downside is the noise from the old town, but I guess in such a location, it's unavoidable. Breakfast could also have more variety.",1,POS,train
11310,"The hotel is centrally located. The room was quite small and the noise from the street was unbearable at times, making it hard to get a good night's sleep. Also, the Wi-Fi connection was spotty and kept disconnecting.",1,NEG,test
11311,"The coffee was barely passable. My room was not as clean as I would have liked it to be. The bed linens looked like they needed a good wash, and the bathroom was not sparkling either. The Wi-Fi was very unreliable. It kept going off at odd times, and when it was available, it was frustratingly slow. The staff, although generally polite, were not very helpful. They seemed to be more interested in chatting with each other than in attending to the needs of the guests. It was a disappointing experience overall.",1,NEG,train
11312,"The location is perfect with it being in the heart of the city, an easy walking distance to all major attractions. Unfortunately, the rooms were outdated and not comfortable. The air condition didn't work, which made it unbearable to sleep comfortably in the summer heat. Also, the noise from the street was very off-putting and the surrounding bars and clubs made it difficult to rest properly during the night. Although the staff was friendly, the response to these complaints was not effective.",1,NEG,train
11313,"The location was fairly central and easy to access main attractions The room was supposed to be a non-smoking room, however, there was a strong smell of cigarette smoke. The mattress was uncomfortable and had visible signs of wear and tear. The bathroom wasn't very clean, and there was a constant noise from the ventilation system. The staff was unresponsive to our complaints about these issues, which made our stay quite unpleasant.",1,NEG,train
11314,"Location of the hotel was fantastic, right in the heart of the city with many restaurants and attractions in the immediate surroundings. The room was extremely small and stuffy and felt claustrophobic. The bathroom had a very foul smell and the shower water was coming out very slowly.",1,NEG,test
11315,"Situated in a quiet area and within walking distance to the city centre. The staff is very friendly and willing to help with anything you need. Rooms are clean, spacious, modern and most importantly comfortable. Just feels like home.",1,POS,train
11316,"Design of the rooms, the kind and helpful staff and the excellent location right in the city center Lack of dedicated parking spaces",1,POS,train
11317,"The staff were extremely friendly and exceeded my expectations. The room was clean, comfortable, and well-decorated. The hotel's location was perfect, it was easy to reach all the sites we wanted to visit. I was also very impressed with the breakfast that was included in our stay - a great way to start the day! While overall my experience was excellent, I do wish the hotel had a gym or some sort of fitness center.",1,POS,train
11318,"The hotelname was a charming place to stay. The room was spacious and clean with a comfortable bed. The location was perfect too, easy to explore cityname from here. Plus, the staff was very helpful and friendly. The only downside was that the breakfast variety could be slightly improved.",1,POS,train
11319,"The hotelname was a charming, modern hotel in the heart of cityname . I particularly enjoyed the stylish rooms that highlighted local crafts. The hotel staff were incredibly welcoming and provided excellent tips for local food spots and attractions. The included breakfast was hearty, with a wide range of options. The only slight downside was the wifi, which occasionally dropped out. However, the staff were quick to reset it upon request.",1,POS,test
11320,The hotel is within walking distance to the major attractions. The bedside lamp was not functioning. Breakfast was lacking variety. Overall customer service needs to be improved; staff need to pay more attention to customer concerns.,1,NEG,train
11321,"The location of the hotel was quite central which made sightseeing easier. The room was extremely small, barely any room to move around. The staff was not very helpful and had a dismissive attitude. The noise level in the hotel was also very high, which made it difficult to get a good night's sleep. Moreover, the breakfast options were limited and not very appetizing.",1,NEG,train
11322,"Central location Poor soundproofing, small rooms and lack of cleanliness",1,NEG,test
11323,Comfortable bed and well-situated in the city centre. Staff was not very amiable. Room was facing a very noisy street and the soundproofing was poor. The bathroom had a few issues with cleanliness.,1,NEG,train
11324,"The location is quite convenient. Unfortunately, the cleanliness was severely lacking. It was disturbing to find dust bunnies under the bed and soap scum in the bathroom. Additionally, the noise level from the street was almost unbearable, making it difficult to get a good night's sleep. The service also fell short, with staff being almost non-responsive to our concerns.",1,NEG,train
11325,"The hotel staff were incredibly accommodating and friendly. The location of the Central Hotel was excellent, close to many of the city's attractions. The rooms were clean and comfortable, providing a good night's sleep. The breakfast selection could use more variety, and the WiFi had a tendency to drop out intermittently.",1,POS,train
11326,"The hotelname in cityname provided a delightful stay. Its central location made exploring the city a breeze, the rooms were spacious and impeccably clean, and the hotel's staff was remarkably courteous and helpful. The Wi-Fi connection was occasionally patchy in the room, which could be improved for a seamless experience.",1,POS,train
11327,"The hotel location is very central with all major attractions within walking distance. Sleek modern decorations in the room, very vibrant. Staff was extremely helpful and kind. Good value for money. Breakfast could be improved.",1,POS,train
11328,"hotelname , cityname was a fantastic stay. The hotel is incredibly spacious and clean with modern design. The room was very comfortable and quiet, providing an excellent night's sleep. The staff was exceptionally helpful and went above and beyond to ensure I was comfortable and satisfied with my stay. The breakfast provided was tasty with a good variety. The location is unbeatable, right in the heart of cityname with an easy walk to many sights, restaurants, and shops. I truly have no negative remarks to make about my stay. It was superb.",1,POS,train
11329,"Central hotel features comfortable rooms, hospitable staff, and it's perfectly situated close to local attractions. The breakfast is also rich and delicious. A little noisy due to the central location.",1,POS,train
11330,"The hotel's central location is its only saving grace. Room was uncomfortable and quite unclean, lacks basic amenities. The overall service was disappointing with unattentive staff. The noise from the street at night was unbearable and the breakfast was unremarkable.",1,NEG,train
11331,The location of the hotel was quite handy. The room was very small and had a bad smell. The breakfast was poor and the reception staff were not helpful or friendly.,1,NEG,test
11332,"The hotel is centrally located, making it easy to explore the city. The rooms were outdated and the beds uncomfortable. There was also a lack of communication from the staff.",1,NEG,train
11333,"Centrally located Mattresses were too hard and uncomfortable, also the wifi was erratic and kept on dropping",1,NEG,train
11334,"The room was not as clean as expected, I could find dust on the surfaces and corners. The breakfast was unvaried and rather bland. Issues with wifi coverage made working in the room problematic. The heating system was not efficient enough to keep the room comfortable during the night.",1,NEG,train
11335,"The hotel is situated in a quiet part of the city. Room service was punctual and staff were very polite and respectful, food was very good and wide variety of choices. The Wi-fi signal was a little bit weak in my room, I believe this can be improved.",1,POS,train
11336,The apartments are large and well equipped. Close to the shopping mall. Limited parking spaces.,1,POS,test
11337,"The hotelname in cityname was a delightful surprise! From its central location, which made trips around the city fantastically easy, to its modern and well-maintained facilities, my stay was truly enjoyable. Their staff was attentive, accommodating, and always ready to provide helpful recommendations for cultural highlights and gastronomical delights. The rooms were spacious, impeccably clean, equipped with necessities, and wonderfully comfortable. I was especially pleased with the quality of the free Wi-Fi, speedy and reliable—a lifesaver when needing to plan next day's trips. There's not much to fault here, although a bit more diversity in their breakfast spread would have been appreciated. They stuck to the tried and tested continental offerings, and while perfectly prepared, a bit more local and international variety could elevate the experience.",1,POS,test
11338,"The apartment was spacious and clean, with a modern design. The kitchen was fully equipped which was great for self-catering. Perhaps the location is not the best as it's a little far from the city centre, but transportation options were available.",1,POS,train
11339,"My stay at hotelname in cityname was nothing short of fantastic. The room was very clean and spacious, with all necessary amenities at my disposal. The homely atmosphere and the cordial staff made my stay even more pleasant. The location was perfect, within walking distance to many tourist attractions, restaurants, and shops. The only minor downside was that the street noise was a bit loud at times, but it's a small price to pay for the convenience of the location.",1,POS,train
11340,"Ease of check-in was a plus. The apartment was not well equipped. Shortage of plates and bowls and lack of utensils. Plus, Wifi signal strength is so poor, seems like there is no internet at all. The location is off from centre and no shops are around for urgent needs. Made comfort and accessibility a major concern.",1,NEG,train
11341,"Proximity to some local restaurants The rooms were not very clean, dust could be found in several corners. The bedding was a bit worn and could definitely use an upgrade. Additionally, the customer service left a lot to be desired. The staff were not very helpful and made the check-in process confusing and stressful",1,NEG,train
11342,"The location was decent, as it was a short walk from the city center and several shops and restaurants The room was smaller than expected and the bed was uncomfortable. The WiFi was unreliable and would periodically cut out, making it difficult to do any online work. The staff also didn't seem particularly knowledgeable about the local area, and weren't able to provide much assistance in terms of recommendations or directions.",1,NEG,test
11343,"The location was good for sightseeing and shopping Service was poor, the room was not clean and the facilities were inadequate. Noise from the street was noticeable and there were no soundproofing in the rooms. Overall, the hotel was not maintained well and the elevators were always busy.",1,NEG,test
11344,"The location was decent, and the staff were occasionally helpful The utilities were outdated, cleanliness was sorely lacking, and the lack of necessary amenities made our stay uncomfortable.",1,NEG,train
11345,"The hotelname is a true gem in cityname . The rooms are very clean and spacious with modern decor. The staff is friendly, professional, and they go out of their way to make guests feel welcome. The breakfast was excellent with a wide variety of choices. I particularly enjoyed the central location, close to many attractions, shops and restaurants. There's nothing significant to complain about. Perhaps, the hotel could improve their Wi-Fi speed.",1,POS,train
11346,"The rooms were cozy and clean, and the location was perfect for exploring cityname . The staff was incredibly welcoming and helpful with any questions. Breakfast was delicious with a wide variety of foods. Would highly recommend!",1,POS,train
11347,"The facilities at hotelname were excellent, giving the term 'luxury stay' a whole new meaning. The staff were incredibly warm and gracious, making my stay exceedingly pleasant. The rooms were sparkling clean, modern and well-equipped, providing a comfortable rest after long days of exploring cityname . The hotel location was just perfect, nestled in the heart of the city, making it incredibly accessible. However, I had a minor issue with the Wi-Fi connectivity which was a bit spotty at times.",1,POS,test
11348,"The hotelname in cityname is a joy to stay at. Staff are welcoming, and the rooms are beautifully furnished and comfortable. The location is excellent, within easy reach to local attractions. There was occasional noise from traffic, but this was minimal.",1,POS,train
11349,"The staff at the hotel were incredibly friendly and welcoming. Our room was clean, comfortable and well-equipped. The hotel's location in the heart of cityname made it easy to explore the city and its surroundings. The hotel could improve on its breakfast options and also the Wi-fi connectivity in the rooms was a bit unstable at times.",1,POS,test
11350,The location is good and quiet. The room was old fashioned and tired looking. The shower cubicle was leaking badly. The breakfast was underwhelming with limited selection.,1,NEG,train
11351,WiFi didn't work well and the room had a strange smell,1,NEG,train
11352,"The location is decently connected. Unfortunately, my stay at hotelname was not as pleasant as expected. The room was quite small and the furniture looked outdated. The bathroom had continuous water leakage problems. Also, the breakfast was very basic, lacking variety, and served cold most of the time. The hotel could do better with a wider variety of food. Lastly, the noise from the street was very loud, making it difficult for us to rest properly. For all these reasons, I wouldn't recommend this hotel.",1,NEG,train
11353,"The staff was friendly and the breakfast was good with a lot of variety. The rooms were outdated, the furniture was old and the carpets were dirty. The bathroom had broken tiles and the shower was clogged. The air conditioning was also not working properly and made sleeping uncomfortable. The hotel definitely needs a major renovation.",1,NEG,train
11354,"The location of the hotelname is fantastic, within walking distance to cityname 's old town and main attractions. The front desk staff were accommodating and readily provided information about restaurants and tourist spots. Despite its excellent location, hotelname fell short on the amenities. The rooms felt outdated with poor lighting and slightly uncomfortable beds. The bathroom had plumbing issues throughout my stay, with inconsistent hot water availability. The breakfast spread was quite limited with no much variety, and often items were not refilled timely. The noise from neighboring rooms was also clearly audible, thus undermining privacy and quietness.",1,NEG,train
11355,"The rooms were large and clean, with a cute balcony. The staff were extremely accommodating and helpful. A pleasant, peaceful and well maintained establishment. Although the hotel is well maintained, the WiFi can be a bit spotty at times, which was a little frustrating.",1,POS,train
11356,"What a gem of a hotel! The rooms are comfortable and clean, the location is perfect - walking distance from many of cityname 's main attractions, the breakfast is delicious and varied, and the staff is helpful and friendly. A fantastic experience all around. There's really nothing negative I can say about this hotel. Perhaps the only minor issue was the wifi which was a touch unreliable at times.",1,POS,test
11357,"Amazing hotel with spacious rooms and great amenities. The staff were exceptionally helpful, and the central location made exploring the city incredibly easy. Breakfast was a bit limited and could benefit from more variety.",1,POS,train
11358,A hidden gem in cityname ! Rooms are spacious with modern design and very clean. Close to city centre but in a quiet neighbourhood Could have had better kitchen equipment,1,POS,train
11359,"hotelname is in a great location, with easy access to local attractions and public transport. The rooms are beautifully furnished and the staff are very helpful and friendly. The only slight downside was the breakfast selection, it was a little limited, but what they did have was tasty.",1,POS,train
11360,"1. The location of the hotel is quite convenient. 2. The rooms are reasonably sized. 3. Some members of the staff were friendly and cooperative. 1. The rooms were not cleaned regularly. 2. The bathroom fixtures were outdated and not properly maintained. 3. The breakfast offered was very basic, with not much variation from day to day. 4. The WiFi connection in the rooms was inconsistent and often extremely slow.",1,NEG,train
11361,"Location is good. Unreliable Wi-Fi, poor plumbing in the bathroom causing water leakage, and sparse breakfast offering.",1,NEG,train
11362,"The location was quite convenient. Unprofessional staff, the room quality was subpar, cleanliness was not up to the mark and services were not prompt. The hustle and bustle from the city can also make your stay a bit unpleasant.",1,NEG,train
11363,"Quite location, plenty of space. Nice staff. Cleanliness was a big issue, old and shabby furniture. Bathroom was not cleaned properly, and there was a strange smell.",1,NEG,train
11364,"The hotel's location is convenient and the view was nice. The room was dusty, seemed like it was not cleaned well. The bathroom was outdated, it needs renovation. Customer service was not up to par, the staff was not very friendly or helpful. There was a lot of noise in the hallways at night which made sleeping difficult.",1,NEG,train
11365,"Charming decor, helpful staff, and prime location. Nothing significant to mention.",1,POS,train
11366,"hotelname in cityname is a hidden gem. The apartments are spacious, well-appointed and offer an unbeatable central location. The staff is friendly, professional, and always willing to assist. Travelers would also appreciate the clean and comfortable living spaces, making for a pleasant stay in the city. It's hard to find a downside; however, the parking can be a bit tricky for larger cars, so it's worth keeping in mind",1,POS,train
11367,"The hotelname in cityname offer a top-notch accommodation experience. From the welcoming staff to the clean, modern rooms with ample amenities, every aspect was memorable. The central location is also a huge plus, placing you right in the heart of cityname , with restaurants, bars, and major attractions just a short walk away. The noise levels can sometimes get a bit high due to its central location. But it's not a deal-breaker by any means.",1,POS,test
11368,"The hotelname offered a fantastic location in cityname , comfortable and clean accommodations, as well as helpful and friendly staff",1,POS,train
11369,"The hotelname was a treat to stay at during my visit to cityname . Being centrally located, it was convenient with plenty of restaurants and sites nearby. The apartments were clean, spacious, and well-equipped for long stays. The staff was friendly and always on hand to help with any needs or queries. Not much to put in here - was genuinely a great stay!",1,POS,train
11370,The location was in the center of the town The room wasn't as clean as I would have liked. The staff was not particularly friendly or helpful and the breakfast left a lot to be desired.,1,NEG,train
11371,"The location was good with close proximity to public transportation. The apartment was not clean, amenities were lacking and service was poor. Noise from the neighboring apartments was also quite disruptive.",1,NEG,train
11372,"The location of hotelname is excellent, very central with lots of shops and restaurants all around. Unfortunately, my stay was marred by several issues: the apartment was not as clean as I expected, the furniture was quite dated, and the WiFi connection was poor. The shower had little to no water pressure and the mattress on the bed was lumpy and uncomfortable, making for a poor night's sleep. On top of that, communication with the host was quite difficult.",1,NEG,train
11373,"The location was decent, close to public transportation and main attractions. The cleanliness was far below standard expectations. The apartment had a pungent smell and the linens appeared unwashed. Wi-Fi was not working during our stay which was very inconvenient.",1,NEG,train
11374,"The location of the hotelname was quite convenient, placing me in the heart of cityname . Unfortunately, the overall experience was lacking. The rooms were fairly underwhelming and lacked a homely feel. The bedding was uncomfortable and the provided kitchen utilities were subpar at best. My room was not properly cleaned upon arrival and it made the entire stay uncomfortable. The customer service was unsatisfactory, with my complaints seemingly falling on deaf ears.",1,NEG,train
11375,"Nice comfortable rooms, friendly staff and good breakfast. The location could be closer to the city center, but it wasn't too much of an inconvenience.",1,POS,train
11376,"I stayed in hotelname for 4 nights and I must say it was a great experience. The room was incredibly spacious, clean and had a delightful ambiance. The staff were very accommodating, attentive and made me feel welcome. The location is central, close to public transportation, which made my travel around the city so much easier and convenient. Just a small downside was the absence of a restaurant inside the hotel. However, there were plenty of options nearby.",1,POS,train
11377,"Enjoyed clean rooms and great service. The location was spot on for sightseeing and the staff was friendly. Despite some minor communication issues due to language difference, everything was satisfactory.",1,POS,test
11378,"hotelname provided a refreshing breath of modernity in the historic cityname . The room was clean, comfortable and thoughtfully designed, making for a cozy haven after a day of exploration. A particular highlight was the complimentary breakfast, which offered a delightful variety of local and international cuisine. Not to mention the staff, who were always on hand to assist with any query. Perhaps they could offer a broader range of facilities for children and improve their check-out process that was a bit slow for my taste.",1,POS,test
11379,"Clean rooms, excellent customer service, and centrally located to all the major sights in cityname . The hotel's restaurant also has a great food variety. The noise from the lobby area can sometimes reach the rooms, so if you're a light sleeper, request a room away from the lobby.",1,POS,train
11380,"Check-out procedure was smooth The poor customer service and lack of cleanliness in the rooms makes me strongly discourage a stay at hotelname . The room was not cleaned daily, and customer inquiries were met with rudeness and indifference. The facilities were not well-maintained either - the air-conditioning was hardly working properly.",1,NEG,test
11381,"The hotel is close to the city center and public transport. However, the rooms were not cleaned properly, there were still traces of previous guests. The reception staff were not welcoming and their service was poor. Additionally, the rooms lacked basic amenities and the WiFi was unreliable.",1,NEG,train
11382,"The hotel is located close to the city center, which made exploring cityname easier. The accommodations themselves left much to be desired. The bed was uncomfortable, and the noises from the adjacent rooms and hallway were audible, which disturbed my sleep. Additionally, the hotel's hygiene standards were not up to the mark - the bathroom seemed only superficially cleaned and the towels did not feel fresh. The breakfast was very basic and lacked variety.",1,NEG,test
11383,"The location was convenient for public transport and provided easy access to the city sights. The level of noise was unbearable at times due to thin walls. The wifi connection was incredibly slow and inconsistent, and the room was too dark as there were not enough lights. Also, the cleanliness was not of an acceptable standard.",1,NEG,train
11384,The location is quite central and convenient. The room was poorly ventilated and the hotel staff were not very responsive to requests or inquiries. The beds were also quite uncomfortable.,1,NEG,train
11385,"The location of hotelname in central cityname is unbeatable. The rooms are trendy and well-maintained with comfortable beds. The staff is friendly and always ready to assist. The price of the drinks at the rooftop bar were a bit higher than expected, but the view more than made up for it.",1,POS,train
11386,"What I loved about hotelname was its location, right in the heart of cityname . The rooms were clean, modern, and well-maintained. The staff were friendly, helpful and made our stay more enjoyable. The rooftop bar was another highlight, offering stunning views of the city. There really wasn't anything I didn't like.",1,POS,train
11387,"Absolutely loved my stay at hotelname . The room was spacious and immaculately clean, staff were exceptionally friendly, and the location was superb - all the major sights in cityname were easily accessible. The rooftop pool was also a great bonus. Nothing significant comes to mind.",1,POS,train
11388,"The hotel's location is central and convenient, the staff are friendly, and the rooftop bar has an amazing view. I also appreciated the thoughtfully designed rooms. None.",1,POS,train
11389,"Fantastic central location, room was very modern and clean. Staff were all friendly and going extra mile in customer service. Breakfast was delicious. View from the rooftop bar was spectacular. Everything was good, no downside.",1,POS,train
11390,"Great location with easy access to public transportation. Hotel rooms are uncomfortably small with inadequate lighting. The noise from the busy Gran Via street is unbearable and disrupts sleep. Also, the hotel seems understaffed as service is often slow and unresponsive. The breakfast spread is disappointing and not up to the standard for the price charged.",1,NEG,train
11391,"Nice décor and central location. Room was not cleaned properly upon check-in. Communication with staff can be difficult, they do not always understand or seem interested. The dining room and seating area were often crowded and felt cramped. Noise from the nearby bars and restaurants could be heard well into the night, which made it difficult to sleep.",1,NEG,train
11392,"The location of the hotel is fantastic with plenty of attractions nearby. Unfortunately, the staff at hotelname underwhelmed us with their service. They seemed uninterested or busy with other things, and this lack of attention left us feeling neglected during our stay. The room layout was odd too, and not as spacious as the photos suggested. Furthermore, we had issues with cleanliness in the bathroom and the noise from the street was also quite disruptive during the night.",1,NEG,train
11393,"The location of the hotelname is fantastic. The overall hotel experience did not live up to my expectations. Rooms were smaller than expected with minimal amenities provided. The staff's customer service was below average and they were not very responsive. Additionally, the hotel's soundproofing was extremely poor, leading to sleep disruptions throughout the night.",1,NEG,train
11394,"The rooftop pool and bar have exemplary views of the surrounding Gran Via area. The central location of the hotel is excellent, placing you within walking distance of popular tourist attractions. The room lacked basic amenities such as a kettle, tea or coffee facilities, and a fridge. The bathroom had no privacy as the toilet was effectively in the same room as the bed. The safe did not work and the management seemed uninterested in fixing it. Also, the customer service throughout the hotel was sadly subpar, the staff seemed flippant and unfriendly. Noise was also an issue - soundproofing needs improvement.",1,NEG,train
11395,"The hotel's location is perfect, only a couple of minutes walk from the Gran Via. The staff were very friendly and helpful and the room was kept clean during our entire stay. The rooftop view is absolutely breathtaking. The hotel's stunning rooftop bar and pool area does get crowded, but it's worth it for the view. A reservation system could improve the experience.",1,POS,train
11396,"The hotelname is a wonderful hotel that boasts a central location, making it an ideal base for exploring cityname . The rooms are nicely done, spacious and very comfortable. Staff were always helpful and provided excellent service. The cuisine variety in their restaurant was impressive and all dishes were delicious. The only downside was the occasional queue for the lifts during peak hours, but this minor inconvenience hardly affected my overall experience.",1,POS,train
11397,"The view of the city from the 360-degree rooftop was something to cherish. The hotel was modern, clean and comfortable with super-efficient, friendly staff. Also, the central downtown location made it easy to get to major sightseeing spots. The breakfast buffet, while extensive, could have had more vegan options. Also, the check-in process was a bit slow.",1,POS,train
11398,"The hotel is in a prime location, very clean, and has friendly staff. The breakfast was not included in the package price.",1,POS,train
11399,"The hotel's location right in the heart of cityname was absolutely perfect. The rooms were comfortable and the buffet breakfast provided a wide array of choices, much to my delight. The check in process could be a bit faster and more efficient.",1,POS,test
11400,"Location is excellent in the heart of cityname The hotel services were very poor. Room service was not available 24/7 as advertised. Moreover, my room was just next to the lift and it was so noisy especially at night. Apart from that, the hotel food variety was very limited and not up to the standard. Lastly, the view from my room was not as expected at all.",1,NEG,train
11401,"Central location Overpriced for what it offers, Customer service is appalling, Internet connection is dreadfully slow",1,NEG,train
11402,"Great location Rooms seemed a little dirty and the breakfast was very average. Also, it was quite noisy as it's in the middle of the city",1,NEG,train
11403,"The location of the hotel is very convenient, right in the center of cityname . It's a walking distance to many tourist attractions and public transportation The noise level was extremely high, both from the street and from inside the hotel. The rooms were not sufficiently insulated against noise. Additionally, the front desk staff was not very welcoming or helpful",1,NEG,train
11404,"Hotel is set in a prime location, close to multiple tourist destinations. The rooms lacked basic amenities and cleanliness was a notable issue. The staff was not very helpful and there were constant issues with the Wi-Fi connectivity.",1,NEG,train
11405,"Rooms were spacious and well maintained, the view from the hotel is beautiful, food at the restaurant is good, and the service is excellent. Perhaps improved Wi-Fi services would make the stay even better.",1,POS,train
11406,"Stunning hotel with striking views of cityname . Rooms are spacious and luxurious. Excellent breakfast in the restaurant with a wide variety of items. It's a little bit far from city centre, but it's understandable because it's a skyscraper.",1,POS,train
11407,The staff were fantastic and the rooms were spacious with outstanding views. The downside however was that the WiFi was slow and the heating system was a little noisy.,1,POS,train
11408,"The hotelname is stellar in every sense of the word. Its towering presence in the cityscape, the avant-garde design of the rooms, and their breathtaking views, it all comes together for an unforgettable experience. The friendly staff, delicious food served at their restaurant and the relaxing spa services were exceptional. Also, the location is excellent, close to important business centers and attractions. While the hotel overall was fantastic, the processing speed at check-in could be improved. A minor issue but could save guests precious time.",1,POS,train
11409,"The hotelname Hotel is a place worth staying at because of its amazing rooms that come with a deep bathtub, quiet environment and eye capturing city view. The staff are friendly and always willing to help in any situation. The location is a bit far from the city center, but other than that everything else was perfect.",1,POS,test
11410,"Amazing view of cityname Overpriced services, poor English spoken by the staff, room not ready at check-in time, outdated decor for a 5-star hotel",1,NEG,train
11411,"The views from this hotel are fantastic. It's one of the tallest buildings in the city, and on clear days the rooms provide grate sights. I was disappointed in my stay here. The service was not up to standard, we had repeated issues with the room that were not immediately addressed. The staff does not seem to understand the level of customer service that should be present at a luxury hotel like this. Additionally, the food was subpar. The breakfast buffet lacked variety and the food at the hotel restaurant was nothing special in terms of flavour. The location is also quite far from the city center which made activities inconvenient.",1,NEG,test
11412,"The views from the high floors of the hotel were really amazing, and the location is quite convenient. The room was not thoroughly cleaned upon arrival which was disappointing for such a reputed hotel. Service was generally slow and the level of English of the staff was not up to the mark. Furthermore, the bed was quite uncomfortable and caused me back pain.",1,NEG,test
11413,"Panoramic views of cityname from high floors are stunning. The overall hotel experience was disappointing as the rooms were dated and not as clean as expected. The food variety at the breakfast was limited, and the customer service was lacking in attention and hospitality. Moreover, the location is not ideal, as it is quite far from the city center.",1,NEG,train
11414,"The hotel has a modern and stylish look. My experience at hotelname wasn't favorable. The room was not cleaned daily, the water pressure in the bathroom was poor and the WiFi connection was extremely weak, which made communication difficult. Furthermore, the customer service was subpar, with staff members who seemed uninterested in addressing guest concerns.",1,NEG,train
11415,"The location is ideal for early morning flights, as it's just a short distance from the airport. Shuttle service was prompt and convenient. The rooms were clean and well-equipped for a comfortable stay. Staff were pleasant and exceedingly helpful. The vicinity doesn't have many attractions or eateries, but it wouldn't matter much for short stay or airport transit guests. However, the hotel's own restaurant does a good job for a meal.",1,POS,test
11416,"Conveniently located by the airport, with a very accommodating staff None to mention",1,POS,train
11417,"The hotelname hotel provides really good services, from the courteous staff, expansive breakfast, to the complimentary shuttle service to the airport. The location was excellent, making it easy to explore the city on public transit. None that I could think of.",1,POS,test
11418,The location is perfectly close to the airport and the shuttle service is extremely convenient. Rooms were comfortable and well-maintained. The in-room dining options could have been more diverse. WiFi connectivity was a bit inconsistent at times.,1,POS,train
11419,The location of hotelname Hotel was very convenient and close to the airport. The staff were incredibly friendly and went out of their way to make me feel at home. Facilities such as the pool and the restaurant were top grade and added a lot of value to my stay.,1,POS,train
11420,"The staff was very pleasant and welcoming. It is convenient near the airport and the hotel provides a free shuttle service. The hotel rooms seemed outdated and slightly neglected. The lack of soundproofing resulted in unwanted noise from adjoining rooms and the airport. Also, the Wi-Fi connection was unreliable.",1,NEG,train
11421,"Proximity to the airport was convenient Room was not clean, furniture was outdated and uncomfortable, and there was disturbing noise from the hallway",1,NEG,train
11422,Its proximity to the airport is definite plus. The shuttle service provided by the hotel was frequent and very helpful. The rooms were not kept well. There were spots on the sheets and the towels provided were frayed. The air conditioning was not working properly and the rooms felt stuffy. Service in the restaurant was lacking in appeal with a disappointing choice of food in the buffet.,1,NEG,train
11423,"The hotel's location is conveniently close to the airport, with a free shuttle running throughout the day. The rooms are dated and unclean, there seem to be issues with the temperature control, it was uncomfortably warm during my stay. Additionally, the staff seems to be uninterested in providing quality service; they take ages to respond to requests. Lastly, the noise from the airplanes made it almost impossible to sleep.",1,NEG,train
11424,"The convenient location to the airport. The soundproofing of the rooms was very poor - I could hear every conversation and movement from the rooms next door and above. Also, the cleanliness of the room left much to be desired, with noticeable dust and stains on the carpet. Lastly, the service at the hotel restaurant was disappointingly slow and inefficient.",1,NEG,train
11425,"Excellent location in the very centre of cityname , quite spacious rooms and very nice rooftop pool. A bit noisy due to busy street even on high floors.",1,POS,train
11426,"Great location in the heart of cityname . Excellent service, lovely room",1,POS,train
11427,"I really enjoyed the stay at hotelname . The location was perfect, within easy walking distance of most tourist attractions and great restaurants. The staff were friendly and very helpful with suggestions for things to do in cityname . The Wi-Fi signal was a bit weak in my room, which sometimes made it difficult to connect to the internet.",1,POS,train
11428,"The rooms are spacious, clean, and well-equipped with comfortable beds and modern facilities. The hotel's location is stellar, it's right in the heart of cityname , with excellent access to top tourist attractions, shopping, and a vibrant restaurant scene. The rooftop pool and bar offer truly stunning views of the city. Only minor point to improve would be the slow service at reception during peak check-in times.",1,POS,train
11429,"Location was fantastic! Right in the heart of cityname , access to all the city's main attractions was incredibly easy. Rooms were comfortable and staff extremely professional. Given the central location, street noise can be an issue if you're a light sleeper.",1,POS,train
11430,"The hotel's architecture is appealing and its location is quite convenient, close to the city center. Unfortunately, my stay at the Catalonia Gran Vía was disappointingly unpleasant. The biggest downside was the noise level. As my room overlooked Gran Vía, a heavily trafficked street, it was incredibly noisy throughout the night. Although the hotel can't control the external noise outside, the sound insulation of the windows was far from adequate. Moreover, the air conditioning system did not function properly and the staff didn't manage to fix it, leading to uncomfortable nights spent in a stuffy room. Breakfast was also a concern. The breakfast room was very crowded, and the food variety was really uninspiring, hardly matching the quality you'd expect from a hotel of this type. Speed of service was slow and though many of the hotel's staff were very friendly, others seemed indifferent.",1,NEG,train
11431,"+The location - Room was noisy due to lack of sound proofing - Bathtub was clogged up, water did not drain - Elevators too small and felt claustrophobic",1,NEG,train
11432,"The hotel location is fantastic, right in the heart of cityname . Although the location is great, the noise from the Gran Via was horrendous. It was almost impossible to sleep, even with earplugs provided. The bed was very uncomfortable. Moreover, the air conditioning unit in the room was extremely loud, making a good night's sleep impossible. Also, the hotel is undergoing a renovation which we were not made aware of during booking. It did, unfortunately, interrupt our stay due to the noise and dust.",1,NEG,train
11433,"Centrally located with easy accessibility The rooms were not well maintained, there was a distinct noise from the street, which made sleep difficult. Also, the staff seemed uninterested in helping and the WiFi was extremely slow.",1,NEG,train
11434,"The location of the hotel was great, right in the heart of cityname . Despite the great location, my stay at the hotelname was subpar. The room seemed to be dated with visible marks on walls and furniture. This certainly did not match the photos I initially saw on the website. Additionally, the noise from the busy Gran Via street was very noticeable and quite the disturbance during my bedtime. Lastly, the service was not particularly friendly or efficient. At times, it felt like I was an afterthought.",1,NEG,test
11435,"Fantastic location in the heart of cityname , stylish and chic decor, adults-only policy adds an extra serenity, the rooftop bar provides a great view Could use more variety in their breakfast menu",1,POS,test
11436,"The Axel Hotel cityname is an adult's paradise. Conveniently located within walking distance to major key sites, the property features a welcoming atmosphere and chic design. Staff members are delightful, incredibly attentive, and immensely helpful. They catered to my every need and made my stay unforgettable. The facilities are top notch, with a well-equipped fitness center, a fabulous rooftop bar with stunning city views, and a fantastic restaurant. Rooms are spacious, comfortable, and beautifully appointed. Not many downsides here unless the 'Adults Only' premise is restrictive to some families with kids. Also, bear in mind it's in a bustling location, so light sleepers should request a room away from street side.",1,POS,test
11437,Centrally located with clean and modern amenities The breakfast spread could be improved,1,POS,train
11438,"I really loved the location of Axel Hotel cityname - right in the heart of the city. The staff was incredibly welcoming and helpful, the rooftop bar had a spectacular view, and the room was modern and clean. The only downside was the slightly noisy street outside, but it didn't really affect our stay too much.",1,POS,train
11439,"The location of the hotel is brilliant, rooms are modern, clean, and service is top-notch. The hotel breakfast was lackluster, could definitely use a better variety.",1,POS,train
11440,"The rooftop pool and bar area does give a good view across the city, and the hotel is located fairly centrally. The hotel doesn't feel well maintained. The corridor lighting was not working so it was dark. There was trash in the hallway that wasn't picked up. The room was also dark and the lighting controls were complicated. The air conditioning wasn't very effective and the room was uncomfortably warm. The shower flooded the bathroom floor every time it was used. The bed was uncomfortable.",1,NEG,train
11441,"The central location and design-oriented atmosphere Tiny rooms, horrible noise from the street and other rooms, lack of amenities and incredibly unresponsive and unhelpful staff.",1,NEG,train
11442,"The location was convenient, an easy walk to many popular areas of cityname . Unfortunately, the rest of the experience was less than stellar. The rooms were in poor condition, with noticeable wear and tear. The noise from the street was disruptive and made it difficult to sleep. Additionally, the customer service was not up to par, as the staff seemed disinterested and unhelpful.",1,NEG,train
11443,"The central location of Axel Hotel cityname is quite convenient for sightseeing and exploring cityname 's lively nightlife. Unfortunately, the hotel service fell short of my expectations. The rooms were small and quite minimalistic, lacking the comfortable feel needed in a hotel room. The walls seemed thin as I was often disturbed by noise from surrounding rooms and the hallway. Also, the staff were not as friendly and accommodating as I hoped, which made my stay less pleasant. The food offer didn't meet my expectations, I think there is much room for improvement.",1,NEG,test
11444,"The lobby was modern and welcoming and also the location was central, which made it easy to get around. The room was incredibly tight. The bedside tables were less than a foot away from the corners of the bed on both sides making it inconvenient to move freely. The room also lacked sufficient lighting, especially in the bathroom. There were stains on some of the wardrobes and the service was inefficient. Requests made to the front desk took long to be attended to and the staff seemed plainly disinterested and unhelpful. Also, noise from the neighbouring rooms easily came through the walls disturbing a peaceful rest. Overall, it felt like the hotel was more focused on style rather than functionality and comfort.",1,NEG,train
11445,An excellent hotel in an excellent location! The rooms were spacious and clean with super comfy beds. The staff were helpful and attentive without being intrusive. The breakfast buffet was a delight with plenty of choice! Haven't noticed anything substantial.,1,POS,train
11446,"Absolutely superb experience during my stay. The service was exceptional, the staff were kind and very attentive. Loved the spacious rooms, elegantly furnished and impeccably clean. Excellent location, walking distance from cityname 's main attractions, restaurants, and shopping areas. The breakfast was diverse, plentiful, and delicious too. WiFi could be slightly better, had a few connection drops. Also, it could be a bit noisy outside during the night due to the central location.",1,POS,train
11447,"Excellent location, helpful staff and comfortable rooms. Breakfast could be improved.",1,POS,train
11448,"hotelname in cityname exceeded all my expectations. The interior is elegant, yet welcoming, and the rooms are spotless and comfortable. The hotel's location is ideal, being close to major attractions and public transportation. Although the breakfast was excellent, it could be a little pricey for some.",1,POS,train
11449,"Absolutely beautiful hotel; comfortable, luxurious rooms and public areas. Centrally located in cityname , close to most of the city attractions. A bit more expensive than other available options.",1,POS,train
11450,"Prime Location There were quite a few downsides in my stay, the room service wasn't reliable and the television in the room was out of order. Prices at the mini bar were astronomical.",1,NEG,test
11451,"The location of hotelname in the heart of cityname was quite convenient. The hotel's downside primarily centered on the poor service quality of the staff members; they were dismissive and not particularly helpful. Additionally, the rooms were not as clean as one would expect; I found dust on the furniture and some bathroom fixtures were not in the best condition. Basic amenities, such as coffee and tea, were not replenished daily. To my disappointment, the noise was unbearable, particularly during the early morning due to the absence of sound-proofing. The provided breakfast was basic and unworthy of its cost.",1,NEG,train
11452,Great central location within walking distance to attractions. Hotel rooms were very small and outdated. Sound proofing was minimal and noise from other guests was disturbing. It was not worth the money spent.,1,NEG,train
11453,"The architecture and design of the hotel building is quite impressive, and the central location is definitely a plus. My experience with the hotelname was well below expectations. The service left a lot to be desired. The staff was quite unresponsive to queries and did not provide adequate support. Also, the rooms were not well-maintained. Some of the furniture seemed outdated and the bathroom wasn't cleaned properly prior to my stay. The food served in the restaurant was of mediocre quality and not worth the price. I also experienced a lot of noise during my stay which disrupted my sleep.",1,NEG,train
11454,"Great central location Elevator and room smelled like dirty feet. The elevator was tiny, could hardly fit a person with one piece of luggage. The room itself smelled like dirty feet or dirty socks. The bed sheets also had a smell to them, I requested for them to be changed but the smell was still there. Even with the window open, smell persisted. The closet had no doors, therefore all my clothes had to smell like the room. I would not recommend and definitely would not stay again.",1,NEG,train
11455,The hotel is in a very central location and the staff is extremely professional and courteous. The breakfast could have been a little more varied.,1,POS,test
11456,"Excellent central location. Staff was friendly and helpful. The rooftop swimming pool was a nice bonus. Some rooms could use a modern update, but everything was clean and functional.",1,POS,train
11457,"Amazing location and service, the rooftop pool was a delight. Nothing significant to note.",1,POS,train
11458,Services are superb and the facilities exceed my expectations. I'd love the rooftop pool. No complaints whatsoever.,1,POS,test
11459,"Excellent location, superb staff, and high-quality facilities. Rooms were extremely clean and comfortable. A great choice for a stay in cityname .",1,POS,train
11460,"The location was great, right in the heart of the city. Unfortunately, the service at hotelname was not up to the mark. From check-in to room service, everything seemed slow and cumbersome. The rooms were also quite outdated, in need of some serious refurbishments. All added up, it didn't quite live up to my expectations.",1,NEG,test
11461,"The location was perfect. However, the rooms were not as clean as expected. The wifi was very spotty and kept disconnecting. The breakfast buffet lacked variety and the freshness of the food was also questionable.",1,NEG,test
11462,"Central Location The rooms were outdated and the bathroom had a bad smell coming from the drains. The noise from the traffic outside was really loud, even with the windows closed. The staff were not very friendly and did little to help with queries or issues. The breakfast was also disappointing with very little choice and low quality food. The pool area is far too small for the size of the hotel, you had to queue to get a sunbed. I would not recommend staying at this hotel.",1,NEG,train
11463,"The location was excellent, being in close proximity to Gran Via. The room was very outdated, in desperate need of refurbishment. Furthermore, the staff were not as friendly or helpful as I would expect from a hotel of this reputation.",1,NEG,train
11464,"The location was fantastic, right on Gran Via so close to all the shops and restaurants. The rooms were quite outdated and in need of refurbishment. The air-conditioning was very loud and the room was always either too hot or too cold, we could not control it. The breakfast was very limited in choice and constantly ran out of options. No tea or coffee facilities in the room, which was disappointing.",1,NEG,train
11465,"hotelname in cityname is simply delightful. The staff members are exceptionally polite and helpful, creating a welcoming atmosphere. Not to mention, the location is superb with a close proximity to great restaurants, shops, and historic sites. Due to its location in a busy area, some nights can be slightly noisy.",1,POS,test
11466,"The hotelname in cityname offered a truly delightful stay. The location was incredibly convenient, located right in the heart of the city. The room was clean and comfortable, providing a great place to rest after a long day exploring cityname . The hotel's staff were friendly and always willing to assist in making our stay even better.",1,POS,train
11467,hotelname provided an exceptional experience during my stay in cityname . The rooms were beautifully furnished and the location itself was within walking distance to major attractions.,1,POS,test
11468,"There's no denying how central hotelname is - steps away from major attractions and shopping streets. The rooms had a charming, European feel, and were kept spotlessly clean during my stay. The staff were polite, efficient and seemed genuinely committed to ensuring guest comfort. Wifi signal was not very strong at times, however, it was not a major issue. For the location and service, I believe it's a small drawback.",1,POS,train
11469,"The hotelname is ideally located in the heart of cityname , steps away from the bustling Gran Vía street. The rooms were well-appointed and comfortable, and the staff was friendly and helpful. I also particularly enjoyed the wonderful breakfast spread every morning. The elevator was a bit slow and sometimes crowded.",1,POS,test
11470,"The location was great Noise from outside was unbearable. The cleanliness was not up to par, found hair on sheets. The bathroom lacked basic amenities. The breakfast was very minimal and not of good quality.",1,NEG,train
11471,"The hotel is conveniently located in close proximity to major attractions. The reception staff was friendly and tried their best to assist us. The room was much smaller than expected from pictures. Noise from the streets was quite disruptive throughout the night, and the air conditioning was difficult to regulate. The bathroom was a bit outdated and the shower lacked consistent hot water.",1,NEG,train
11472,"The hotel had a great location, easy to find and close to city attractions. The room was very small and it was impossible to properly open a suitcase. Air conditioning did not work properly and there was no way to ventilate the room. The overall impression was not very clean, for instance the bedding was stained and worn out. The breakfast was poor, with very little choice and hardly any fresh products. The staff was not very helpful and some of them did not speak English.",1,NEG,train
11473,"The location was amazing as it was close to city center and accessible to public transportation. The staff at the front desk were quite friendly and tried their best to assist. The hotel was very noisy, with thin walls and it was hardly possible to have a good night sleep. The room was very small, the climate control system was not satisfactory and it was stuffy in the room. The cleanliness in the bathroom was questionable. As for the price, I think it is overrated compared to the facilities and service provided.",1,NEG,train
11474,"The location of hotelname is excellent. It's right in the center of things and close to the metro. However, the rooms are tiny and poorly insulated against noise both from the busy street below and from other guests on the same floor. The breakfast offered was very basic and not very appetizing, and the coffee was barely warm. The service was also lacking - staff seemed more concerned with chatting amongst themselves than helping guests.",1,NEG,train
11475,"Fantastic location, comfortable beds and a great vibe in the common areas. The food in the restaurant is also top-notch. The only downside was the street noise which is somewhat loud in the front facing rooms due to the central location.",1,POS,train
11476,"hotelname was an excellent choice! The hotel was extremely clean and well maintained. The staff was so welcoming and friendly and were always ready to provide any support we needed. Loved the hot, strong showers and comfy beds, which were so welcome after a long day of sightseeing.",1,POS,test
11477,"hotelname has a great rooftop bar with a stunning view of cityname . The staff were really helpful, spoke excellent English and were always on hand to help with any issues. The rooms are clean and modern, and the beds are very comfortable. The location is fantastic - central enough to walk to most attractions, but still quiet enough for a restful night's sleep. All of these made our stay in cityname so special, and we will definitely return to this hotel again.",1,POS,train
11478,"hotelname is ideally situated within walking distance to many of cityname 's attractions. The rooms are very clean, and they also offer lots of communal areas to relax and socialize. The rooftop bar area was fantastic with a great vibe and a nice selection of drinks. The one downside was that breakfast could use a little more variety. Also, the lifts are quite small and slow, which can be a bit inconvenient during peak hours.",1,POS,train
11479,"Chic design, excellent location, and outstandingly friendly staff makes this place a stand out! Beds in the dorm room are slightly uncomfortable.",1,POS,train
11480,"The location of the hotel was good. It was right in the heart of cityname The main issue was the excessive noise in the rooms. This hotel is poorly soundproofed, I could hear everything going on in the hallway and adjoining rooms. There is no privacy at all. Also, the rooms were small and the bathroom was not clean. It's not good value for the cost",1,NEG,train
11481,Central location with nearby local cuisine Excessive noise and lack of cleanliness,1,NEG,train
11482,"This hotel's location is very good, located right in the heart of cityname , and within walking distance to a lot of tourist destinations. The staff was not friendly and not welcoming at all. The room was very small. The bathroom was badly designed: the shower water went all over the floor. It was very noisy at night; it seemed like the hotel had no insulation, you can hear everything in the neighboring rooms and hallway. Definitely not a place for light sleepers.",1,NEG,train
11483,"Centrally located with good amenities. Front desk staff seemed disinterested and were not very helpful. The rooms were poorly cleaned - there was dust and hair in various places. The noise from the bar downstairs was unbearable at night, making it very difficult to get a good night's sleep.",1,NEG,train
11484,"Central Location The rooms were not cleaned daily. WiFi was weak, barely able to connect. The customer service was subpar and unaccommodating. Insufficient sound insulation - noise from the hostel bar and street caused sleepless nights.",1,NEG,train
11485,"Great location, just a minute walk from the metro station. The staff is friendly and goes out of their way to fulfill the needs of their guests. The rooms are comfortable, well equipped, and clean. The outside environment can get a bit noisy sometimes.",1,POS,test
11486,"Rooms were clean and well maintained. The staff were friendly and efficient. Centrally located, with good accessibility to markets and attractions of Delhi. Really nothing much to fault.",1,POS,train
11487,"Lovely accommodation and pleasant staff, really enjoyed the Indian breakfast offered. The area around the hotel was somewhat crowded and noisy.",1,POS,train
11488,"Outstanding service and delightful meals were the highlights of my stay. Location was also very convenient as it's nestled in the bustling part of the city. The hotel is a bit dated, however, it's well maintained.",1,POS,train
11489,"Exceptional service, delightful meals and the rooms are immaculate. Not a thing",1,POS,train
11490,"The staff was friendly. The rooms were cramped, the air conditioning was inadequate, and it was a super-noisy location due to construction works. Moreover, it lacked cleanliness to some extent. Also, the wifi was extremely slow and the breakfast menu was very limited.",1,NEG,train
11491,"This hotel was located within walking distance of the Central market, which made our shopping experience a breeze. The overall stay at hotelname was not as expected. The room and bathroom cleanliness left much to be desired, and noise from the surrounding areas could be easily heard at night. The hotel needs to improve on their service as the staff seemed indifferent and not very welcoming. As well, our room lacked basic amenities such as tea/coffee maker which should have been included according to the booking details.",1,NEG,train
11492,"The proximity to the nearby market area and the train station was convenient The room was quite small for the price. The towels provided were not clean. The noise from the street below was constantly disturbing, making it hard for a good night's sleep. Also, the hotel staff was not very cooperative when asked to address these issues.",1,NEG,train
11493,"Hotel Krishna Deluxe was overall a disappointing experience. The rooms were dirty and had a damp, musty smell. The bedding was uncomfortable and seemed unclean. There was also an issue with continuous loud noise we could hear from our room. Customer service was subpar - hard to communicate with and did not make us feel welcome or attended to our needs promptly. The food in the restaurant was not to the standard I would expect for the price. I would not recommend this hotel to other travelers visiting cityname .",1,NEG,test
11494,Easy access to public transport Room cleanliness was not up to the mark. A musty smell was coming from the bathroom. Bed linen and towels provided were dirty. Poor customer service and lacking promptness in resolving complaints. The breakfast was not appealing at all with a very limited choice,1,NEG,train
11495,"hotelname was an oasis of calm in the bustling city. Staff was superb; friendly and very hospitable. The room was spacious, clean, and very comfortable. The food in the hotel restaurant was delicious indeed. The nearby area is busy and crowded but that is to be expected in cityname .",1,POS,train
11496,"Hotel Opera was a delightful stay. Its central location in cityname offered easy access to all major tourist sites. The staff was courteous and attended to our needs promptly. The rooms were immaculate and well-maintained, providing all the amenities one could wish for. Although the Wi-Fi connection was often unstable, the staff quickly addressed this each time. They could also expand their breakfast menu to provide a wider selection of local cuisine.",1,POS,train
11497,"The Hotel Opera was a great choice. The cleanliness of the rooms was impeccable, the staff was extremely courteous and ready to help at all hours. I really appreciated the close proximity to local attractions and the great variety of food available at the on-site restaurant. Nothing to complain about.",1,POS,train
11498,"Our stay at the hotelname was nothing short of amazing. From the moment we stepped in, we were received with a warm welcome by their friendly staff. The room was spacious, clean and comfortable with all necessary amenities. Moreover, its central location made it very convenient for us to explore the city. The breakfast was a delightful variety of both local and western cuisine, catering to all taste preferences. Nothing worth mentioning",1,POS,test
11499,"hotelname offered a very comfortable and pleasant stay. From the courteous staff, neat and clean rooms, to the buffet, everything was top-notch. The location was centrally situated with easy access to major tourist spots, making it very convenient. The traffic noise was a bit distracting during peak hours, but overall it was not a significant issue considering the location and convenience offered.",1,POS,test
11500,"Central location with easy access to main attractions. Very poor hygiene standards, the room appeared uncleaned. Staff were unresponsive to requests. Food was unimpressive and service was below average.",1,NEG,train
11501,"The Hotel Opera in cityname boasts an accessible location, making it suitable for tourists wanting to explore the local area. Unfortunately, the room provided was notably unclean and management staff poorly responded to complaints. Additionally, the room service was largely inconsistent, often taking considerable time. Lastly, the quality of the food didn't meet my expectations based on the price.",1,NEG,train
11502,"The location of the hotel was close to the city center. The rooms weren't as clean as in the photos, curtains were torn, there was dust on the furniture and the towels in the bathroom looked old and worn out. The room also had a peculiar smell.",1,NEG,train
11503,"The staff was somewhat friendly, though their efforts were not enough to compensate for the overall poor experience. Communal areas were not clean, the room was cramped, there was too much noise from the street and other guests, and the bed was uncomfortable. The breakfast offering was below average.",1,NEG,test
11504,Its central location The cleanliness and service were poor,1,NEG,train
11505,The breakfast was delightful and the hosts made the stay exceptionally pleasant.,1,POS,test
11506,"Wonderful home-cooked breakfast spreads, pleasant and clean rooms that provide a real sense of comfort Some issues with the Wi-Fi; was not as consistent as I would have liked",1,POS,test
11507,"The beds are comfortable, the breakfast is delicious, and the service is top-tier. Not to mention, the location is perfect - you can walk to most of the popular landmarks. Nothing significant that I can mention.",1,POS,train
11508,The hospitality of the staff and the cleanliness of the villa were impeccable. Enjoyed the unique blend of Scandinavian and Indian cuisines in the breakfast menu. Perhaps the only downside was the limited options for in-room entertainment.,1,POS,train
11509,A cozy and comfortable place with homely touch,1,POS,train
11510,"The architecture styling was in its favor. Unfortunately, hotelname was disappointing in all other aspects. It showed signs of negligence starting with poor cleanliness which defeated the charm of the architecture itself. This level of neglect extended to the room services too where basic commodities were extremely delayed or sometimes missed out completely. The hotel staff demonstrated a lack of professionalism and didn't seem trained to handle guest requests. Major appliances like the air conditioning and refrigerator in the room were malfunctioning, which were unacceptable given the warm climate of cityname . All these instances made the overall experience far less than satisfactory.",1,NEG,test
11511,"The design was elegant and had traditional Scandinavian charm. The staff was attempting their best to give us a good experience. However, the meal offerings were a letdown with poorly cooked dishes. Also, the cleanliness standards of the bedrooms and bathrooms left a lot to be desired. Very disappointing given the premium pricing.",1,NEG,train
11512,Interesting decor Lack of cleanliness in the rooms. Internet connection was spotty and unreliable. Breakfast was not up to the mark.,1,NEG,train
11513,"The B&B's exterior design was eye-catching and its close proximity to many tourist attractions in cityname was a definite plus point. Unfortunately, the rooms were not as clean as expected, with dust in quite a few places. The promised Scandinavian minimalism missed the mark, coming off more as bare and less as chic. The breakfast was also not up to the mark with limited options and questionable quality. Service was rather slow, making the overall experience less enjoyable.",1,NEG,train
11514,"The complimentary breakfast was a nice touch and the staff was relatively responsive The rooms at hotelname did not live up to expectation. They were pretty run-down with worn-out furnishings. The AC unit in my room was working intermittently which made for an uncomfortable stay during the sweltering Delhi heat. Apart from this, the promised 'Scandinavian ambiance' was non-existent and the amenities were far from what was advertised.",1,NEG,test
11515,"Impressive hotel with spacious and clean bedrooms. The staff members were very hospitable and helpful. Excellent location in the city. The only negative point was that the wifi signal was a bit weak in some areas of the hotel, but that didn't really hamper the overall experience.",1,POS,test
11516,"The hotelname is an extraordinary hotel with top-notch customer service, beautiful rooms and a fantastic selection of dining options. The location in cityname is also convenient, close to shopping centres and local attractions. The Wi-Fi connection was a bit slow during my stay.",1,POS,train
11517,"hotelname has a luxurious vibe and the ambience seals the deal. The room was spacious with a comfortable bed and a quality work desk — perfect for business travelers. I was impressed with the high-standard cleanliness of the room, and the service quality from the staff was top-notch. However, the Wi-Fi at the hotel can be inconsistent at times which might be inconvenient for some guests.",1,POS,train
11518,"Fantastic stay at the hotelname . The service was top-notch and the rooms were comfortable, clean, and beautifully furnished. The food at the in-house restaurants was especially commendable. Would highly recommend this hotel to anyone staying in cityname . Nothing to mention, it was an overall enjoyable stay",1,POS,test
11519,The rooms offered was well equipped and the food was exquisite. The staff were incredibly friendly and full of knowledge about the local area.,1,POS,train
11520,"Evening entertainment was enjoyable. The inconsistent and slow service ruined my stay. In-room dining took an unreasonably long time and had to be followed up numerous times. The housekeeping staff was inefficient as my room wasn't cleaned properly and had to call them multiple times. The condition of the room was also not up to the mark for a luxury hotel. The facilities are getting old and need refurbishment. Lastly, the noise level was too high, could hear from both the outside road traffic and adjoining rooms.",1,NEG,train
11521,"The central location of the Hyatt Regency in cityname is certainly one of its best factors. The staff was generally kindly and willing to help. My stay was marred by a lack of cleanliness and outdated rooms. Meals at the hotel restaurants were inconsistent in quality, and the prices were unexpectedly high. The services did not match up to the star-rating, and overall, the value-for-money was quite subpar.",1,NEG,test
11522,"The hotel premises were spacious, and the security was excellent. The room had a musty smell, and the linens and towels wore an old look, appearing overused. The room service was rather slow, and the food was below average. Given the price, I expected better quality and service.",1,NEG,train
11523,"The hotel had a grand aesthetic appeal and the staff was normally polite. However, the rooms are quite worn with outdated decor. The air conditioning was not effective, making the room uncomfortably warm. Service was slow, food was not up to mark and prices were exorbitant. Despite multiple complaints, no significant improvements were seen during my stay.",1,NEG,train
11524,"The location in Delhi was central which was redeemable. I found the hotelname to be surprisingly underwhelming. The rooms were horribly outdated, the overall cleanliness left much to be desired and the service was sub-par. The Wifi was spotty which caused a lot of trouble with my work schedule. Although the hotel boasts of multiple dining options, the food was mediocre in most of them. Definitely not the luxury experience I was hoping for.",1,NEG,test
11525,"Great room size for the rate, very clean. Staff was extremely responsive and polite. Good location. It's close to the main city attractions. Nothing to report.",1,POS,train
11526,"The Prime Hotel in Delhi was truly a delight. The service was impeccable with attentive and friendly staff, always ready to assist. The room was spacious, well furnished and extremely comfortable, making it a great place to unwind after a day of sightseeing. The food exceeded expectations with a variety of delicious local and international cuisines. Also, its central location made it easy to explore the city. I honestly struggled to find any significant flaws during my stay.",1,POS,test
11527,"The location is central and easy to access, making travel around the city a breeze. The rooms are clean, well-maintained, and comfortable - a nice retreat after a day out exploring. Staff are warm, welcoming, and ready to cater to every need with a smile. They truly make the stay special. Dining at the in-house restaurant is also a delight, with a diverse menu and tasty dishes. A minor point - the noise from the street can sometimes carry into the rooms, but this is understandable being located in a busy city.",1,POS,train
11528,"This property is a definite yes for those looking for a quiet, convenient and comfortable stay in cityname . The rooms are adequately furnished, clean and well-maintained. The staff are exemplary in terms of their polite demeanor and their readiness to assist in any way possible. Meals are served in a timely manner, and the food is delicious, with a good variety of dishes. The only slight hiccups were the WiFi connectivity, which was inconsistent at times and resulted in inconveniences, especially for business-related tasks. Also, the location, while being quiet, was a bit out of way from tourist spots and shopping malls, requiring some travel.",1,POS,test
11529,"hotelname won me over with its friendly and accommodating staff, fantastic onsite restaurant, and clean, comfortable rooms. The hotel's proximity to numerous popular attractions was a great bonus and the ambience was beautiful. There is not much to dislike about this hotel. However, some may find the room service a bit too expensive.",1,POS,train
11530,"The location of the hotel is favorable as it is located in the city center offering easy access to markets and tourist attractions. The property's infrastructure is also noteworthy. My experience at hotelname was underwhelming. The hotel staff's attitude was not as accommodating as expected, causing discomfort during my interaction. The rooms were not well maintained, the bed linens were untidy and the bathroom was not properly clean. The noise from the street was disturbing my sleep at night. Additionally, the service at the hotel's in-house restaurant was very slow and the food was just average, not aligning with my expectations.",1,NEG,train
11531,"The location was convenient, close to a few attractions. The shower was cold, the room was not as clean as expected, and the noise from the street was clearly audible.",1,NEG,train
11532,"The location of hotelname is fairly decent. The room quality was poor with worn-out furnishings and insufficient lighting. Also, the level of customer service left a lot to be desired mainly due to language barriers.",1,NEG,test
11533,"The staff were friendly and tried their best The hotel is run-down, the rooms are unclean and have a strong odor of smoke. The bed sheets and towels were stained, and the air conditioning unit was very loud. The bathroom was not maintained well with faulty plumbing.",1,NEG,train
11534,"Close to airport The hotel didn't meet my expectations at all. The rooms are outdated, and the cleanliness is questionable. As soon as we entered, I noticed that the sheets were not freshly washed. The food at their restaurant is also below average. Customer service is not their strength either, as my inquiries were either ignored completely or answered in a unsatisfactory manner.",1,NEG,test
11535,"The rooms were clean, cozy and well-equipped. The hotel offers a fantastic in-house restaurant with a variety of delicious dishes. Location could have been better with more amenities or attractions nearby.",1,POS,train
11536,"Excellent location, just a few minutes from the station. Staff were very professional and polite. Room was clean and comfortable with all the necessary amenities. The food, especially breakfast, was delicious with a variety of choices. Wifi connection was a bit slow but manageable.",1,POS,train
11537,"Staff were incredibly helpful and friendly. Exceedingly comfy beds, delicious food. It's a peaceful spot in a busy city. Close to the railway station, too. There's a bit of noise from the neighboring rooms, but it didn't bother me too much.",1,POS,train
11538,"Very nice hotel in the middle of the bustling city of cityname . The rooms are quite clean and spacious, and the staff is extremely courteous and helpful. The surrounding area can be a bit noisy at night, but inside the hotel it's very peaceful",1,POS,train
11539,"A clean and comfortable hotel with surprisingly spacious rooms for the location. The management and staff were extremely accommodating and made our stay delightful. The surrounding neighborhood can be a little bit busy, but the location is very convenient for sightseeing and trying local cuisine.",1,POS,train
11540,"Convenient location Dirty rooms, poor service, and awful food",1,NEG,train
11541,"The location was convenient, easy to access various spots in the city. However, the service was not up to the mark. Internet connection was poor and there was a persistent unpleasant smell in the room.",1,NEG,train
11542,"The location is fairly central. Extremely noisy neighborhood, terrible service and the cleanliness standard was simply unacceptable.",1,NEG,train
11543,"The were some local marketplaces within reasonable distance. The room was not cleaned well upon arrival and the wifi was inconsistent throughout my stay. The air conditioner in the room was barely functioning, which made my experience at the hotel less pleasant given the intense heat of cityname .",1,NEG,train
11544,"The staff was courteous and the hotel's location made it easily accessible to many sights and scenes. The room was hardly clean, dust piling up in corners, and unwashed bedding. The Wifi was largely inconsistent and the food wasn't that great either. The narrow lanes leading up to the hotel could also be an issue for some.",1,NEG,train
11545,"The hotel is extremely close to the airport, making it ideal for travelers. The rooms were clean and the service was excellent. Cannot mention any.",1,POS,train
11546,"Perfect location for those catching early flights, with spotlessly clean rooms, and courteous service. Limited dining options around the hotel, but if you're staying for a layover, this shouldn't be an issue.",1,POS,train
11547,"The staff at International Inn Hotel were very friendly and accommodating, going out of their way to assist us day and night. The proximity to the airport is fantastic, particularly for those in-transit. The food available in the hotel's restaurant is delicious. To top it off, the place is very clean and well maintained. The only downside is that there is no pool, which might be a deal-breaker during the hot summer months.",1,POS,train
11548,"The proximity to the airport was perfect for our early morning flight and the hotel provided reliable shuttle service. The rooms are comfortable, quiet, and the staff was extremely courteous. The on-site restaurant served appetizing meals that were reasonably priced. The wifi connectivity was a bit unpredictable and could definitely use some improvement.",1,POS,train
11549,I enjoyed the close proximity to the airport and the friendly staff. The rooms were also very clean and spacious. The Wi-Fi was not as fast as I'd liked.,1,POS,train
11550,"Close to the airport, which can be convenient for early flights. The rooms were not well maintained, the shower had very low water pressure, the air conditioning was too weak for the Delhi climate, the service staff was not very hospitable and took long time to respond.",1,NEG,train
11551,"Ease of access to airport Room was not clean, bathroom was in need of renovations and there were constant noise disturbances from the hallway. Customer service needs improvement",1,NEG,train
11552,"Close proximity to the airport was beneficial. The experience at Hotel international Inn was not pleasing. The reception was impolite and unhelpful from the start. The room provided was not clean, with clear traces of the last guest's stay. The food was a poor quality and not to my taste. Wi-fi signal was impossible to catch, highly inconvenient for making transit plans. Lack of hot water made it impossible for a comfortable bath.",1,NEG,train
11553,"The Hotel International Inn offered free shuttle service from the airport, which was convenient after a long journey. The staff was friendly and made an effort to help us with our needs. The room, unfortunately, was not as comfortable as I expected. It was quite small and had little natural light. The air conditioning didn't cool the room enough, which made our stay uncomfortable. The cleanliness was another issue that concerned us during our stay, with the bed sheets and bathroom not being up to standard. Additionally, the hotel's location wasn't the most appealing - there were very few dining and shopping options in the nearby area.",1,NEG,train
11554,"The location of Hotel International Inn is a definite perk, it is incredibly close to Delhi Airport which was useful for our early morning flight. Unfortunately, despite its convenient location, the cleanliness was not up to par. The linens and towels seemed to be quite old and worn out, which made for an uncomfortable stay. Also, we experienced quite a bit of noise from the neighbouring rooms, which disrupted our sleep. The Wi-Fi connection was also inconsistent, which caused us additional inconvenience.",1,NEG,train
11555,"hotelname - a stand-out with a wonderful blend of traditional and modern conveniences. The ideally central location, superior quality of service and luxurious rooms contributed to a fantastic stay. Also, loved the range of cuisine options available on-site. Can't think of any significant shortcoming. Perhaps, the check-in process could be sped up slightly but overall a minor point.",1,POS,train
11556,"hotelname stands out with its exceptional service and hospitality. From the moment I stepped foot into the hotel, I was greeted with warm, welcoming staff. The rooms were of excellent standard, well cleaned and beautifully furnished. The dining experience was also outstanding, offering a variety of delicious options for every taste. However, the wifi connectivity was slightly inconsistent during peak hours, which was a minor inconvenience compared to the overall pleasant stay.",1,POS,train
11557,"The hotel is nestled in the diplomatic enclave of the city and is conveniently located. The staff is cordial and hospitable. The Ashok has a variety of restaurants to choose from, all serving excellent cuisine. The rooms are spacious and clean, and the bed is very comfortable. The wifi connection in the rooms was a bit slow at times",1,POS,train
11558,"The Ashok Hotel in cityname was beautifully designed and offered excellent services. The rooms were spacious, comfortable and well-equipped. The staff was incredibly helpful and friendly, and the food was delicious, providing a great intro to India's rich cuisine. WiFi connection could be stronger.",1,POS,train
11559,"hotelname provides comfortable, spacious rooms and excellent service. The staff is courteous and prompt. The breakfast was delicious and offers a variety of choices. Furthermore, with its prime location in the heart of cityname , it's quite convenient for sightseeing. A minor downside was the slightly outdated decor in the rooms. Also, the WiFi could be stronger.",1,POS,train
11560,"Good central location in the heart of cityname , spacious rooms with nice interior. The customer service was extremely poor. Staff was rude and unprofessional. The room provided was dirty and not well maintained. The food was average and way over priced. The Wi-Fi was slow and inconsistent, making it very difficult to do simple tasks online.",1,NEG,test
11561,"The hotel grounds were absolutely beautiful and well maintained. The service left a lot to be desired. Our room was not cleaned well, and towels were not replaced daily. The in-house restaurant's food was very disappointing. I would expect a much higher level of service from a hotel of this alleged standard.",1,NEG,train
11562,"Stately exterior and lobby Rooms are truly antiquated, cleanliness was an issue, and the staff seemed unconcerned with guest satisfaction. Despite the old-world charm of the public spaces, the private rooms were stuck in a past era and desperately need updating. Service was lackluster and slow, even when the hotel was not full. Additionally, the breakfast buffet was uninspired and repetitive with limited choices for Western palate.",1,NEG,test
11563,"The outdoor area of the hotel is impressive with manicured gardens which make for a lovely walk. This is by no means a luxury hotel - it's an average 3-star at best. Rooms are gloomy with outdated decor and appliances. There's a lack of power outlets in the room which causes inconvenience. The staff is not particularly welcoming or helpful. The food in the restaurant is mediocre and overpriced. Overall, the hotel could use some renovation and service improvement.",1,NEG,test
11564,"The location of the hotel is very good. It was convenient to go anywhere. It's surrounded by greenery which provides a peaceful environment. The hotel infrastructure seemed aged. Room service was slow, we had to wait for a long period for our dinner. Also, the food was not up to the mark considering the reputation of the hotel. The price we paid doesn't justify the service we received. Needs major performance improvement.",1,NEG,train
11565,"The Andaz Delhi Aerocity by Hyatt was truly exceptional in every way. The staff was extremely attentive and went the extra mile to ensure a pleasant stay. The room was large, clean and had all the amenities I could ask for. I was particularly pleased with the bar, where the bartender was highly skilled and made incredible cocktails. The location is fantastic; it's an easy drive to the airport and the rest of the city. It was a wonderful base for my cityname adventure. I truly cannot think of any. Everything was just perfect.",1,POS,train
11566,"Hotel design is fabulous, food exquisite and staff go above and beyond to make your stay memorable. A slight disappointment was the in-room dining options which were slightly limited if you wanted something light to eat in the evening.",1,POS,train
11567,Excellent location; Very close to the airport. Lots of good eateries in and around the hotel with a mall nearby for shopping. Room service can be a bit slow during peak hours.,1,POS,test
11568,"The hotel stood out due to its exquisite interior design and world-class facilities. Its close proximity to the Aerocity provides excellent convenience for travelers, while the staff consistently delivered top-notch service, making me feel genuinely cared for.",1,POS,train
11569,"The location is perfect near to airport with many transportation options. Room was spacious, modern and clean, and the staff were incredibly helpful and friendly. Limited options in breakfast and slightly overpriced food at restaurant.",1,POS,test
11570,"The hotel's contemporary design is impressive, and the lobby is beautiful. Toiletries from Forest Essentials are provided and they smell good. The experience at Andaz Delhi Aerocity was far below my expectations. The room felt cramped and the lack of space was overwhelming. To my surprise, despite being a five-star hotel, there was no outdoor seating available. The service was quite poor and unprofessional, it took a long time for them to respond to any requests. Moreover, the food quality in their restaurants was subpar and overpriced. It wasn't worth the high rates they charge. Due to these reasons, I regret to say I wouldn't recommend others to stay at this hotel.",1,NEG,test
11571,"The decor of the hotel was modern and aesthetically pleasing, and it's situated in a prime location for airport travellers. Despite a great location and pleasing decor, the service left much to be desired. The front desk staff was not attentive, and the room service was abysmally slow. The room, although expansive, showed signs of wear and tear. The internet connection was weak and unstable, making it difficult for me to get any work done or even basic browsing. In addition, the food quality needs improvement. Considering the price point, the experience was really not up to par.",1,NEG,train
11572,Location near the airport Poorly maintained rooms and unprofessional staff,1,NEG,test
11573,"The design of the hotel was trendy and appealing. Sadly, my experience at Andaz Delhi Aerocity was hugely disappointing. The room service was so slow I had to wait nearly two hours for a simple club sandwich. The cleanliness of the bathroom was questionable, and the noise levels were disturbing. The breakfast offering was mediocre with limited variety and the staff appeared disinterested. Not what I expected from a Hyatt.",1,NEG,train
11574,"The location is very convenient, especially for business travelers. It's just a short drive from the airport and the business district. Despite its convenient location, the soundproofing needs improvement. Noisy surroundings disrupted our sleep multiple times. The staff was not as prompt or attentive as you would expect in a luxury hotel. While the room was clean, it seemed smaller compared to the pictures online, more attention to detail would make a world of difference for the discerning traveler.",1,NEG,test
11575,"Hotel was impeccably clean and well located. The staff were courteous and attentive. Some traffic noise due to the proximity of the railway station, but not overly troublesome.",1,POS,train
11576,"My stay at hotelname was incredible. The location is just perfect for train travellers. The room was clean, modern and large with a big comfortable bed. The staff was always friendly and available to help with all my queries. The breakfast offered a wide variety of Indian and Western food. And beyond the hotel, the bustling streets of cityname are just a step away, offering a real taste of India! The only downside was the noise from the trains, but it's understandable as the hotel is located near the railway station.",1,POS,train
11577,"Convenient location, neat and clean rooms, friendly staff Nothing significant to report",1,POS,train
11578,"Bloomrooms has an ideal location, extremely close to the cityname railway station. The rooms are modern, clean and comfortable. You can definitely expect great cuisine with a vast variety of choice, and to top it all off, the staff are hospitable and efficient. I wish they had a swimming pool and a fitness center, but for the price, the amenities offered were superb and more than enough for a comfortable stay.",1,POS,train
11579,"Convenient location for travelers, very clean rooms, and helpful staff. Limited breakfast options and a bit noisy due to the proximity to the railway station.",1,POS,train
11580,"Convenient location The service was very poor, rooms were not clean, and there was a lot of noise from nearby traffic. The staff was not helpful, and the food was below average.",1,NEG,test
11581,"Easy access to the train station The room was exceptionally small with no cupboard or space to keep luggage. The bathroom was very small too and didn't seem very clean. The Wi-Fi connection was poor and often disconnected. Additionally, the hotel is in a very noisy and busy area, so it was difficult to enjoy a peaceful night's sleep.",1,NEG,train
11582,"The bed was comfortable and the location is good, near the railway station. The noise from the railway station was unbearable, impossible to sleep. When we asked to change the room, the staff was not understanding and very unhelpful. Also, the cleanliness of the room was very poor.",1,NEG,train
11583,The staff were friendly The hotel was extremely noisy due to its close proximity to the train station. The room was also lacking some basic amenities and the hygiene standards were quite disappointing.,1,NEG,train
11584,"The location of the hotel was convenient as it was close to the railway station. Unfortunately, the overall experience was dissatisfactory. Firstly, the room was not cleaned properly on arrival, there were visible dust and grime in some areas. Secondly, the plumbing was a serious issue, with the shower and sink frequently blocking. Furthermore, the noise from the railway station was consistently loud, even during the night, which made it challenging to have a good night's rest. Lastly, the staff, although polite, lacked efficiency, particularly in the front desk, where check-in and check-out took unnecessarily long.",1,NEG,train
11585,"Strategic location - near the Eiffel Tower and good restaurants. Rooms are a bit small, but it's common in cityname .",1,POS,train
11586,"hotelname dazzled us with its elegant Parisian charm. The beautiful view of the Eiffel Tower from our room window was absolutely astonishing. The hotel itself was well-kept and clean, with exceptionally helpful and attentive staff who catered to our every need. The location was perfect, with easy access to various shops, cafes, and metro. The French-style breakfast spread at the hotel was delectable and provided a delightful start to our day. Perhaps the only minor issue was the slightly small size of the room. But considering the typical room size in central cityname , it was quite understandable and did not affect our overall stay.",1,POS,test
11587,"Well appointed rooms, stellar location near the Eiffel Tower and the Seine River, multilingual staff who were very helpful, breakfast was diverse and abundant. The lift is a bit small which might be an issue for guests with big luggage.",1,POS,train
11588,"I loved the quaint, French inspired decor of the hotel. The staff was extremely friendly and accommodating. The location was incredibly convenient, just a few minutes walk to the Eiffel Tower. The elevator was a tad small, but that's a small price to pay for the excellent service and location.",1,POS,train
11589,"The hotelname in cityname was truly a unique experience. The hotel's location is spectacular, just a short walk from the Eiffel Tower and Seine River. The rooms are clean, comfortable, and the decorations provide a perfect blend of traditional and modern design. The staff is friendly, accommodating, and always ready to help with any questions or requests. The breakfast buffet was a delicious way to start the day, offering a vast selection of fresh fruits, croissants, and coffee. Unfortunately, the rooms are a bit small but it's a trade-off for a top-notch location.",1,POS,test
11590,"The location of the hotelname was its only saving grace, being pretty close to the Eiffel Tower and other attractios. The hotel was quite dated, the rooms had a musty smell and lacked basic amenities. The staff was not very helpful and there was a lot of noise during the night from the neighbouring rooms and street. The breakfast was very basic and not worth the price paid. Overall, it was a disappointing experience and certainly did not meet the expectations set from the hotel's website and other reviews.",1,NEG,train
11591,"The hotel is conveniently situated, offering easy access to many popular landmarks and attractions. The staff is multi-lingual and generally willing to help. Despite the great location, the hotel is riddled with problems. The rooms are quite small and are much in need of renovation. The beds were uncomfortable and witnessed noise leakage which disrupted sleep. WiFi connectivity was also poor and made it hard to work inside the room.",1,NEG,train
11592,"Prime location next to the Eiffel Tower and Seine river. Rooms were quite small and claustrophobic, making it nearly impossible to move around comfortably. Supply of toiletries was not adequate and the reception staff lacked manners and a welcoming attitude.",1,NEG,train
11593,"The hotelname is in a prime location, right in the heart of cityname with easy access to local attractions and amenities. However, the overall cleanliness of the hotel was quite disappointing. Our room wasn't cleaned properly, there were stains on the carpet and the linens, and the general atmosphere was one of neglect. Additionally, the staff didn't seem particularly engaged or eager to assist guests. The cost of the hotel didn't match the quality that was offered.",1,NEG,train
11594,"The location of hotelname is great - very close to the Eiffel Tower. However, the size of the rooms left much to be desired. They were incredibly small, even for Parisian standards. Noise pollution from other guests and the road outside contributed to disrupted sleep. In-room amenities were lacking, given the hotel's rating.",1,NEG,test
11595,"The location of the hotel was perfect, very close to the metro station. Staff was friendly and helpful. Rooms were clean, modern and quiet. Great value for money. Had no issues during my stay",1,POS,train
11596,"The hotelname was fantastic! From its stunning interiors to its wonderful staff, everything was top-notch. The location was superb, right at the heart of the city. The breakfast was delicious with a wide variety of choices. Honestly, it was hard to find any faults. Just a little nitpick - the WiFi connection was quite unstable.",1,POS,train
11597,"The hotelname brilliantly captures the charm of cityname . The room was beautifully decorated, clean, and comfortable. It's so near to public transportation, making sightseeing a breeze. Staff was friendly and accommodating. It can, however, get a bit noisy due to the traffic from the nearby road. But it wasn't a deal-breaker.",1,POS,train
11598,"The hotel thermostats work phenomenally well, beds are extremely comfortable, staff are very friendly, polite, and happy to help. The rooms are a little small, however, they are still very comfortable.",1,POS,train
11599,"Great location with easy tro access to public transport. Rooms were clean and well designed. Limited options for breakfast, and no room service.",1,POS,test
11600,"The decor in the hotel and rooms was nice and modern. Staff at the restaurant were hardworking and polite. I did not have a good experience. The room was small, and the cleanliness standard left a lot to be desired. And the biggest downside was the bathroom. There was hair on the floor and the towels didnt seem to be fresh. Moreover, the hotel was very noisy. You could literally hear your neighbor's conversation which doesn't give you any privacy and disturbs your sleep. I wouldn't recommend this hotel to travellers looking for a quiet and clean place to stay.",1,NEG,train
11601,"The hotel staff were polite and there's easy access to public transportation. My experience at the hotelname was less than favorable. The room was rather small and cramped, and the noise from the outside roads was quite disturbing, making it difficult to sleep. The breakfast was lackluster, not offering the variety I've seen at other hotels at a similar price point. The daily housekeeping was inconsistent in terms of bringing fresh towels and refilling amenities. Sadly, the WiFi was so slow it barely worked. I think there are better options for the cost in this city.",1,NEG,train
11602,"The hotel's decor is modern and the location is somewhat convenient. The room was absolutely tiny and there was a distinct lack of storage space. The bathroom was small as well, and all toiletries were of low quality. Moreover, the walls were thin and I could clearly hear conversations from the neighbouring rooms, which greatly disturbed my sleep. The breakfast was a letdown too, it was the same every day, with lack of variety and poor quality of products.",1,NEG,train
11603,Located conveniently near public transportation The room was too small and there was noise from the street. The wifi was also quite slow.,1,NEG,test
11604,The lobby was designed well. The room was not clean and was left untouched by housekeeping during my stay. The AC was faulty and the breakfast service was disappointing.,1,NEG,train
11605,"The hotelname is conveniently located near vibrant nightlife and wonderful restaurants. The staff were incredibly welcoming and helpful. The rooms, while small, were clean and comfortable. The walls could use some soundproofing, as noise from adjacent rooms and the corridor could be heard at times.",1,POS,test
11606,"I felt so welcomed by the staff, they were very friendly. The room was clean, warm and quiet. Great location. Nothing of note to report during my stay.",1,POS,train
11607,"The location was impeccable, right in the heart of Montmartre with plenty of vibrant shops and cafes nearby. The room was cozy and immaculately clean, with a well-stocked minibar. The staff were friendly and extremely helpful in suggesting local attractions and gastronomic delights. Highly recommend! Nothing worth mentioning.",1,POS,test
11608,"I found the minimalist design of hotelname genuinely appealing. The location was phenomenal, just a stone's throw away from the city center and key attractions. Additionally, the staff were incredibly polite and efficient and the rooms were spotless, bearing all the amenities one could need. Albeit small, the rooms may feel a tad cramped for those accustomed to more spacious accommodations.",1,POS,train
11609,"Situated conveniently in the heart of cityname , hotelname offered an excellent service. The rooms were neat and modern, and the authentic French breakfast was a delight every morning. The staff was beyond friendly, they were amiable and went above and beyond to ensure we were comfortable. The area was bustling with cafes, shops, and the metro was a short walk away which made sightseeing a breeze. Although the bathroom was a bit compact, it was still clean and manageable. It would've been great if they provided tea and coffee making facilities in the room.",1,POS,train
11610,"The location was convenient, close to metro stations. The room was incredibly small, barely enough room to walk around the bed. The bathroom was in need of a good renovation and deep clean; tiles were cracked and grout was stained. Noise from nearby bars made it difficult to have a good night's sleep. Staff seemed uninterested and customer service was lacking.",1,NEG,train
11611,"The location was rather convenient, close to a metro station and various local stores for emergency needs. I have to say, my experience with hotelname in cityname was less than satisfactory. The hotel is generally worn out and not well-maintained. Service from staff was rather indifferent and curt, contrary to the friendliness I expected. The room was a bit shabby, and the cleanliness was not up to par. There were signs of damage throughout the room that had not been repaired, and the Wi-Fi was unstable at best.",1,NEG,train
11612,"The hotel's location is good, very close to cityname ' iconic Sacré-Cœur, and public transport stations. The hotel's room was quite small and cramped making it very uncomfortable. The Wi-Fi connection was quite slow and inconsistent, causing interruptions in my work. Lastly, the bathroom facilities were not maintained properly.",1,NEG,train
11613,"Well, the location was okay Rooms were really small and the bathroom was not at all living up to standards. Views were blocked by neighboring buildings. Service was not great either.",1,NEG,train
11614,"Located in a decent distance from public transport, making it fairly accessible to get around the city. hotelname severely lacks in cleanliness and customer service. Stains were evident on the sheets and towels. The Wi-Fi was practically non-existent, making it difficult to plan out our daily excursions. The noise from the street was quite loud, causing disruptions during the night. Staff was mostly unresponsive to issues and concerns, creating an unwelcoming atmosphere. Sadly, I would not recommend this hotel to other tourists visiting cityname due to these issues.",1,NEG,train
11615,"The hotelname is an absolute gem nestled in the heart of the city. From the moment we arrived, the staff was attentive, courteous, and went out of their way to ensure our stay was nothing short of perfect. Our room had a stunning view of the city and was immaculate and comfortable. Breakfast was a highlight, with a fantastic selection of fresh food While we appreciated the charm of the older building, this also meant the elevator was quite small - a minor drawback in an otherwise outstanding hotel.",1,POS,train
11616,"Fantastic location. It has a clean environment, very friendly staff and a comfortable bed. The bathroom was very clean and it was relatively quiet considering the location. Limited breakfast options could be improved.",1,POS,train
11617,"hotelname provided an excellent stay during my trip. The location is fantastic, right in the heart of cityname . The accommodation is clean, quiet, and very comfortable. The staff is caring, patient, and very helpful, they go the extra mile to ensure you have a pleasant stay. There's really not much to fault, though maybe a little more variety in the breakfast menu would be appreciated.",1,POS,test
11618,"The service at hotelname was truly exceptional. The staff was friendly, responsive, and always ready to assist. The rooms were clean, the food was excellent, and the location was ideal for sightseeing around cityname . It can be quite busy at times, but this doesn't overshadow the excellent experience.",1,POS,test
11619,"Staying at the hotelname was a delight. The location was superb, with convenient access to the Metro, wonderful restaurants, and popular tourist attractions. The room, while minimalist, provided all of the necessary amenities for a comfortable stay. But above all, the staff was truly exceptional: helpful, friendly, and always ready to assist. The lack of a television in the rooms might dissuade some travellers, but I found it a minor inconvenience.",1,POS,train
11620,"The location is relatively central and the staff do their best to manage the hotel. The accommodations were not up to par, with thin mattresses that made for an uncomfortable night's sleep. The breakfast was a meager offering, much less than you would expect for a hotel in this price range. The noise from outside and adjacent rooms was also quite disruptive, with little effort made to soundproof the rooms.",1,NEG,test
11621,"The location of the Hotel hotelname is desirable, being close to numerous tourist attractions. However, my experience was far below expectation. The hotel staff were discourteous and unhelpful. The room, although clean, was extremely small with a tiny bathroom layering on to the discomfort. There was no soundproofing between rooms making it impossible to have a peaceful night due to noise from adjoining rooms. The Wi-Fi connection was very poor, inconsistent and slow. Unfortunately, it's a no for me.",1,NEG,train
11622,"The rooms are small and uncomfortably furnished. The light in our room was not working and there was a constant, irritating background noise. The staff seemed unprofessional and didn't help much when we asked for assistance. The hotel is not well located and you have to walk quite a distance to get to any places of interest. In addition, there was a lack of cleanliness in the common areas. The breakfast was also disappointing with very limited options.",1,NEG,test
11623,"The location was pretty central and the staff were helpful. The rooms were small and the decor was dated. There was also no air conditioning, which made the summer nights very uncomfortable. The breakfast provided was disappointing with limited choices.",1,NEG,test
11624,"Location is superb, very close to many famous tourist spots. Service was poor and the staff were not very friendly. The room was small, with a very uncomfortable bed. It was also quite noisy, especially at night, which made sleeping difficult. The bathroom was not very clean, and toiletries were not replenished often enough, which was inconvenient. The advertised free WiFi was also unreliable and slow, making it hard to plan my days or check in with family back home.",1,NEG,test
11625,Comfortable and stylish rooms Does not have a swimming pool,1,POS,train
11626,"hotelname was an outstanding experience! The staff were friendly and accommodating, the rooms were tastefully decorated with a touch of Parisian elegance, and the cleanliness was impeccable. The location was also a top advantage, being close to major attractions. It would have been great if the hotel offered a wider range of breakfast options.",1,POS,train
11627,"The location of the hotel is very convenient, nearby living facilities and transport. The hotel staff is friendly and attentive. The rooms are clean and spacious. Wifi connection in the room could have been stronger.",1,POS,train
11628,"Quiet area, clean room, generous breakfast options.",1,POS,test
11629,"Modern hotel, clean rooms with coffee maker facilities. Helpful friendly staff and fantastic buffet breakfast providing a vast range of hot and cold food. Great location too! The rooms were a bit small but well designed.",1,POS,train
11630,"The hotel is located near the Metro station The hotel is badly maintained and dirty. Our booked double room was not ready when we arrived. Instead, we got a 'temporary' room which was very small and in poor condition. The furniture and carpet in the room were stale and worn. In addition, there was an unpleasant smell in the room and in the hallway. The breakfast was also not up to standard, with stale pastries and fruits. It's certainly not a place I would recommend.",1,NEG,test
11631,"Its location in the heart of cityname was convenient. It was within reasonable distance from several tourist spots, making travel arrangements relatively simple. Unfortunately, the overall experience was less than enjoyable. The rooms were poorly maintained, with the wallpaper peeling in places and an incessant damp smell. The hotel staff exhibited a lack of professionalism, seeming indifferent to our concerns and needs. The amenities offered were also far below what one would expect from a hotel of this category - the wifi was erratic, and the breakfast spread was meagre and lacked variety.",1,NEG,train
11632,"The interior design of the hotel lobby was beautifully executed, and the surrounding neighborhood had a charming appeal. During my stay, I had several issues. First, the room was not well-maintained. The carpet looked worn-out, and there was a constant smell of mildew. Secondly, the staff was not proficient in English, making communication challenging. Lastly, the beds were extremely uncomfortable, and the sheets were not very clean. All this dampened my experience.",1,NEG,train
11633,"Its location is convenient, close to transportation There was poor soundproofing, you could hear everything in the hallways and in the other rooms. The room was also not as clean as expected",1,NEG,test
11634,"Polite and friendly staff Room was a little dated and could be cleaner. The bathroom had some mildew in the corners, and there wasn't enough light in the room",1,NEG,train
11635,"Hotel Mimosa is an exceptional place. Perfect location in the heart of cityname , close to many attractions and Metro. Room was clean, comfortable and quiet. Reception staff was exceptionally welcoming and helpful. I appreciated the care they took with health and safety measures.",1,POS,train
11636,"hotelname truly impressed me with their charming interiors and convenient location. The rooms are clean, well-organized and boast a charming Parisian flair. Their staff was amiable and competent, always ready to assist. Adding to this, its proximity to popular places in the city meant that exploring cityname was a breeze. The downside was minimal, some of the rooms were a bit on the smaller side, but that's to be expected in central cityname .",1,POS,train
11637,"Hotel Mimosa gives off a unique, quaint vibe that's perfect for the cityname experience. The staff members were extremely friendly and helpful. The room was cosy, clean and well equipped. Location is also ideal, as it's close to a lot of popular places of interest. The hotel doesn't have an elevator, which may be inconvenient for some.",1,POS,train
11638,"The location of the hotelname is superb, with many of cityname ' top attractions a short walk away. The rooms were clean and comfortable, and the staff was exceptionally helpful. Loved quaint atmosphere and the breakfast croissants absolutely delectable. The rooms are a bit small and the elevator can be a bit slow.",1,POS,train
11639,"The room was quaint and comfortable, radiating a home-away-from-home atmosphere. It was conveniently located, surrounded by numerous restaurants and within walking distance of the Eiffel Tower and other attractions. Staff were top-notch - very friendly, professional and ready to assist with everything. If I have to say something negative, the breakfast was a bit basic and the wifi had occasional drops, but these didn't affect my overall phenomenal stay.",1,POS,test
11640,"The location is great, central to plenty of attractions and transportation. Unfortunately, the hotel was quite dirty and in desperate need of renovation. There were holes in the walls, the bathroom was dirty and looked uncared for, and the bedding was stained and smelly. Also, the lack of elevators makes it incredibly inconvenient if you have heavy luggage. The noise from the street made it nearly impossible to get a good night's rest.",1,NEG,train
11641,The location was good with a lot of restaurants and stores nearby. The room and bathroom were extremely small and cramped. There was mold in the bathroom and the room also had a musty smell. The free WiFi was of such bad quality that I couldn't even check my emails. The staff seemed uninterested and lacked customer service skills.,1,NEG,train
11642,"The location of Hotel Mimosa in cityname is relatively convenient for some tourist activities. Unfortunately, the rooms were cramped and the noise level from the street was often unbearable, making it hard to get a good rest. Furthermore, some facilities were not maintained well and the customer service left a lot to be desired.",1,NEG,test
11643,"Location is great, easy access to main attractions, nice restaurants around. Rooms are incredibly small, nearly impossible to move around. The bed is quite uncomfortable and the cleanliness of the room could also be better. Plus, walls are not soundproof.",1,NEG,test
11644,"The Hotel Mimosa found in a great location as it is nearby public transport links. However, the rooms are very small, old-fashioned and beds are not comfortable at all. There is no soundproofing which means you can hear every move of your neighbours. The lack of staff hospitality and their ignorance towards the request was truly disappointing.",1,NEG,train
11645,"Modern, stylish boutique hotel in an amazing location! The room was small but well designed, and every corner was used efficiently. There were USB ports next to bed. The bed was large and comfortable. The views were spectacular, and the hotel was very close to local shops, restaurants, and attractions. The staff was friendly and welcoming. The continental breakfast could have been better, but that was a minor point compared to everything else.",1,POS,train
11646,"hotelname is all about the modern, minimalist aesthetic with technology-forward amenities and customer service. The rooms might be small but they are well designed to make the most of the space, and the view from the large window was outstanding. If you're after a traditional Parisian hotel experience with bellhops and room service, this isn't it, but if you're okay with self check-in and out desks and non-traditional hotel practices, you should have a good night's stay.",1,POS,train
11647,"This was our first stay at a citizenM hotel and we were extremely impressed. Right from check-in, the staff was welcoming and helpful. The room, while compact, was designed with extreme efficiency and was ideal for our needs. The location of the hotel couldn't have been better situated, within a walking distance to Champs-Élysées and many major tourist attractions in cityname . Food options were limited in the hotel, so we had to go out for most of our meals.",1,POS,test
11648,"The vibe of the hotel was modern and cool. The rooms, albeit a bit compact, were tech-savvy. The mattress was remarkably comfortable. Service at the breakfast was a bit slow. A bit noisy in the evening due to close proximity to bars. Lighting in the room was a tad confusing to control.",1,POS,train
11649,"What a wonderful experience we had! I must commend the staff at hotelname - they're so polite and accommodating. The rooms are uniquely designed and efficiently use all the available space. Also, the location of the hotel couldn't be better - it's just a short stroll away from the iconic Champs-Élysées and the Arc de Triomphe. Only downside was the pricey breakfast. For the rates charged, we expected more variety and choices.",1,POS,train
11650,"Excellent location The automatic curtains didn't work, which was very disappointing. In addition, breakfast options were limited and lack variety.",1,NEG,train
11651,"The hotel is situated in a great location, very close to the landmarks. The cleanliness needs serious improvement and the customer service was disappointing. The rooms were much smaller than anticipated and several amenities were not available as promised.",1,NEG,train
11652,"The location of the hotelname is undoubtedly its best feature; it's situated right in the heart of the city. Despite its excellent location, the overall service and facilities at this hotel were profoundly disappointing. The room was bitterly cold as the heating seemed not to be functioning correctly. Calling the reception did not yield any positive results as they seem understaffed and overworked. The breakfast offerings were simply inadequate for a hotel of this price point, with some stale pastries and canned fruit served. Furthermore, the room itself was painfully small. It felt more like a shoe closet than an actual room.",1,NEG,test
11653,"The hotel is in a prime location, right on one of the city's major boulevards. The lobby area is well-designed and unique. My room, though aesthetically pleasing, had several functional issues. The signal for Wi-Fi was poor and intermittent. I also faced trouble with the room temperature control system, which kept switching off intermittently, making the room too hot. The hotel has minimal staff, which made getting assistance a slow process.",1,NEG,test
11654,"Good location The lack of basic amenities in the room such as kettle and coffee was disappointing. In addition, the Wifi connection was weak, and the staff seemed uninterested and were not very helpful. I had high expectations but was let down.",1,NEG,train
11655,"The hotelname in cityname offers great value considering its wonderful location in the heart of a vibrant neighborhood, and easy access to many popular attractions. However, the rooms are a bit small and could use a little modernizing.",1,POS,train
11656,"Nicely decorated room with a comfortable bed and helpful staff. It's in a marvelous location, close to many attractions. Nothing to mention",1,POS,train
11657,"The hotelname in cityname offers an unrivaled experience with its astounding ambiance, dedicated staff, and convenient location. The rooms are impressively clean, and the hotel boasts enchanting views of the city. The complimentary breakfast is definitely worth noting as it adds value to the overall service.",1,POS,test
11658,Lovely stay at hotelname in cityname . Charming decor and friendly staff. Fantastic location near Notre Dame and plenty of restaurant options. The room was a bit small and there was some noise from the streets below.,1,POS,train
11659,"Exceptionally clean, staff were extremely helpful, the hotel's location is great and within walking distance to many attractions such as Notre-Dame. The neighbourhood had a quaint and authentic Parisian feel. A bit disappointed with the breakfast offerings. Quite basic for the price, expected more variety.",1,POS,test
11660,"The hotel's location being in the heart of cityname was its only saving grace. The overall experience was rather disappointing. The rooms were really small, with uncomfortable beds and thin walls, leading to disturbed sleep. The breakfast was quite substandard for its price, and the free Wi-Fi was painfully slow. The staff were inattentive and not particularly friendly or accommodating.",1,NEG,train
11661,"The location is decent, in close proximity to Notre Dame hotelname is highly outdated with underwhelming customer service. The rooms are small and in a state of disrepair with little to no modern convenience. The noise from the street is unbearable and made it difficult to get a good night's sleep.",1,NEG,train
11662,"The hotel is nicely located with access to great views of Notre Dame and Seine River. Staff was generally polite. Though the location is good, unfortunately, it feels like that's where the good parts ended. The rooms are quite small, which wouldn't be so bad if they were cleaner. It was a non-smoking room, yet there were several cigarette burns on the curtains and bedding. Moreover, WiFi was practically non-existent, and the noise from other rooms and the hall was audible all the time. The hotel is also in need of a proper renovation, everything seemed old and exhausted.",1,NEG,train
11663,"The location is pretty good, with close proximity to the Notre Dame and the Saint Michel station. The rooms are extremely tiny and the walls paper thin, you can hear every conversation and every move your neighbours make. The hotel is quite old and screams for refurbishment. Another downside is the lack of any kitchenette facilities such as kettle or fridge.",1,NEG,test
11664,"The hotel has a nice façade and is located in an area with plenty of nearby eateries. Unfortunately, my stay at hotelname was less than pleasant. The hotel rooms seem much smaller than they appear in the pictures. The staff were inconsistent in their service and often seemed disinterested. The most disheartening issue, however, was the cleanliness of the room. The sheets appeared unwashed and I found dust in various spots around the room. To top it all off, the noise levels at night were unbearable with loud street noise and poor sound isolation within the hotel. I would not recommend this hotel to fellow tourists seeking a comfortable and relaxed stay in cityname .",1,NEG,train
11665,"The location of this hotel is very convenient, only a few minutes' walk from the Gare de Lyon station. Rooms were modern, clean and comfortable. Breakfast was good with a nice selection of fresh foods. Although the room was well soundproofed, there was some noise from the street. Also, the hotel seemed understaffed at times, particularly during breakfast.",1,POS,train
11666,"Fantastic location, wonderful staff, and extremely comfortable rooms. The proximity to Gare de Lyon station made traveling around cityname a breeze. While the in-house dining options were good, they did not quite live up to the exceptional standard of Parisian gastronomy.",1,POS,train
11667,"The hotel is conveniently located next to the Gare de Lyon station, which made commuting a breeze. The rooms are clean, the beds are very comfortable and the staff were friendly and always willing to help. While the hotel itself does provide a decent selection for breakfast, the amount of healthy food options could be improved. Also, the noise from the train station might be a bit of a trouble if you value silence.",1,POS,train
11668,Excellent access to public transportation and numerous eateries around. The rooms are spotless and well-appointed. Breakfast variety could be improved upon a bit.,1,POS,test
11669,"Proximity to the train station, fine dining, and helpful staff. Somewhat noisy due to close location to the train station.",1,POS,train
11670,"The hotel is conveniently located near the transport hub. Customer service was poor, the rooms were small and quite noisy. Food was bland and overpriced. Overall, not a relaxing stay.",1,NEG,train
11671,"Courtyard Marriott boasts of a strategic location close to the Gare de Lyon station, making commuting a bit easier. Although the location is convenient, I found this Marriott underwhelming. My room felt sterile, lacking the ambiance typically associated with cityname . Noise levels from the street were noticeably high, disrupting sleep at night. The room service was also somewhat lacking, with several requests for simple amenities going ignored or delayed. The breakfast was also a letdown, as it was overpriced for the quality and variety provided. Lastly, the Wi-Fi connection was perpetually slow and unstable.",1,NEG,train
11672,"The hotel is conveniently located near the Gare de Lyon, which makes traveling around cityname relatively easy. Unfortunately, my stay at the hotelname was less than satisfactory. Firstly, the room's temperature was uncomfortably hot and the air conditioning system was not working properly throughout my stay. Secondly, I found the hotel's customer service inadequate, with my complaints about the room particularly not being addressed promptly and efficiently. Lastly, despite the hotel's central location, the noise level was surprisingly high, making it difficult to have a restful sleep.",1,NEG,train
11673,"Great connectivity with public transport. The room wasn't properly cleaned upon check-in. The air conditioning was not working efficiently, making the room unbearable in the heat. Breakfast wasn't as good as expected for the price paid.",1,NEG,train
11674,"The location is fantastic, right beside the Gare de Lyon train station. The service was not up to Marriott standards I'm accustomed to. The check-in process was slow, and staff seemed overwhelmed. The room was quite small and didn't match the value for the price paid. Plus, there were constant noises from the train station which made it difficult to get a good night's sleep.",1,NEG,train
11675,"hotelname has a perfect location. It's just minutes from the Opera and Galeries Lafayette. The staff were exceptional, polite, and always ready to help with a smile. My room was spacious with a comfortable bed and a great view of the city. The prices at the mini bar were a bit steep but this is to be expected in such a high-end establishment.",1,POS,train
11676,"The staff were attentive and thoughtful, the ambiance enchanting, and the room impeccably clean and comfortable. Its location was a bonus, right in the heart of cityname . Though generally excellent, the room service menu could use a little more variety.",1,POS,train
11677,"Marvelous hotel with top-notch facilities and a great location, close enough to the Opera house and Louvre Museum. Nothing notable",1,POS,train
11678,"A beautifully restored hotel right in the heart of cityname , with great access to shops and restaurants. Service is exceptional and the room is elegant and comfortable. Some street noise in the early morning",1,POS,test
11679,"The hotelname offers a luxurious stay. The room was incredibly spacious and well-appointed with a supremely comfortable bed. The staff were commendably helpful and courteous, while services and amenities were top-notch. Its central location is a major plus, with major attractions within walking distance.",1,POS,train
11680,The architecture of the building and the opulence of the lobby The room was not up to the mark of a luxury hotel. The breakfast selection was limited and not restocked frequently enough. Overpriced.,1,NEG,train
11681,"Centrally located, within walking distance to Opera. Room wasn't particularly clean, encountered dust and grime in various spots. Service was underwhelming as well, considering the price and reputation of the hotel. Quite a disappointment overall.",1,NEG,train
11682,"Good choice of breakfast, and excellent location. Overpriced and lackluster service. Rooms facing the main street are extremely loud due to traffic noise. Overpriced for the quality offered.",1,NEG,train
11683,"The hotel is elegantly will appointed and maintaining some of its historical charm. The room was very small, the staff was unhelpful and dismissive, and the breakfast was mediocre and overpriced. The internet was slow and the room amenities were lacking. It was far below my expectations for a Sofitel property.",1,NEG,test
11684,"The location of hotelname was convenient for exploring the city. However, our experience at the hotel was below par. The room was far smaller than expected from the photographs online and lacked certain basic amenities. We found the bed uncomfortable and the cleanliness in some areas questionable. The noise from the adjacent rooms was audible all night. We also found the staff somewhat indifferent and unhelpful during many occasions throughout our stay. We overall felt like we didn't get the value for our money.",1,NEG,train
11685,"The Hotel 77 Seventy-Seven in cityname is truly a gem. Centrally located, it's in walking distance of all the major attractions. The staff are superb - attentive, friendly, and full of excellent recommendations. The rooms are unique, well-appointed and comfortable, each with its own style of art. The breakfast was equally impressive with a good variety of options. It can be a bit noisy at night due to its central location - but this is a small trade off for its convenience to major attractions.",1,POS,train
11686,Loved the location in heart of cityname . Comfortable rooms with beautiful art work. Staff was phenomenally helpful. A minor issue with lighting in the room which was promptly fixed.,1,POS,train
11687,"Hotel 77 Seventy-Seven in cityname truly sparkles as a gem in its locale. The location is spectacular, right in the heart of the city, and the interior art collection is a feast for the eyes. The personalized service adds that extra 'wow' factor. Minor niggles would be the slight noise from the bustling city, but it didn't disrupt our stay.",1,POS,train
11688,"Excellent location for sightseeing, great local restaurants nearby. Some noise at night from the neighboring bars.",1,POS,train
11689,"Stellar location, exceptionally clean rooms and a courteous staff. It's close to all the remarkable sights of cityname , while still being tucked away in a quieter street. The art collection only adds to the charm of the place. Breakfast could be richer in options, especially for long-term stays.",1,POS,train
11690,"The hotel is in a good location, close to lots of eateries and attractions. Unfortunately, this stay was not up to par. Firstly, the cleanliness of the hotel was questionable - the bed linen was not fresh and the bathroom area had a faint odor. Secondly, the so-called included 'breakfast' consisted of just pre-packaged items. This did not match what was described online. Lastly, the service was disappointing. Staff members were not proactive in handling complaints and inquiries. This made the stay quite uncomfortable.",1,NEG,train
11691,"Appreciated the art pieces displayed around the hotel which gave it some character. The location was the only saving grace, being in close proximity to some popular tourist spots. Several aspects of our stay were unimpressive. Firstly, the room service was subpar; the cleaning was not thorough as we frequently found dust clusters around the corners of the room and on furniture. The bathroom fixtures were outdated and sometimes dysfunctional, further dampening the experience. Lastly, the noise level from the street disrupted sleep on several occasions. The hotel staff should consider acquiring soundproof windows. The WiFi connectivity was also patchy, causing inconvenience as we needed solid internet access for our work commitments.",1,NEG,train
11692,"Good location with nearby restaurants Poor customer service, noisy rooms with minimal soundproofing, slow WiFi connection",1,NEG,test
11693,"The hotel had a variety of issues. Firstly, the rooms were significantly smaller than advertised. There was also a disruptive level of noise from neighboring nightclubs until early morning hours which was not mentioned when making the booking. The provided breakfast was very minimal and disappointing given the price of the stay. Also, the hotel lacked cleanliness and required maintenance as some fixtures were evidently broken or unusable. Patron service was a particularly negative experience with the staff unable to communicate in English well and was often unresponsive or dismissive to my complaints and requests. Overall, I would not recommend ' hotelname ' to other tourists looking for a peaceful and enjoyable stay in cityname .",1,NEG,train
11694,"Charming building Uncomfortable beds, noise from other rooms is very loud, breakfast options were limited and not fresh, wifi was intermittent and slow. Would not recommend.",1,NEG,train
11695,"hotelname had a superb location, friendly staff and offered an excellent breakfast. I was particularly taken with its tastefully decorated rooms that blended modern aesthetics with comfort. The Wi-Fi was a bit unstable at times.",1,POS,train
11696,"hotelname was a real find on my trip to cityname . The location is in the heart of the city with close proximity to public transport. The rooms were clean and spacious with all the necessary amenities. The staff was incredibly helpful and polite, going out of their way to make my stay more comfortable. The view from my room was breathtaking. The food in the restaurant was delicious, with a variety of options available. Overall, it was an absolute pleasure staying here and I highly recommend it to other tourists. There was a slight issue with the Wi-Fi not being that strong in my room, but it was fixed immediately after I brought it to the attention of the staff.",1,POS,train
11697,"hotelname has a modern aesthetic that I very much appreciated. The location was very convenient, being close to the train station and within short walking distance to many of the city's attractions. The staff was also very courteous and went above and beyond to ensure I was comfortable during my stay. The breakfast selection was a bit limited and the Wi-Fi connection could improve. However, these are minor issues compared to the overall excellent experience.",1,POS,train
11698,"The location was perfect, walking distance to all main attractions. Very clean and modern rooms, and the staff were friendly Some noise from the corridor but nothing enough to disturb our sleep",1,POS,test
11699,"The hotel was clean, the staff was professional, and the location was perfect - a stone's throw away from most of the major attractions. The soundproofing of the rooms could be improved.",1,POS,train
11700,"The location of Hive Hotel is commendable, right in central cityname . Rude staff, dirty rooms, terrible breakfast, these are the things I remember about hotelname . Despite its location right in the center of cityname , the hotel's poor service overcasts its strategic location. The tiny rooms were dusty and poorly maintained. The breakfast served was comprised of stale bread and cold coffee. I was left disappointed with hotelname .",1,NEG,test
11701,"The bar on the roof is nice Very disappointed! Our room was not soundproof as the hotel claimed, we could hear everything from the next room. The water pressure in the shower was low, and it took forever to get hot water. Breakfast could be improved, there wasn't much variety to choose from. The staff seemed disinterested, didn't help much with directions or recommendations. The Wifi connection was poor, kept disconnecting all the time. The hotel is also quite far from the city center and the main attractions.",1,NEG,train
11702,"The location of the hotel is decent, with shopping options nearby. Unimpressive service, I found the staff at reception quite rude. The room was small, hardly any space to move around, and the cleanliness left a lot to be desired. The beds were not comfortable and the breakfast had limited options.",1,NEG,train
11703,"The architecture of the hotel was somewhat appealing. The service was a letdown; it was slow and inefficient. The room that I stayed in was relatively small and lacked necessary amenities. The noise level from the street was also bothersome during the night. Furthermore, the breakfast was below par, with limited options and the food was quite tasteless. I wouldn't recommend this hotel to anyone due to its substandard service and lack of basic facilities.",1,NEG,train
11704,"The location of hotelname in cityname is fairly decent, close to transportation links and a variety of restaurants. Unfortunately, the service and comfort provided at this hotel was subpar. The rooms are quite small, barely providing enough room for comfort. Moreover, the noise level was quite disturbing, especially at night. The staff was less than accommodating and sometimes came across as quite rude. The cleanliness level was another point of dissatisfaction. Overall, would not recommend.",1,NEG,train
11705,"The hotel itself is very modern, with super clean rooms and very comfortable beds. The location, which is near to many tourist spots, was extremely convenient. Besides, the staff were helpful and kind, consistently going above and beyond to make the stay enjoyable. However, the breakfast could use a bit of variety and improvement, but it was decent enough.",1,POS,train
11706,The hotel was centrally located and ideal for exploring cityname . The rooms were stylish and comfortable. The staff was friendly and helpful. The hotel also offered complimentary breakfast and had a roof terrace that offered stunning views of the city. The WiFi connection was not so good in some parts of the hotel.,1,POS,train
11707,"The hotel is beautifully decorated with tasteful artwork, the staff are very friendly and helpful. Rooms are clean, comfortable and well-maintained. It's in an excellent location, walking distance to many tourist attractions and well connected to public transportation. The only downside would be a little noise from the street, but it's quite minor and expected being in the city center.",1,POS,train
11708,"Excellent location, staff is friendly and professional, room was clean and comfortable. Everything was perfect, there's nothing I was unhappy with.",1,POS,test
11709,"The location of Hotel 87 eighty-seven is brilliant - just a few minutes' walk from some of cityname 's major attractions. The staff were particularly helpful and friendly. Further, the rooms are clean and air-conditioned, and the rooftop bar offers an excellent view of the city. Gym facilities could be improved.",1,POS,train
11710,"The location, close to major historical sites, was exceptional. The rooms were not as clean as expected from the pictures and the bed was very uncomfortable. The air conditioning was extremely loud and made it difficult to sleep at night. Additionally, the rooftop bar was closed most of the time without prior notice, there were unexpected extra fees, and the staff was not very helpful with providing information or resolving any issues.",1,NEG,test
11711,"The location of the hotel was good, close to many landmarks and popular sites. The room was cramped and the cleanliness was not up to standard. The breakfast spread had limited options and the WiFi connectivity was unreliable. Also, the noise from the street was quite loud at night.",1,NEG,train
11712,"The location was the only redeeming quality. Rooms are terribly small. The bed was uncomfortable, the wifi barely worked, and customer service was severely lacking. For the price, this hotel simply does not live up to its hype or the standard of comfort one would expect.",1,NEG,train
11713,"The hotel was in a great location which was the main appeal. Unfortunately my stay at Hotel 87 eighty-seven wasn't as expected. The customer service was quite substandard. Staff seemed indifferent to guests and weren't engaging nor helpful. The rooms weren't as clean as they could have been either, with dust in some corners and under the bed. The Wi-Fi was also highly intermittent which was frustrating. Finally, the walls seemed to be quite thin, as I could hear my neighbors talking at night. I would not recommend this hotel for a comfortable and peaceful stay.",1,NEG,train
11714,"Great central location, modern decor and styling. Lack of cleanliness in rooms, unresponsive staff and uncomfortable beds.",1,NEG,train
11715,"Impressed with the service, wonderful location, clean and spacious rooms Breakfast options could be improved.",1,POS,test
11716,Exceptionally clean with a friendly staff. The location was peaceful and quiet but still easy to travel into central cityname . The pool and outdoor area are a bonus. None at all,1,POS,train
11717,"The location was lovely, being in a quiet neighborhood, away from the hustle and bustle of the city center. The staff was friendly and helpful. The WIFI service was a bit spotty at times, which could be improved.",1,POS,train
11718,"The hotel has great, spacious, clean rooms with a lovely pool. The staff was super helpful and friendly. Its location is in a quiet part of cityname , yet just a quick bus ride to the city center. The Wi-Fi connection was a little bit unstable occasionally but that didn't dampen the overall experience of an otherwise excellent stay.",1,POS,train
11719,Excellent room service and a comfortable bed Location is a bit far from the city center,1,POS,train
11720,"The peaceful location away from the city hustle and bustle. 1. Hotel is in serious need of an overhaul, both exterior and interior. 2. The food served at the breakfast buffet is not fresh and limited in choice. 3. WiFi is chargeable and even then, it performs poorly. 4. Air conditioning in the rooms isn't strong enough for summer temperatures.",1,NEG,train
11721,"We enjoyed the look of the hotel and the pool area was relaxing Of all the hotels we stayed in Italy, this hotel was the worst value for money. Staff was unhelpful, Wi-Fi was unreliable and the room was not very clean",1,NEG,train
11722,"Proximity to local attractions Rooms were not as clean as expected, room service was slow, and amenities were not up to standard. The hotel was noisy due to construction nearby, making it hard to rest. Food was mediocre and not worth the price.",1,NEG,train
11723,"Free parking Old fashioned decor, out-dated facilities, rude staff, untidy common areas and distant location from the city center",1,NEG,train
11724,Warm hospitality from the staff Rooms were not soundproofed. Disturbed by the noise of the nearby highway all night.,1,NEG,train
11725,"Lovely hotel experience at hotelname . The rooms are spacious and well designed, beds are comfortable. The staff were very friendly, going out of their way to make our stay enjoyable. The location is also a bonus, being located smack-dab in the middle of cityname , makes it easy to get around. The complimentary breakfast was delicious with quite a variety. The only minor drawback was the street noise at night, but it is to be expected considering the location at the city center. May not be an issue for heavy sleepers.",1,POS,train
11726,"I was impressed with the superb location and the charming, thoughtful decor. Staff were attentive and helpful, making the entire stay a pleasure. Hard to pick faults but the rooms are a tad small.",1,POS,train
11727,"hotelname was absolutely beautiful, with a wonderful location right in the heart of cityname . The rooms are well-appointed, comfortable, and clean. Excellent service from the staff who were all very friendly and extremely helpful. The breakfast was ample and delicious. Easy to walk to many sights and restaurants. We found that the Wi-Fi was a bit sporadic in our room, which was a little frustrating. But we didn't spend that much time in the room, so it wasn't too big of a deal.",1,POS,test
11728,"Superb location right at the heart of cityname , excellent walkability to major attractions, and the suite is very well decorated with a comfortable bed.",1,POS,train
11729,"The location of this hotel is fantastic, close to everything. Staff was friendly and extremely helpful.They arranged transport from and to the airport for an acceptable price. Breakfast was wonderfully Italian and the rooms were quiet and spotlessly clean. It was a little hard to find initially, but manageable with internet access.",1,POS,train
11730,"The location is fairly central and there are lots of restaurants and historical sites nearby. The rooms are tiny with practically no space to move. The lack of natural light gives the room a depressing feel. The soundproofing was also inadequate; every sound from the corridor and neighboring rooms was audible. The Wi-Fi, although free, was unreliable and kept disconnecting.",1,NEG,train
11731,"Great location close to restaurants and markets The room was much smaller than anticipated, the breakfast was not up to standard, and there was quite a bit of noise from the neighboring rooms",1,NEG,train
11732,"The location was decent, within reasonable walking distance to the main tourist attractions. Unfortunately, that's where the positives end. The room was extremely small and felt cramped. The bathroom was not clean upon arrival, and the housekeeping efforts throughout my stay were minimal. The noise outside was unbearable at times - lacking any sort of sound isolation. The bed was uncomfortable, leading to several sleepless nights. Lastly, the Wi-Fi was spotty and unreliable - a major inconvenience as a foreign traveler. The staff, while friendly, did not seem equipped to handle these concerns.",1,NEG,test
11733,"hotelname is undeniably in a prime position within cityname , with impressive historical sites within walking distance. Unfortunately, the service in the hotel fell woefully below average. The rooms were quite small which felt cramped and did not seem to have any soundproofing as I could hear every conversation in the hallway. Additionally, the reception was mostly unstaffed making it difficult to resolve any issues. The cleanliness left a lot to be desired with dust visible under furnishings. Furthermore, we experienced issues with the Wi-Fi connectivity which was sporadic at best. It was a disappointing stay.",1,NEG,train
11734,"Great location Good location, but everything else wasn't as we expected. Problems with toilet in our room, poor sound insulation, levels of cleanliness needs improving, and breakfast was disappointing.",1,NEG,train
11735,"Bright, clean rooms with a lovely modern design. The location of the hotel is unbeatable and the staff were so courteous and attentive. Breakfast was an absolute delight!",1,POS,test
11736,"The hotelname is perfectly situated in the heart of cityname , close to many attractions - yet it maintains a tranquil and relaxed atmosphere. The staff were incredibly warm, welcoming and willing to assist with any queries. The rooms were spacious, meticulously cleaned and provided all the necessary amenities to ensure a comfortable stay. An especially notable mention has to go to the breakfast - a varied selection of high quality food that set us up perfectly for busy days exploring cityname . Once in a while, though not often, the street noises seemed to carry into the rooms, but it was not enough to disturb a good's night sleep.",1,POS,test
11737,"The bed was comfortable, the breakfast selection was large, and the staff were extremely helpful The hotel could use an update in some places",1,POS,test
11738,"Great experience at the hotelname ! The location is perfect, close to many landmarks, and the room was clean and comfortable. The service was exceptional - the staff were professional and truly went out of their way to ensure we had a pleasant stay. The breakfast variety could have been better, however, the quality was top-notch.",1,POS,test
11739,"Enjoyed my stay at hotelname . Fantastic location, superior room was comfortable, clean and spacious. Staff were friendly and responsive Could have provided more options in breakfast menu",1,POS,test
11740,"The location of hotelname is definitely its strongest suit. It's situated in close vicinity to many of cityname 's attractions, also the hotel is equipped with a charming bar and restaurant. However, the room condition was subpar at best. It was dated and the furniture was visibly worn out. The air conditioner was inoperative and despite notifying the staff about it multiple times, no action was taken to fix the issue. The cleanliness of the room was another issue. There seemed to be an obvious shortage of housekeeping staff - the cleaning service was irregular and often late into the afternoon. The bathrooms did not look like they had been properly cleaned for ages. The breakfast was disappointing as well - the options were limited and the food ran out pretty quickly. The front desk staff came across as rather unfriendly and weren't particularly helpful in providing solutions to the numerous problems that occurred during our stay. Given these unsettling experiences, I cannot recommend this hotel to anybody visiting cityname .",1,NEG,test
11741,"The hotel's location in the heart of cityname could have been its redeeming factor, had it been managed well. My stay at hotelname was unfortunately disappointing. The room conditions were appalling, with maintenance seemingly neglected. The bathroom was not cleaned to standard, and the air conditioning was weak. The service also left a lot to be desired, with unfriendly and unenthusiastic staff members seemingly inattentive to guest needs.",1,NEG,train
11742,"The location was quite good, within walking distance to most historic sites. The rooms were small and the air conditioning didn't work properly. The staff were not as helpful as I expected. The hotel simply did not live up to the standard of a four-star hotel as advertised. I would suggest prospective tourists to reconsider before booking.",1,NEG,train
11743,"The breakfast was vast and varied, and the staff was quite friendly and willing to help. The hotel's location is decent with some nearby attractions. The rooms are not soundproof, you can hear all the hustle and bustle from the street below which was really disturbing. The cleaning service was not up to the mark. Found some dusty areas in the room. Definitely not worth the price.",1,NEG,test
11744,"The location of hotelname is quite convenient, placed not too far from some of the city's key attractions. The breakfast buffet also had a considerable selection of foods to choose from. Despite its favorable location, the hotel left much to be desired in terms of service and accommodation. The rooms were noticeably outdated and could use some touch-ups. The check-in process was rather slow and the staff, although not outright rude, could have been friendlier and more efficient in their service. Additionally, for the cost of staying, it's disappointing to find the Wi-Fi to be incredibly slow.",1,NEG,train
11745,"The hotel is in a fantastic location, close to shopping areas, historic sites, restaurants and bars. The rooms are clean, modern and nicely decorated with pieces from the Maison d'Art Collection. The staff was extremely helpful and friendly, providing excellent restaurant recommendations. While the lobby could use a bit of updating, it overall didn't detract from the excellent experience.",1,POS,train
11746,"The Hotel 55 Fifty-Five impressed me with its charming decor. The first thing I noticed was the modern and contemporary design combined with the fine art; it all contributes to an upscale atmosphere. My room was not only clean and luxurious but spacious as well, a trait often missed in many city hotels. I also had a delightful view of cityname 's vibrant street life and some historical buildings. The location is unequaled, positioned near some excellent restaurants, shops, and key landmarks in the city. Every exploration seemed a short stroll away. The third aspect is the service. The staff was attentive, friendly, and helpful. From dining recommendations to help with sightseeing, they were experienced and enthusiastic. I really had to struggle to find any downside to this hotel. Maybe the lack of gym facilities, but with cityname 's exquisite scenery, who wants to stay indoors for a workout?",1,POS,test
11747,"I thoroughly enjoyed my stay at Hotel 55 Fifty-Five. From the beautifully decorated rooms that made me feel like I was living in luxury, to the fantastic view out of my window that showcased cityname in all its glory. The staff was friendly and accommodating, always going out of their way to ensure my comfort. The only less-than-perfect experience was the breakfast, which, while tasty, did not have a wide variety of options to choose from.",1,POS,train
11748,"The location is excellent with attractions nearby, staff is friendly, rooms are clean and elegantly decorated with art pieces. There is no swimming pool",1,POS,train
11749,"Stylish rooms and friendly staff. The location is superb for sightseeing trips. While the hotel was excellent, some might find the area a bit noisy.",1,POS,train
11750,"The location was fairly convenient However, the rooms were very small, the fridge was broken, the room was barely cleaned, and the staff were not very accommodating or friendly",1,NEG,train
11751,"Good location for restaurants and shopping. Service was subpar, rooms were not as clean as expected, and amenities were lacking. Wifi connection was intermittent and the noise level from street was quite high during the night. The breakfast served was rather unappealing too.",1,NEG,test
11752,"I appreciated its central location and the historical building it's in. Unfortunately, I found the hotel to be greatly lacking in terms of customer service and cleanliness. The rooms were not well-maintained, with broken fixtures and noticeable dust and dirt. Moreover, the staff were unresponsive to requests for assistance, leading to a frustrating and disappointing stay. I would not recommend this hotel to other travelers.",1,NEG,train
11753,"The hotel location was tolerable The room was not cleaned properly. There were hairs in the bathroom and fridge was half stocked. Staff were not too helpful or friendly. Also, our room was not ready when we arrived.",1,NEG,test
11754,"Location is nice, near some key tourist sites. Room design is modern and appealing. Customer service was disappointing. Had issues with air conditioning and it took too long to be fixed. Found the bed uncomfortable and the noise levels outside were too high, resulting in disturbed sleep.",1,NEG,test
11755,"The hotel is conveniently located near the Termini station and the staff is extremely friendly and helpful. The breakfast was also excellent, with a great variety of options. The WiFi connection in my room was sometimes unstable.",1,POS,train
11756,"An absolute gem in the center of cityname . The location of the hotelname is convenient, within walking distance from both Termini station and the iconic Colosseum. The room is exceptionally clean with a comfortable bed which made my stay a delightful one. Not to forget the free breakfast, with a good selection of bread, pastries and coffee. The property is slightly old and can do with some refurbishments, but that did not hinder my overall experience.",1,POS,train
11757,The hotelname boasts of incredibly professional staff who are welcoming and attentive. Rooms are impeccably clean and the breakfast is delicious with a lot of variety. Its proximity to the Roma Termini station makes it easily accessible. Couldn't find anything negative.,1,POS,train
11758,"The hotelname in cityname offered an exceptional stay. The location was ideal for exploring the city. The rooms were immaculate, and the staff went out of their way to provide top-notch service. We enjoyed the complimentary breakfast that offered a varied and delicious spread.",1,POS,test
11759,"The hotelname in cityname is a lovely place to stay. Brilliant location, very close to Termini Station which was perfect for us. A very warm welcome on arrival, a lovely clean room with a small but neat bathroom, and a delicious breakfast with lots of choice. Minor inconvenience, the pillows were a tad bit hard for my liking, but that's a personal preference.",1,POS,train
11760,"The location is within walking distance from the Termini station. Service was poor and the room was not clean. Also, the breakfast was not satisfactory.",1,NEG,test
11761,Hotel is in a good location and is in walking distance to the train station. The staff were extremely helpful and friendly. Comfy bed. Air conditioning in the room was not very effective. Room and bathroom very small. Very limited selection at breakfast time. _The hotel could do with a refurbishment- it is showing signs of wear and tear.,1,NEG,train
11762,"The location was quite convenient, close to Termini station. The room was incredibly small, barely bigger than the bed itself. The air conditioning was not functioning effectively, making the room quite hot and uncomfortable in the summer weather. Moreover, the cleanliness of the bathroom was subpar and did not appear to have been thoroughly cleaned before our check-in. The walls were also very thin, causing us to hear noise from adjacent rooms.",1,NEG,train
11763,"Convenient location and friendly staff Unfortunately, the room was fairly outdated and the bathroom was not clean upon arrival. There was also a persistent noise from the hallway throughout the night that disturbed our rest. The breakfast was subpar and lacked variety. Moreover, the WiFi connection in our room was poor which caused inconvenience. I would not recommend this hotel for a comfortable and relaxing stay.",1,NEG,train
11764,"Decent location and friendly reception staff The rooms were outdated and not well-maintained, with chipped paint and worn out furnishings. The air conditioning was also very weak, which made the room uncomfortable in the summer heat. The breakfast options were limited and the quality was rather poor. The WiFi was quite unreliable, constantly disconnecting and it didn't cover some parts of the hotel. The noise isolation of the rooms was almost non-existent - you could hear conversations from the neighboring rooms and noise from the street traffic",1,NEG,test
11765,"The room was very clean and the staff was very friendly. The breakfast was delicious with a variety of options to choose from. The hotel is also located conveniently near several attractions and restaurants. The only downside was that the room was a bit small, but that's to be expected in a city hotel.",1,POS,train
11766,"hotelname had a charming vintage vibe to it. The rooms were exceptionally clean and the staff was more than friendly. The hotel was situated in a convenient location, close to several notable tourist spots and local eateries. The only downside was the lack of a fitness center, but cityname 's spectacular sights more than made up for our exercise.",1,POS,train
11767,"The hotel is conveniently located within walking distance of many of cityname 's attractions. The hotel staff were very friendly and helpful. The room was spacious and well-appointed, with a comfortable bed and a clean, modern bathroom. No major complaints, but would be better if a kettle in the room was provided.",1,POS,train
11768,"Welcoming staff, good location, comfortable rooms. Nothing that I can think of",1,POS,train
11769,"The hotel is in a prime location, close to all major sights and the rooms are very comfortable. The staff is friendly and always ready to help. Breakfast selection could be improved. Having a few more options would be nice.",1,POS,train
11770,"The hotel's location close to some tourist attractions is commendable The hotel, hotelname , doesn't live up to the expectations it sets with its grand name. The rooms are outdated, with peeling wallpaper and questionable cleanliness throughout. Requests for room service were met with long wait times and subpar food quality. The internet connection was frustratingly weak, making it impossible to conduct any necessary work or research. The noise levels were also unacceptable due to poor soundproofing and annoying road traffic. The staff lacked warmth and attentiveness, further detracting from the overall experience",1,NEG,train
11771,"The location of hotelname is superb, closely located to all tourist spots and the central station. The breakfast served was alright, but could use some variety. Rooms are quite dated with uncomfortable beds. The air-conditioning was not working properly and it made the room unbearably warm. The staff could have been more forthcoming with their assistance. I was also disappointed with the cleanliness in the room and the unavailability of basic amenities.",1,NEG,train
11772,"The location was convenient, not far from the major sights. Most of the front desk staff were indifferent and not very helpful. The air conditioning was inconsistent thereby making the rooms hot and stuffy. Beds were too firm and uncomfortable, leading to sleepless nights. Breakfast had very limited options and were the same every day. Additionally, the walls are thin, so you can hear the people in the adjacent room. Definitely does not live up to being a 4-star hotel.",1,NEG,train
11773,Centrally located for sightseeing purposes Rooms were outdated and the air conditioning wasn't very effective. Wi-Fi was patchy and kept disconnecting. Service was not up to standard and it felt like the staff was not very attentive or responsive to our needs.,1,NEG,train
11774,"Good location, close to many attractions Rooms were not well-maintained, furniture was old and out-dated, and customer service was not up to standard. Breakfast was average at best.",1,NEG,test
11775,"Excellent service: helpful and professional staff. The room was clean, spacious and well equipped. The place is so quiet that I didn't even realize I was in cityname . Plus, they provide a shuttle bus to Vatican city which is a great service. The breakfast could be a bit more diverse, but overall it was good",1,POS,train
11776,"The room was spacious and clean, and staff were very welcoming. The location was peaceful and offered a respite from the bustling city. The shuttle service times could be more flexible.",1,POS,test
11777,"The peacefulness of the hotel and the room comfort particularly caught my attention. The hotel is in a quiet area surrounded by nature, away from the hustle and bustle of the city center. It's an excellent choice for travelers looking for peace and relaxation. The rooms are modern and spacious and provide a beautiful view over the park. The pool area is enjoyable and well-maintained. The hotel staff was incredibly courteous and went out of their way to assist us through our stay. The location is a bit far from the city center and there isn't much to do around the immediate vicinity of the hotel. You need to take a bus to get to the nearest metro station. This makes the hotel less ideal for those who wish to be within walking distance of the major points of interest.",1,POS,train
11778,"The hotelname was absolutely delightful, the rooms were spacious and beautifully decorated. In-room amenities were plentiful, including high-quality toiletries and a fully stocked minibar. The hotel's location is indeed a highlight, conveniently situated near major attractions, yet offers a serene retreat with its magnificent garden views. Some guests might find the traditional decor a little dated, but otherwise, there's little to fault.",1,POS,test
11779,"Villa Pamphili provided a serene retreat away from cityname 's hustle and bustle, boasting beautiful grounds and comfortable rooms. The breakfast was delicious and the staff was extremely polite and helpful. The hotel is a bit far away from the city center but the shuttles provided by the hotel were very convenient and punctual.",1,POS,train
11780,"Hotel grounds are green, peaceful, and tranquil. The pool is definitely a plus. Regrettably, the rooms were dated and not really clean. The bathroom needs renovating, and the towels were rough and old. Wifi was slow and often disconnected. The breakfast was disappointing for the price we paid too.",1,NEG,train
11781,"The hotel's serene environment The hotel is rather far from the city centre, and the shuttle service is not consistent. Rooms are quite outdated with malfunctioning air conditioning. The staff did not seem very accommodating, and the quality of the food in the restaurant was underwhelming. Also, the pool was not well-maintained and the Wi-Fi connection was very poor throughout my stay.",1,NEG,train
11782,nice view from the room Room is uncleaned and staff are uncooperative. Air conditioning system is too loud and couldn't sleep properly.,1,NEG,train
11783,"The hotel garden and outdoor spaces are beautiful. The shuttle bus service is also a nice touch, helping to make the city centre more accessible. However, the rooms are outdated and lacking basic amenities. The shower had little pressure and the AC was excessively noisy. Room service menu was rather limited too. The staff on the reception could slightly improve their communication skills as well. Transit to the city without the shuttle service is a bit inconvenient.",1,NEG,test
11784,"The scenery around the hotelname is quite picturesque. The pool area is a real asset and the staff members there were gracious. However, the rooms feel dated and could do with a revamp. Also, the shuttle service to the city center is unreliable and infrequent making it a hassle to commute. The room service menu lacks variety and the food was uninspiring.",1,NEG,train
11785,"From its impeccable location in central Myeongdong to its comfortable rooms and diligent staff, the hotelname made my stay in cityname an absolute delight. The hotel's proximity to shopping and dining options was an added advantage. While they could use a bit more variety in their breakfast menu, it didn't detract much from the overall excellent experience.",1,POS,train
11786,"Perfect location for shopping, nice view Breakfast could have more variety",1,POS,train
11787,The location was great. Staff were friendly and breakfast was good Had to carry luggage up and down the stairs,1,POS,train
11788,"Fantastic location right in the heart of Myeongdong, surrounded by shopping and food. Room was clean and comfortable, staff were friendly and helpful. Appreciated the free shuttle to tourist attractions.",1,POS,train
11789,"Amazing location, smack dab in the middle of Myeong-dong. Convenient for shopping and exploring cityname . Clean and comfortable rooms with free water The only downside is the lack of variety in breakfast. However, the location itself has plenty of food options.",1,POS,train
11790,"The location of hotelname in cityname is conveniently close to many restaurants and shopping districts. However, the room cleanliness was not up to par, with dust found in corners and a sense of general disarray. Service was also lacking, often with long waits for assistance and room service items sometimes not arriving. Also, the noise from the streets late at night made it difficult to get a good night's sleep. It didn't live up to my expectations.",1,NEG,train
11791,"The location is fantastic, in the middle of Myeongdong, close to shopping and food areas. Rooms are rather small, little natural light inside the room makes it feel cramped. The room also had a strong cigarette smell when we checked in, even though it's supposed to be a non-smoking room. Also, the walls are thin - you can hear people talking in the hallway.",1,NEG,test
11792,"The location is very convenient, right in the heart of Myeongdong. The staff are friendly and try to be as helpful as possible. The rooms are quite small and not as clean as I would expect from a hotel of this standard. Also, the breakfast left much to be desired, not much variety and the food quality was mediocre.",1,NEG,train
11793,"Location is quite perfect, close to every facilities and attractions. The hotel staff were not helpful at all. When I had a problem with my room, I reported it to the front desk but no action was taken. The room was not clean, the towels were old and worn out. The noise from the street was also a major problem. I could barely sleep at night. The breakfast was also not worth the price. Overall, I do not recommend this hotel to other tourists looking for a pleasant stay in cityname .",1,NEG,train
11794,"Centrally located I was extremely disappointed with the accommodation itself. The room was small, dark, and did not look clean. The furniture was old and worn out, and the Bathroom was outdated and not clean either. The air conditioner did not work properly which made our stay uncomfortable. This is certainly not the standard I was expecting when booking with hotelname .",1,NEG,test
11795,"Centrally located in Itaewon, the hotelname is a bustling hub of activity and an ideal landing spot for first-time visitors to cityname . The proximity to the subway station and the bevy of local restaurants and shops make exploring the city easy and convenient. The rooftop pool offers a phenomenal vista of the city sky-line, providing relaxation amidst the city rush. Moreover, the cleanliness and modern amenities within the rooms themselves offers a comfortable abode after a day spent out exploring. The hotel can feel busy at times due to its popularity. However, staff always handle the influx of guests proficiently.",1,POS,train
11796,"Excellent location, cozy rooms and skilled staff. The hotel is located close to some popular tourist attractions and restaurants. Convenient in-house currency exchange service. Room view wasn't spectacular but interior is nice.",1,POS,train
11797,"hotelname was a delight to stay at. The location was convenient with subway stations, shopping streets, and food markets within short walking distance. The staff was professional and courteous. Our room was well maintained, clean, and the bed was exceptionally comfortable. The amenities were also top notch. The hotel also had a swimming pool which became a relaxing spot after a day of sightseeing. The dining options were abundant around the hotel and we also liked the in-house restaurant. The only downside was that our room faced the street so it was a bit noisy at times, maybe rooms away from the street could solve this minor issue.",1,POS,train
11798,"The hotelname in cityname offers comfortable accommodations, swift room service, and an alluring sense of cityname 's rich culture. Its central location provides easy access to local attractions, and I particularly enjoyed the diverse options for dining. Staff were invariably courteous and helpful, and all the utilities were top-notch. However, the noise from the surrounding area may be a bit distracting for some, especially if your room is located towards the street side. Others may find the hotel's bustling location quite charming.",1,POS,test
11799,"hotelname is a gem located in cityname . From our check-in to check-out, everything was handled with ease. The staff were not only professional but extremely courteous as well. They took care of all our needs, and were always smiling. The rooms were well equipped with modern amenities and were kept immaculately clean. They were spacious and provided us with a serene retreat after a busy day exploring the city. The breakfast was simply delicious, offering a diverse range of local and international cuisines. The hotel's location was another significant advantage. It was a short walk to restaurants, bars, and shopping areas. Overall, a great hotel experience and certainly one I'll recommend to others. No significant downsides to mention. It would be beneficial though if they could provide more variety in their breakfast menu.",1,POS,train
11800,The hotel is around lots of good restaurants and a subway station. The room was not cleaned well. There were old toiletries left in the bathroom from previous guests. The water pressure in the shower was very low and the temperature was inconsistent. The carpets and furniture are quite dated.,1,NEG,test
11801,"The location was quite convenient The room was not well-cleaned when I checked in, and the amenities were not replenished during my stay",1,NEG,test
11802,"The location is good as it is right beside the subway exit. The hotel seems old and is in need of renovation. The carpet in the room was worn-out and stained. The walls were marked and the bathroom was grimy with a broken toilet seat. The lobby was chaotic with people and suitcases everywhere. The staff were curt and not approachable. The rooms had thin walls, I could hear guest conversations and their television. Quite unpleasant for light sleepers. Would not recommend for those seeking a comfortable and relaxing experience.",1,NEG,test
11803,"The hotel is centrally located and near the subway station. This hotel is outdated and needs renovation urgently. The customer service was subpar and the staff was not really attentive. The noise from the street made it difficult to get a good night's sleep. Additionally, the Wi-Fi connection was very unstable.",1,NEG,train
11804,"The location of hotelname is superb, right in the heart of Itaewon. However, the rooms are small and could use an update. The noise from the outside was quite loud and the soundproofing was not great. The staff were relatively indifferent and not particularly helpful.",1,NEG,test
11805,"Great location, spacious rooms and excellent staff. The kitchen facilities were a plus point too! A little overhaul in the rooms could make the hotel even better, but it's still pretty good!",1,POS,train
11806,"The hotelname in cityname were a delight to stay at. I was impressed by the suite's spaciousness and cleanliness. The high-tech appliances and elegant furniture created a luxurious setting for my stay. The staff was also notably attentive and accommodating. The location was another perk as there were many restaurants and shops nearby. The only downside was that the internet connection was somewhat inconsistent, but this was a minor inconvenience compared to the overall fantastic experience.",1,POS,train
11807,"The suite was spacious, spotlessly clean, and well-equipped. The staff were incredibly helpful and friendly. The location in Insadong was perfect, with great restaurants and shops nearby. There were no substantial issues worth mentioning.",1,POS,train
11808,"Centrally located, room was spacious and beds comfortable. Staff was friendly and service-oriented. The view from the room was breathtaking. There could have been a few more dining options.",1,POS,test
11809,"hotelname provides a true home away from home experience. The location is excellent with lots of places to eat right outside the door. The staff is extremely friendly and always ready to assist with any inquiries. The suites themselves are well-equipped and beautifully furnished, providing a comfortable place to return to after a busy day exploring cityname . The downside only would be having to leave the hotel at the end of our stay.",1,POS,train
11810,"The rooms were spacious the cleanliness left a lot to be desired, and the staff was not very helpful",1,NEG,train
11811,"Spacious room layout The staff were not accommodating and unprofessional. The room cleanliness fell short, seeing dust on the bedside tables.",1,NEG,train
11812,"Hotel's location in the heart of Insadong The rooms were unnecessarily big with tons of wasted of space, furniture and appliances were outdated, the Wifi was unreliable, and hotel staff were largely uninterested in assisting with any concerns.",1,NEG,train
11813,"The location in Insadong is excellent and the apartment space is generous. The facilities are very dated and require an overhaul, the carpet in the room was stained, the bedspread had a tear in it and the walls had marks on them. Despite calls to management and promises of getting things fixed, nothing was done. Disappointing quality, service and overpriced considering the condition of the apartment.",1,NEG,test
11814,"The location of the hotelname in cityname was pretty convenient and central to most attractions in the city. Unfortunately, my overall stay at the hotelname in cityname was quite underwhelming and disappointing. Firstly, the rooms were quite outdated and needed urgent modernization. The furniture and equipment seemed old, making the room feel dull and uninviting. Secondly, the cleanliness of the rooms was not up to par. I found dust on the furniture and the bathroom needed a good deep cleaning. Lastly, the services provided by the staff were poor. The staff seemed unprofessional and lacked adequate training. They were not able to provide prompt and efficient service, making my stay even less pleasant.",1,NEG,train
11815,Modern interior and friendly service Nothing to mention,1,POS,test
11816,"Efficient service, perfectly located, and offers a spacious, comfortable room with modern amenities. The concierge was always ready to assist with excellent restaurant recommendations and reservation assistance. There is also a wonderful bakery on the ground floor that shouldn't be missed. Some of the bath towels were slightly worn out and could be replaced.",1,POS,train
11817,"Hotel decor was modern and unique, rooms were impeccably clean and comfortable, and the staff were excellent - very helpful and friendly. Also, the location is fantastic, lots of restaurants and shops nearby. The lighting in the bathroom could have been brighter and the breakfast selection could be a bit more extensive, but these are just small details.",1,POS,test
11818,"Stylish, comfortable rooms with excellent customer service Minor issue with slow elevator service.",1,POS,train
11819,"Loved the contemporary design, the lively neighbourhood and the helpful hotel staff The walls are a bit thin, which can be a problem if you have noisy neighbours",1,POS,train
11820,"The location of the hotel was great, easy access to various hotspots in cityname . Hotel staff was often unresponsive and not highly proficient in English which made communication difficult. Additionally, the rooms were not thoroughly cleaned and lacked maintenance.",1,NEG,test
11821,The hotel has a modern design and it's located in a trendy area with many dining options around. Close to a metro station which makes it easy to explore the city. The room was smaller than expected. Hotel staff was not as helpful as they could have been. Noise from the street and other rooms was quite disruptive during the night.,1,NEG,train
11822,"Location was very good, in the heart of Itaewon and close to the metro station. Also, the room designs were artistic and unique. The hotel room was not cleaned properly upon arrival, particularly the bathroom had a strong unpleasant smell. Also, the pillows were too flat and the mattress was uncomfortable, resulting in a sleepless night. Customer service was lacking as well, staff were not willing to address these issues when confronted.",1,NEG,test
11823,"The hotel is centrally located, with restaurants, transportation options, and attractions close by. The design of the lobby is modern and attractive, and the rooms seemed well-maintained initially. Despite the positives, the negatives outweighed them. The noise level was intolerable, with loud chatter and music reverberating through the hallways until the early hours. Furthermore, the customer service was lacking. The front desk staff were non-responsive and seemingly disinterested in providing help or addressing issues. I also wasn't satisfied with the cleanliness of the room. Upon closer inspection, there appeared to be stains on the carpet and dust in several places. For the price that I paid, the experience fell short of expectations.",1,NEG,test
11824,The location in the heart of Itaewon was convenient for restaurants and shopping. Rooms were quite small and I experienced some issues with cleanliness. Staff were not very helpful with resolution.,1,NEG,train
11825,"Beautiful hotel with a fantastic location near shopping and food areas. The room was modern, beautiful and clean. It was quiet and I slept very well. Staff were really helpful and kind. Breakfast was fantastic. The transport links were great as it was near a subway station. Really, nothing to complain about. Perhaps, the rooms are a bit small.",1,POS,train
11826,"Well-located, and room with a wonderful view! Breakfast was delicious",1,POS,train
11827,Excellent location with stunning view. Room was very comfortable and service was top-notch,1,POS,train
11828,"Exceptional hotel. Perfect location. Professional, courteous and friendly staff. Clean room with fully stocked amenities. The view from the room was beautiful and breath-taking! The breakfast buffet was delicious and had a big variety of different foods. This hotel will be my first choice of stay whenever I visit cityname again. Nothing to mention, everything was perfect.",1,POS,test
11829,"hotelname is truly a gem in the heart of cityname . The rooms are modern, clean, and well-equipped with amenities. The location is remarkable, offering easy access to stores, restaurants, and local attractions. The staff is wonderfully polite and always ready to assist with a smile. The hotel was quite busy during my visit, so it might not be the best choice for travelers seeking a quiet stay. Also, the breakfast could offer more vegetarian options.",1,POS,train
11830,"The location was convenient, close to major shopping areas Room cleanliness did not meet our expectations and the hotel lacked basic amenities. The customer service was also unsatisfactory",1,NEG,train
11831,"Good location Small rooms, language barrier with the staff, long check-in times, unappealing food at the restaurant",1,NEG,train
11832,"['Strategic location'] The interior of the rooms is rather dated and could use a facelift. In addition, some of the staff at the front desk were quite unfriendly and unresponsive to our queries, which was off-putting.",1,NEG,train
11833,"The location of the hotel is convenient, being situated near Lotte Department Store and Myeongdong Shopping Street. The views from the hotel rooms are also fairly nice. Unfortunately, my experience at the hotelname was far from ideal. My room was not well-cleaned when I checked in, with visible dust and stains on the furniture. Furthermore, there was a constant noise coming from the ventilation system which made it difficult for me to sleep well. Customer service was also sorely lacking, the staff was not attentive to guest needs and requests were not handled promptly. The breakfast buffet was very lackluster with a limited variety of options and often out of common items. Regrettably, the quality of the hotel did not match its price.",1,NEG,train
11834,"Fantastic view of the city from room. The room was smaller than expected and could do with a deep cleaning. The breakfast buffet was lackluster with limited options. The staff, although polite, didn't seem very knowledgeable about the surrounding area when asked for recommendations.",1,NEG,train
11835,"The hotelname offered a truly delightful stay during my visit to cityname . Its strategic location, close to cityname train station, made it supremely convenient for my travels within the city. The hotel staff were professional, warm, and ever helpful – adding a true sense of comfort to my stay. The rooms are well-appointed, super clean, and comfortable, and the breakfast spread was complimentary, offering a vast variety of sumptuous dishes. This hotel is saying all the right things, but it could have been even better with a swimming pool, which unfortunately it doesn't have.",1,POS,test
11836,The hotel is well-located and close to the cityname Station. The room sizes are very generous and the bed extremely comfortable. The staff are professional and welcoming. The breakfast buffet is quite expensive for the variety it offers.,1,POS,train
11837,"hotelname provided an outstanding stay. The rooms were spotless, the service was first-rate, and the hotel's proximity to cityname 's lively city center was perfect. Additionally, the spectacular city views, comfortable beds, and delectable dining options contributed to an overall enjoyable experience. Nothing worth mentioning, it was a great stay all round.",1,POS,train
11838,A nice and comfortable stay. Proximity to cityname station made traveling easier.,1,POS,test
11839,Delicious breakfast options and very close proximity to cityname station. It would have been nice to have a few more English TV channels.,1,POS,test
11840,"The location is convenient being close to cityname Station. It is also walking distance from Namdaemun market and the Lotte Outlet. The room itself lacked the standard cleanliness I've come to expect from a Four Points hotel. The carpet was dirty and gave off an unpleasant odor. The bathroom fixtures were outdated and in desperate need of an upgrade or at the very least, a proper cleaning and maintenance. The staff, while not rude, were not warm or welcoming either. Breakfast service was subpar with a lack of variety and poorly prepared meals. Noise from the nearby roads and train station also made it difficult to get a peaceful night's sleep. There was also a lack of English speaking staff which can be a problem for international guests.",1,NEG,train
11841,"The hotel's location is excellent, within easy walking distance to the cityname station and shopping areas. The lobby and public areas are sharply decorated and clean We found that the rooms were not cleaned well, the linens were unappealing, and there was insufficient light in the room making it very gloomy. Furthermore, basic necessities like toiletries were not stocked well and had to be requested multiple times. The breakfast spread was quite limited and the taste was an utter disappointment.",1,NEG,train
11842,"Convenient location next to cityname station Room was a little small and a bit outdated, bed wasn't very comfortable, and the Wi-Fi was intermittent at best. Also, the service at the restaurant was very slow and the food was quite mediocre.",1,NEG,train
11843,"Location is relatively central, room is clean and they provide refrigerator and safe in the room which is a plus point. The staff at the front desk was friendly and efficient during check-in and check-out. The rooms are rather small and the walls were thin which makes it hard to get a good night's sleep since you can hear your neighbor's chatter and TV sound. The breakfast was identical every morning with very limited variation which got very boring soon. Addition to this, the hotel service was underwhelming with some of the staff being unresponsive to requests.",1,NEG,train
11844,"The staffs were generally friendly and responsive. The hotel rooms were in dire need of refurbishment. The furniture was old and the carpets damp, giving the room a musty smell. Even though it was a non-smoking room, I found cigarette burns on the carpet. Heating system was very inconsistent, blowing cold air even when we asked for warm. The breakfast buffet was quite disappointing with limited choices for the price. To make matters worse, the view from my room was towards an old building, quite a let down considering their prime location. I expected more from a Four Points by Sheraton.",1,NEG,train
11845,Exceptional staff and service Nothing,1,POS,train
11846,"I have nothing but good words for hotelname . The location is fantastic, with easy access to shopping, restaurants, and public transportation. The staff is courteous, attentive, and always willing to assist. Our room was clean, comfortable, and spacious. The only downside perhaps is the limited variety in their breakfast options but it's a small concern compared to the grand scale of positives.",1,POS,test
11847,"I must admit that hotelname in cityname is a fantastic hotel. It's one of the most convenient hotels in the city, easily accessible from many iconic tourist spots. The staff were professional and extremely helpful, always ready to settle any issues with a smile. The rooms were well designed, clean and comfortable, offering a wonderful panoramic view of the city. Last but not the least, the breakfast - it was extensive and appetizing, and had something to cater to everyone's taste. The hotel has a slightly difficult initial access for the first time visitors due to its location on an uphill. You might need to use a map or take a taxi if you're not familiar with cityname .",1,POS,train
11848,The property is ideally situated for easy access to all attractions. The room was spacious and clean with a comfortable bed. The staff were friendly and helpful. The selection of the breakfast could have been better.,1,POS,train
11849,"Convenient location and clean, modern rooms. The staff's customer service was top-notch. The breakfast selection could be improved with more international choices.",1,POS,train
11850,"The location of the hotelname is its only redeeming quality. It's nearby to several restaurants, shops, and the subway station. I had a very disappointing stay at the hotelname . The room was small, the bed uncomfortable, and the bathroom was in need of serious refurbishing. The staff seemed uninterested and lacked the helpfulness one usually expects from hotel personnel. While the hotel rooms were technically clean, they felt run-down and not particularly well-maintained. The furnishings and decor were outdated and the room lacked basic, expected amenities. There was a lingering odor of smoke throughout my entire stay, further worsening the experience. Because of these extensive issues, I wouldn't recommend the hotelname to anyone.",1,NEG,train
11851,"Convenient location Rooms are small and did not feel clean. Air conditioning was unreliable, turning off in the middle of the night making it impossible to sleep. The staff was not very helpful and had difficult times understanding and speaking English. The breakfast was limited.",1,NEG,train
11852,Great location The hotel is old and the rooms need renovation. The air conditioning is loud and not functioning properly. Service could be improved.,1,NEG,test
11853,"The location is convenient and the staffs are generally friendly and helpful The rooms were relatively small and mildly uncomfortable. The supposed high-speed internet wasn't as speedy as I expected, and the overall cleanliness of the amenities left a lot to be desired. Moreover, noise pollution from the surrounding area could get unbearable at times",1,NEG,test
11854,"The location of hotelname in cityname is absolutely spot-on. It is conveniently close to shopping malls and restaurants. Nevertheless, the overall experience was below par. The rooms were quite small and not very clean. Customer service was also quite mediocre as the staff seemed to be not well-trained and unresponsive to requests. Furthermore, the WiFi in the room was pretty unstable, causing inconvenience.",1,NEG,train
11855,"The hotel is very conveniently located in Myeongdong and is a mere minute's walk to a convenience store, a couple of minutes to the bustling shopping markets, and a 5 minute walk to the subway. The staff was very professional and warm, and their English service was commendable. The complimentary breakfast was filling and varied daily WiFi in my room was rather weak at times",1,POS,train
11856,"Fantastic location with many shops nearby, the hotel restaurant offers good food. Rooms are clean and well equipped. The pillows and mattresses could be softer as they were slightly uncomfortable.",1,POS,test
11857,"The location of hotelname was ideal. It's a quick walk to the subway lines, great shopping, and delectable street food. Moreover, stunning city views from the roof and clean, modern room layout provide an incredible experience all around. The breakfast generally lacked variety but tasted decent, and the lobby was a bit crowded at peak times.",1,POS,test
11858,"The view from the rooftop bar is stunning, especially at night when the city is all lit up. Staff are helpful and attentive, always ready to assist. It's clean, room service was quick and the food was tasty. The elevator is quite slow, and during peak hours, there might be a bit of a wait.",1,POS,train
11859,"Situated in the heart of the city, this hotel provides easy access to all major tourist attractions. Rooms were clean and cozy. The staff were very accommodating and provided excellent service. Breakfast was somewhat lacking in variety, but satisfactory overall",1,POS,test
11860,"centrally located near shopping districts the rooms are small, ill-ventilated and the beddings were not properly cleaned",1,NEG,train
11861,"Good location, close to shopping area The room was quite small, not much space for luggage. The bed was too firm, ended up waking up with a backache. The staff didn't seem very enthusiastic in assisting us",1,NEG,train
11862,"Though the location was great, it was the only redeeming factor of my stay. The cleanliness left a lot to be desired and I found several hairs in the bathroom. The soundproofing was not good, and I could hear the noise from the hallway and the next room. The staff also seemed curt and not very helpful. Altogether, it was a disappointing experience at hotelname .",1,NEG,test
11863,"The hotel has a great location, right in the heart of the city. The room had a nice view of the city too. It was disappointing that the heating in the room was stuck on at about 25 degrees Celsius and the solution from staff was to open a window, which in a city as populated as cityname is far from perfect. The drain in the shower was also far from perfect, I ended up standing in my own dirty water every time. Breakfast was ok, but the food was often cool, even early in the morning, and the same food was served every day. The WiFi was also severely lacking in the rooms.",1,NEG,test
11864,"Location is good, near to Myeongdong shopping district. The room is too small and not enough space for luggage. The soundproofing is bad, can hear noise from the hallway and the nearby rooms. Also, the breakfast lacks variety and it's the same every day.",1,NEG,train
11865,"The location was excellent, situated right in the heart of Dongdaemun shopping district. The rooms were clean and well-kept, and the staff were very friendly and helpful.",1,POS,train
11866,Located near many shopping outlets. Comfortable rooms and friendly staff. Breakfast was tasty and had a variety of options. The fitness center could do with a little upgrade.,1,POS,test
11867,"Great location, close to attractions and good roads. Very clean hotel and helpful staff. The room was a little small but perfect for our purposes.",1,POS,train
11868,"I was pleased by the room layout and cleanliness. It was relatively near to popular cityname landmarks, which made my sightseeing explorations much easier. The breakfast variety could use some improvement, but it wasn't a deal breaker.",1,POS,train
11869,"Conveniently located near Dongdaemun Design Plaza, this hotel offers a comfortable place to stay after a day of sightseeing. The staff are friendly and accommodating, making sure your needs are attended to. The only minor issue was the limited selection for breakfast, which could be improved for a diverse clientele.",1,POS,train
11870,"Good location Room was very cold, heating was not working properly. The breakfast was very basic, not much to choose from. Beds were uncomfortable.",1,NEG,train
11871,"The location is in close proximity to numerous shopping malls. The hotel room and bathrooms were much smaller than what I was led to believe. Additionally, some of the staff members were not exactly welcoming or particularly friendly. The room walls were quite thin, allowing noise from adjacent rooms to filter through easily. The breakfast selection could also be improved and diversified.",1,NEG,train
11872,"The location was quite convenient. Unfortunately, the room was in an unsatisfactory state with unresponsive staff and inconsistent room service.",1,NEG,train
11873,"The hotel's location is ideal, situated around the shopping area of Dongdaemun and near the subway for convenient movement. However, the hotel's service was significantly lacking. The check-in process was delayed and inefficient, and the restaurant and dining options were underwhelming. The room was also less comfortable than expected, with old and worn-out furniture, insufficient lighting, and inconsistency when it came to room service and cleaning. Furthermore, the communication barrier with the staff often resulted in misunderstandings, adding to the overall frustration.",1,NEG,test
11874,"Convenient location with easy access to public transport The room was quite small and lacked needed amenities. Also, the noise from the street was disruptive during night.",1,NEG,train
11875,"This central location is amazing! We walked to all the major landmarks and the surrounding area has countless good restaurants. The hotel itself is clean, well-maintained, and the service is excellent. Fast WiFi, comfortable bed, and a highly efficient housekeeping team contributed to making the stay comfortable and memorable. Not much to fault, only the room was a bit smaller than expected. But otherwise, everything else was perfect.",1,POS,test
11876,"The hotel was in an impeccable location, right in the heart of Myeongdong. The room was clean, cozy and well-equipped, and the staff were very courteous and helpful. The daily housekeeping was also a nice touch. There's really nothing to fault.",1,POS,train
11877,"Indeed, the hotelname in cityname has surpassed my expectations. The hotel was conveniently near public transport, meaning exploring cityname was effortless. Friendly and accommodating staff further added to my excellent experience. Additionally, the rooms were clean and comfortable, ensuring a restful night's sleep after a long day of tours. Cannot recall anything that disappointed me.",1,POS,train
11878,"hotelname in cityname offered a cozy and comfortable stay. Located in the heart of the city, it provided easy access to major shopping areas, restaurants, and attractions. The rooms were clean and well-maintained. The staff was amiable, efficient, and extremely helpful; their customer service was top-notch. Nothing major, just a slight difficulty in finding English language channels on TV.",1,POS,train
11879,"Location of hotelname was perfect for my needs, right in the heart of cityname . The rooms were clean, spacious and had a wonderful view of the city. The staff were very helpful and courteous throughout the duration my stay. Everything was great, there was nothing I disliked during my stay.",1,POS,test
11880,"The hotel's location is excellent, right in the bustling heart of Myeongdong. Felt very shabby and dated. The photos are not representative of the actual condition of the rooms. The room smelled musty and the mattress was uncomfortably hard. The AC did not work properly and the Wi-Fi signal was spotty at best. Toiletries were not replenished regularly and housekeeping felt very rushed and superficial. Lack of customer focus was keenly felt and we were rudely treated by most of the staff. Breakfast selection was poor and the food was unappetising. Left a lot to be desired for a hotel of this price point.",1,NEG,train
11881,"Convenient location, good breakfast Small rooms, lacking amenities, and the service left much to be desired",1,NEG,train
11882,"The location of the hotelname is unbeatable. Right in the center of the buzzing Myeongdong area, it provides easy access to public transportation and various shopping and dining outlets. However, the room was quite small and cramped. The cleanliness was an issue and the hotel could use a significant update in terms of facilities and decor. An unexpected annoyance was the constant noise of street vendors and shoppers since it's located in a busy neighborhood. The staff could also do with some customer service training. Our concerns weren't addressed promptly which left us feeling rather neglected during our stay.",1,NEG,train
11883,"The location was great, right in the heart of Myeongdong. Close to shopping and the subway. The rooftop view was a nice touch. The rooms are small and outdated. The WiFi was unreliable at best. The breakfast buffet wasn't worth the cost and the selection was disappointing.",1,NEG,train
11884,"The hotel location is undoubtedly stellar, being situated in the heart of Myeongdong. It offers easy access to the shopping streets and variety of eateries. Sadly, my stay was marred by several issues. The room was noticeably small and felt cramped with hardly any space for luggage. Additionally, the in-room amenities were quite outdated and the Internet connection was abysmally slow, making any form of online work or entertainment nearly impossible. Lastly, while the staff was generally courteous, they seemed overwhelmed by the number of guests, leading to delay in services.",1,NEG,train
11885,"Found the Generator Hotel to be a gem in the heart of cityname DC. The location alone is exceptional, with plenty of sights and restaurants within walking distance. The hotel staff went above and beyond to offer friendly and efficient service. Our room was clean, comfortable and surprisingly quiet for a city hotel. The in-house restaurant served a variety of delicious options which made meal times something to look forward to. The only downside was the somewhat expensive parking, but this is more a reflection of the area than the hotel itself.",1,POS,train
11886,"Well-designed, modern, and close to the most touristic attractions. Staff is friendly. The price of food and drinks at the hotel was a bit expensive.",1,POS,train
11887,"Nice location, friendly staff, very clean and comfortable! Excellent value for money. Limited food menu for in-room dining.",1,POS,train
11888,"The Generator Hotel in cityname DC provided an exceptional stay. With its modern amenities, helpful staff, and convenient location, it was the perfect spot for my trip. The rooms were clean, comfortable and quiet - a great respite from the busy city streets.",1,POS,test
11889,"Comfortable beds, friendly staff, and a convenient location close to Metro. Can get a bit noisy during the evening with the bar downstairs, but nothing too extreme.",1,POS,train
11890,"The location is pretty much the only good thing about this hotel. The rooms are very small and uncomfortable, the amenities are lacking, and the service is quite poor. The noise from the street is extremely loud and the cleanliness leaves a lot to be desired. I would not recommend this hotel to other tourists.",1,NEG,train
11891,"The hotel is near a metro station, which provides easy access to explore the city. The Generator Hotel was a total disappointment. The noise levels were intolerable - thanks to a lack of proper soundproofing; it felt like the traffic was in our room. The room was not as clean as I expected, with dust visible on furniture. The staff seemed disinterested and failed to provide necessary assistance during our stay. The hotel claims to be value for money but the services offered were not up to the mark, thus challenging this claim. I find it tough to recommend this hotel to fellow tourists.",1,NEG,train
11892,"nice lobby and common area poor cleanliness, lack of customer service, small rooms, uncomfortable beds, loud noises",1,NEG,train
11893,"Located quite centrally, a short walk from all the popular monuments and museums. The bar area downstairs was comfortable and a nice gathering place. The room was extremely small and cramped. The air conditioning was either freezing or suffocating, no middle ground. Breakfast not included and the option available was overpriced and not tasty. The Wi-Fi was incredibly slow and kept disconnecting. No room service.",1,NEG,train
11894,"The hotel has a modern design, which can be appealing to younger guests. It's also in a convenient location. However, I found the lack of facilities quite disappointing. The noise from nearby train stations and even the corridors was virtually constant and sleep disrupting. The room was also a little small for comfort, and the bathroom facilities could use a bit of an update with poor water pressure and inconsistent hot water supply. The wi-fi was a bit spotty, which is a drawback if you're traveling for work.",1,NEG,train
11895,"The hotelname is an absolute gem of a hotel. The location was unbeatable, making the heart of the city easily accessible. The rooms were well furnished, comfortable, and impeccably clean. The staff was friendly, welcoming, and always available for help or recommendations. The only minor inconvenience during my stay was the limited options for food in their in-house restaurant. However, the location compensated for that with many amazing eateries just around the corner.",1,POS,train
11896,"The hotelname was a fantastic place to stay. The location was optimal, providing easy access to a myriad of landmarks and attractions. The rooms were spacious, clean, and comfortable. They featured modern decor and amenities that made my stay enjoyable. The staff was extremely courteous and helpful, ensuring that all my needs were catered for. The on-site dining options were also quite impressive, offering a diverse menu for all types of palette. I honestly could not find any downside to this hotel.",1,POS,train
11897,"The city center location is fantastic for a short stay in cityname DC. Clean, contemporary rooms. Excellent service with friendly and reliable staff. The restaurants in and around the hotel provided a great variety of choices. There was a slight noise that could be heard from traffic outside. More insulation could be considered to limit noise.",1,POS,train
11898,"Stylish and modern design coupled with attentive staff enhanced my stay at the hotelname . Conveniently located in a lively area, surrounded by numerous eateries catering for all tastes. Cannot fault anything about this place.",1,POS,train
11899,Exceptional service and highly professional staff. Room was neat and well-equipped. Proximity to city center is a great plus. No major downsides except occasional slow service at the restaurant.,1,POS,test
11900,"The hotel's location in the city center was convenient. Had an unfortunate experience with room service. Ordered a meal, which arrived late and cold. Also, the room seemed generally unkempt; I found uncleaned parts, especially the bathroom. Noise levels were quite high. Customer service was not up to expectations. I felt they could have been more hospitable and understanding to complaints.",1,NEG,train
11901,"The front desk staff were friendly enough upon check-in The rooms were extremely small, not room to even walk around the bed. Additionally, there was no place at all to store clothes, no closet, no dresser, nothing. The bathroom layout was also odd, with the toilet almost in the shower. Elevators were slow. The hotel was noisy with lots of guests partying till late at night.",1,NEG,test
11902,"The location of the Hilton is great, being close to the city center. I was extremely disappointed with the quality of service at this Hilton location. My room was not clean upon arrival and had to be switched. Once in the new room, the noise from the street below was overwhelming. Not to mention, the wifi was incredibly slow and made it very hard to get any work done. The staff was not very helpful when these issues were brought up.",1,NEG,test
11903,The proximity to nearby attractions and the public transportation was convenient. I found the hotel's room quality to be underwhelming. The rooms were not cleaned properly and I experienced issues with the plumbing. Room service was rather slow and the food was mediocre at best. The hotel staff seemed uninterested and not happy to assist.,1,NEG,test
11904,"The location was great, close to many attractions. The rooms were disappointingly small, almost cramped. The restaurant had limited options and service was slow. The soundproofing was also not adequate, we could hear noise from the hallway easily.",1,NEG,train
11905,"The hotelname was a truly delightful place to stay. It is strategically positioned close to major attractions like the White House, making it a convenient location for tourists. The rooms were well-maintained, spacious and offered comfortable beds for a good night's sleep. The staff members were courteous and readily available to cater to all our requirements. The breakfast variety was excellent and the fitness center was a nice surprise. I honestly did not find any glaring faults during my stay here.",1,POS,train
11906,"Great position for sightseeing, near the White House and National Monuments. Staff are incredibly friendly and helpful. Only downside is that breakfast isn't included, but plenty of places nearby to eat.",1,POS,train
11907,"The hotelname was a delight to stay at. The location was top-notch - close to all the important landmarks and the metro station. The rooms were clean and spacious, and the staff was courteous and helpful. The breakfast was fantastic, offering a large variety of options. The hotel also has a well-equipped fitness center. This is really a great place to stay, and I highly recommend it. I can't think of any downside. Everything was wonderful during my stay.",1,POS,test
11908,"hotelname has been a wonderful experience. The staff was always courteous and quick to assist. The room was very accommodating, equipped with all necessary amenities, and provided a comfortable stay. The locality is great too, nearby major attractions, and easy access to transportation. There was minor noise from the street during peak hours, however, it didn't affect our stay, and the hotel can't control it. Other than that, our experience was delightful.",1,POS,train
11909,"The hotel maintains a prime location, close to the major attractions. The staff is courteous and very helpful. Rooms are spacious and clean, providing a comfortable stay. Breakfast options could be more varied to cater to a broader palette.",1,POS,test
11910,"The location was convenient as it was situated close to most touristic spots. Unfortunately, our stay at the Hilton Garden Inn was not pleasant. The room was in mediocre condition upon arrival with worn out furniture and carpet. Furthermore, the housekeeping was sporadic, often forgetting to stock rooms with clean towels and toiletries. Noise seemed to be a big issue due to thin walls and floors. We could hear our neighbors' conversations and other noises clearly which was very inconvenient. On top of that, the staff appeared to be untrained and unprofessional. They were not helpful when we asked for assistance and displayed a poor customer service attitude. Overall, our experience did not live up to the expectations we had for a Hilton establishment.",1,NEG,train
11911,"The location of hotelname is fairly decent, being located close to several major attractions. My experience at hotelname was unfortunately disappointing. The staff were generally unhelpful and often seemed disinterested in their guests. The quality of the room was subpar with uncomfortable beds and outdated bathrooms. To add to this, the hotel seems to be struggling with cleanliness issues with the common areas often being left untidy. The noise level was also a frequent problem, causing significant disturbances during evenings and early mornings.",1,NEG,train
11912,"The hotel's location is convenient, right in the heart of downtown, and the lobby area is welcoming. I'm utterly disappointed by the level of customer service. The front desk staff seemed uninterested, bordering on rude. Also, our room was not cleaned well; we even found some leftover snacks from the previous guests in the drawers. The breakfast was below average for the price we paid. I expect better from a Hilton.",1,NEG,train
11913,"The location of the hotel is fantastic - close to the city center and most of the popular touristic spots. The room was average nothing special for the price they charge. The room's cleanliness was in question. Found hair in the bathroom. Plus no complimentary breakfast, even at the price point. The front desk staff seemed disinterested and not very helpful either.",1,NEG,train
11914,Friendly staff and good location. Room service was disappointing with limited options and food choices. The room was smaller than we expected and the bathroom needed a deeper clean.,1,NEG,train
11915,"hotelname provides spacious suites, a super convenient location close to many landmarks, and very efficient and friendly staff. The in-house dining was also quite delightful. Nothing noteworthy.",1,POS,train
11916,The staff were very friendly and accommodating. The location of the hotel was ideal as it was close to many city attractions. The rooms were clean and well-furnished.,1,POS,test
11917,"The hotelname in cityname offers a marvelous location close to all important tourist destinations and a sense of peace and tranquility despite being in the heart of the city. The staff are friendly and attentive, and the hotel's restaurant offers a delicious breakfast spread every morning. The spacious rooms are impeccably kept and equipped with everything you could need for a comfortable stay. One minor complaint would be that the coffee provided in the room could be of better quality. Also, I noticed that the Wi-Fi connection was a bit unstable at times.",1,POS,train
11918,"Fantastic location! Close to major tourist attractions and staff were very friendly. The room was also spacious, clean, and well-equipped. Some minor maintenance issues in the bathroom that were resolved promptly by the hotel staff.",1,POS,train
11919,"I was extremely impressed with the hotelname in cityname . From the friendly and accommodating staff to the clean and comfortable rooms, my experience was nothing short of excellent. In particular, I enjoyed the hotel's central location which allowed for easy access to major sights and landmarks. I would wholeheartedly recommend the hotelname to anyone planning a trip to cityname . There was nothing noteworthy on the negative side.",1,POS,test
11920,"It's in a good location and within walking distance to several local attractions. There were several downsides during our stay. The bathroom was not clean upon arrival and the room was damp with an unpleasant odor. The walls seem paper thin as we could hear everything from the other rooms, making it hard to sleep. The customer service is wanting, with staff lacking in professionalism and responsiveness.",1,NEG,train
11921,"The location was convenient, close to many tourist attractions. The rooms were dated and could use some renovations. Additionally, the customer service was lacking and staff were not as responsive or courteous as expected.",1,NEG,train
11922,"The location of the hotel was its only saving grace as it was conveniently placed near many of cityname 's popular attractions. However, the rooms were quite dated with old furnishings and basic amenities. I had to call multiple times for basic necessities such as toiletries, only to get a delayed response. The noise from the hallway was herculean and even the slightest sounds from neighbouring rooms were distracting, making it difficult for a peaceful night's sleep. Wi-Fi connection was often erratic and the customer service was underwhelming - the staff were standoffish and not very accommodating with requests or complaints.",1,NEG,train
11923,"Location was great, within walking distance to several landmarks and sights. The hotel looks quite tired and needs a lot of refurbishment. The heating system was noisy and we could hear everything from the street, the windows need to be replaced. We also had issues with the plumbing in our bathroom that took two days to fix. The staff were not particularly friendly or helpful and seemed overwhelmed.",1,NEG,train
11924,"The hotel location was fantastic, close to many attractions in cityname . However, the service was subpar to say the least. The staff often seemed disorganized and unprepared. There were multiple issues with the booking and the cleanliness of the room left a lot to be desired.",1,NEG,train
11925,"The hotelname hotel was exceptional. Conveniently situated in proximity to the convention center, it made my business engagement stress free. The rooms were comfortable, spacious, and spotlessly clean with a great view of the downtown area. The staff were also very accommodating and helpful, always ready to assist with a smile. The hotel also has some excellent amenities including a fitness center and a fantastic restaurant. It definitely felt like a home away from home. There were a few minor issues like the bathroom door not closing properly and the Wi-Fi was intermittently slow, but they were quickly addressed by the hotel's efficient maintenance team.",1,POS,test
11926,"The hotel is centrally located, making most major attractions just a short walk or metro ride away. Rooms were clean and tidy with comfortable beds. The staff were extremely friendly and helpful. The on-site restaurant served hearty and tasty meals.",1,POS,train
11927,"The hotelname honestly exceeded all my expectations. From its prime location in downtown cityname , which makes exploring the city extremely convenient, to the polite and attentive staff, it offered a top-notch experience. The rooms were quite spacious and clean, with comfortable beds that made every night's sleep utterly rejuvenating. The dining options available at the hotel were also noteworthy, as their in-house restaurant served a great variety of delectable meals. I would have loved it if the hotel had a swimming pool, though its absence didn't dampen my overall experience.",1,POS,train
11928,The location is excellent with easy access to public transport and nearby attractions. The service staff was also very helpful and polite. The breakfast was quite basic and could do with more variety.,1,POS,test
11929,"Rooms are modern and well appointed, staff are friendly and efficient, location is great for the convention center Menu in the bistro is somewhat limited",1,POS,train
11930,"The building is majestic and the location was great, very close to the convention center. The room was much smaller than I expected and the cleanliness was subpar. The air conditioner was extremely loud and disrupted my sleep. The pricing felt too high for the services offered.",1,NEG,train
11931,"The location was convenient The bathroom was not clean and had an awful smell. Also, the bedroom was too small and the facilities were out of date. The room service was extremely slow and the food was below average. Definitely, I don't recommend this hotel to anyone.",1,NEG,train
11932,"The central location of the hotel was a plus, and the façade of the building was impressive. Our stay in Courtyard by Marriott cityname Downtown was disappointingly inadequate. The room seemed cleaned on the surface, but once we settled in, we noticed the linens were not well laundered and there were stains on the carpet. The room was also quite noisy, with soundproofing seeming almost non-existent. Additionally, room service seemed scarce and there were issues with our billing that took a significant time to rectify. Furthermore, the Wi-Fi connection was frustratingly unstable.",1,NEG,train
11933,"The location of the hotel was excellent. It was right in downtown cityname with several points of interest within walking distance. The lobby was chic and the common areas were tidy. The room had a strange musty smell, and unfortunately, despite bringing it up with the staff, it was never addressed. The rooms were not as clean as expected and some parts of the room had visible dust and dirt. The service staff were inconsistent in their approach to customer service. Some were very friendly whereas others were quite rude and unhelpful. The Wi-Fi also kept disconnecting, which made working from the room a nightmare. Additionally, the hotel restaurant was overpriced for the quality of food served.",1,NEG,train
11934,"Central location Room service was poor, they left our room without being cleaned a few times",1,NEG,train
11935,"An incredible location, only a short walk to Georgetown. Spacious rooms and very friendly staff. Views from the hotel are amazing, overlooking the city.",1,POS,test
11936,"The hotelname not only had top-notch service, its proximity to key places of interest in cityname was also a major highlight. The rooms were well-kept and the general atmosphere of the hotel was wonderful. However, the parking situation was a bit tricky, would advise exploring other parking options.",1,POS,train
11937,"Great staff, very friendly and accommodating. Room was clean and quiet. The location is perfect, safe neighborhood and very close to Metro. There is room for improvement with the breakfast options. A wider selection would have been appreciated.",1,POS,train
11938,"Very convenient location near Georgetown University with easy access to the city centre. Massive, comfortable and well-cleaned rooms. The breakfast recall might be better and the lighting in the hallways and the hotels should be brighter.",1,POS,test
11939,The hotel is uber luxurious and is surrounded by vibrant city life. It's very close to various tourist locations. Comfortable rooms and commendable service by the staff made our stay a memorable one. There is nothing to note for the downside.,1,POS,train
11940,"Close proximity to universities and attractions in Georgetown Dirty rooms, broken air conditioning system and unhelpful staff made the stay unpleasant",1,NEG,train
11941,"The lobby and dining area were clean and inviting. The room was dated and the bathroom was not as clean as expected. The service was also not great, with staff seeming to be unconcerned about guests' needs. The location, while scenic, was a distance from the central city which made transportation inconvenient.",1,NEG,train
11942,"The location of the hotelname was quite good. Unfortunately, the service was not at the expected standard for such a hotel. Rooms were not tidied up regularly and staff were not very responsive or helpful. Also, the meals served at the in-house restaurant left a lot to be desired in terms of taste and value for money.",1,NEG,train
11943,"The location of the hotelname was convenient, and the lobby was aesthetically pleasing. The hotel had numerous issues such as: stale and musty air, worn-out furniture, and an unfriendly hotel staff who were not very helpful. The noise from the highway was audible inside the room, leading to a disturbed sleep. The amenities provided were also below average, and the cleanliness of the room left a lot to be desired.",1,NEG,train
11944,Historic neighborhood Rooms were dated and had poor soundproofing.,1,NEG,train
11945,"This hotel is in a perfect location, just three blocks or so from the White House. The staff was friendly and the rooms were clean and comfortable. I also appreciated the fact that there were many restaurants and shops within walking distance. The only downside was that the Wi-Fi was spotty at times and the breakfast was average, but these were minor details in an otherwise excellent stay.",1,POS,train
11946,"The hotelname provided an exceptional stay. From the warm welcomes from the friendly staff to the sheer elegance of the architecture, our experience was nothing short of perfection. The rooms were spacious and impeccably clean, offering a stunning view of the cityscape. The convenient location in the heart of cityname DC made sightseeing a breeze, providing easy access to public transportation. The in-hotel restaurant also deserves mention - the diverse menu and fine-dining experience were impressive. While our overall experience was memorable, I found the Wi-Fi connection to be somewhat spotty at times within the room, which could be inconvenient for business travelers.",1,POS,train
11947,"The Hamilton Hotel in cityname DC was a splendid experience for me. From its spacious rooms, pristine conditions, and modern amenities, everything was top-notch. The on-site dining was gourmet quality and the staff were friendly and hospitable. Its close proximity to landmarks and sites of interest was another major advantage. None. I had a delightful stay.",1,POS,train
11948,"The Hamilton Hotel is conveniently located close to lots of attractions. The staff were quite helpful when asked for assistance and the whole structure has an old-time charm which is quite pleasing. While the hotel overall was quite nice, I did find the cost of room service to be a bit high compared to other hotels I've stayed at.",1,POS,test
11949,"Excellent hotel with good location, just about a mile from the White House! There are several restaurants in walking distance. The staff was friendly and the rooms were large and clean. Nothing to complain about.",1,POS,train
11950,"The hotel is centrally located and the staff were polite. Despite its good location, the rooms were small and had an old smell. The air conditioning was a little noisy. The price was too high compared to the service provided.",1,NEG,train
11951,"centrally located dated interior and lousy service, plus way overpriced for what you get",1,NEG,train
11952,Fabulous location for exploring cityname DC The room was very small and the hotel was overpriced for what it offered.,1,NEG,train
11953,"The primary plus for this hotel is its location It has a serious maintenance problem and needs a major refurbishment. Our room was dusty and fairly old. The service at the reception could also use some improvement, as we were given little help during check-in.",1,NEG,train
11954,Central Location Extremely thin walls leading to loud noise from neighbors and street. Unsatisfactory cleanliness and unresponsive staff,1,NEG,train
11955,"hotelname was a beautiful and peaceful retreat right in the heart of the city. The room was tastefully decorated with great attention to detail, and the food was top notch. The staff went above and beyond to ensure our stay was memorable and comfortable. The only downside was the relatively high price for some of the room services, but considering the overall quality and location, it was worth every penny.",1,POS,train
11956,"Absolute stunning hotel with incredible comfort and superb attention to detail. The rooms were spacious and the bed incredibly comfortable. While there wasn't anything specifically wrong, it was a bit pricey for my usual travel budget.",1,POS,train
11957,"Exceptional customer service and tastefully decorated rooms. The hotel's architectural beauty is quite impressive. Slightly expensive dining, but the quality matches the price.",1,POS,test
11958,"The hotelname is a fantastic hotel, providing an excellent blend of luxury and history. The staff were extremely friendly and consistently went above and beyond. The room was incredibly comfortable and the amenities top-notch. The parking was a bit expensive, but this is generally to be expected in DC.",1,POS,test
11959,"Beautiful rooms, great facilities and very helpful staff. Its location, being at the heart of cityname D.C., is fantastic. Bars and restaurants within the hotel are excellent. The only downside was the breakfast in the dining area was overpriced. I would recommend going out for breakfast.",1,POS,test
11960,"The hotel does boast an impressive lobby and entrance, and the historic nature of the building is quite grand. There were numerous issues during stay. Firstly, the hotel failed to deliver the level of service expected for the high rates they charge. The housekeeping service was poor, as our room was not cleaned until 5PM or even missed on a couple occasions. Secondly, the staff was not accommodating, often we felt like we were an inconvenience to them. And lastly, the food in the restaurant was quite subpar, which is disappointing as cityname DC has a rich food culture. The lack of attention to detail in service and experience is a real miss for such a beautiful property.",1,NEG,test
11961,"The building is beautiful and in a wonderful location. The housekeeping services left a lot to be desired. The towels were not properly cleaned, the shampoo and soap were not replenished in the bathroom and there were dust spots in several parts of the room. Also, Wi-Fi connection was unstable and slow, which can be inconvenient for business travelers or those who may need to work",1,NEG,test
11962,"The historic building and the central location. The hotel is stunning but unfortunately the service is not at the same level. I experienced difficulties upon check-in, the room was not ready at the standard check-in time. The room was smaller than advertised and lacked basic amenities like coffee maker. Despite numerous requests, these issues were not addressed in a timely manner. There was a noticeable level of noise from the street which made it hard to sleep comfortably.",1,NEG,train
11963,"The central location of the hotel The service was disappointing, rooms seemed a bit dated, and cleanliness could be improved",1,NEG,train
11964,"located in the heart of DC. beautifully designed interiors. Poor room service and house keeping. The noise from the street was unbearable, had a hard time sleeping. Wi-Fi connection was sporadic and kept disconnecting.",1,NEG,test
11965,"Hotel room was sizable and clean, with a comfortable bed. The restaurant food was okay but nothing special for the price.",1,POS,test
11966,"Excellent service from the moment we walked in. Indeed, Hilton upholds its reputation. The rooms were clean, location is superb as it's close to many attractions. The breakfast menu is diverse and high-quality. Staff were very friendly and accommodating, which significantly contributed to our positive experience No major downsides noted during our stay.",1,POS,train
11967,"hotelname excels in location, service, and comfort. It is located within close proximity to important DC landmarks, making it a convenient stay for any tourist. The staff are courteous, attentive and go above and beyond to ensure a comfortable stay. The rooms are modern, clean and well equipped, making it a sanctuary after long days of sightseeing. Although the hotel itself is excellent, the pricing can be on the higher side and the breakfast options might not cater to all dietary preferences.",1,POS,test
11968,"The hotelname offers truly exceptional service, from the receptionists to the bellhops. The rooms are spacious and comfortable, furnished to a high standard. The location is unbeatable, just a stone's throw from the Capitol and other major attractions. No significant downside during my stay.",1,POS,train
11969,"Wonderful location within walking distance to many attractions. The room was on an upper floor and had a stunning view of the Capitol. Staff were highly professional and accommodating, ready to assist with any requests. Nothing notable, my experience was overall enjoyable",1,POS,test
11970,"Hotel service was below expectations, there was a mix-up in room reservation, the process to rectify it took longer than comfortable and the staff did not seem overly concerned or apologetic.",1,NEG,train
11971,"The proximity of this hotel to the main sites in cityname DC is commendable. The hotel is dated, things are worn out and need replacing. The breakfast is of poor quality, and overpriced for what you get. Customer service is also not up to the mark.",1,NEG,train
11972,"The location of the hotelname is probably the only redeeming feature of this hotel. It is close to major attractions and easily accessible. However, the rest of my experience was rather disappointing. The staff were not friendly and did not respond to our requests in a timely manner. The rooms were not clean, and I noticed dust on the furniture and stains on the carpets. Room service was also below par - meals arrived later than promised and often cold. Another issue was the noise, despite being on a high floor the street noise was very noticeable and made it difficult to sleep.",1,NEG,train
11973,"The room was not cleaned properly, dust was present on the furniture and the bathroom was underwhelming. The staff was not attentive nor accommodating to our needs and requests. Also, the hotel is located quite far from the main attractions.",1,NEG,train
11974,"The location of the hotelname is definitely its selling point. It's close to many tourist attractions and the lobby area is impressive. For the price we paid, the experience was thoroughly disappointing. The air conditioning in our room did not work properly and made an awful noise. Room service was quite slow and problematic, with some orders forgotten or delivered incorrectly. The bathroom was not very clean, and surprisingly for a hotel of this caliber, the amenities were inadequate. Additionally, the staff at the front desk was not as courteous as expected and often seemed busy or uninterested. As a frequent traveler, I can't recommend this hotel due to these significant shortcomings.",1,NEG,test
11975,"Had a wonderful stay at the Beacon Hotel. The staff were friendly and the location was fantastic, close to major attractions and local restaurants. The bathroom could use a bit of an upgrade but it didn't hinder the overall positive experience.",1,POS,train
11976,"Lovely hotel, very friendly staff. Short distance to all the sights. Would definitely recommend. Had to pay for WiFi but internet is quite fast.",1,POS,train
11977,"The hotel is centrally located with easy access to many of DC's attractions. The rooms were quite spacious and comfortable. The in-room dining options could have been more. Also, the Wi-Fi connection was patchy at times.",1,POS,train
11978,"The Beacon Hotel provided a fantastic stay - the location is perfect for sightseeing, the staff were always friendly and helpful, and our room was comfortable and clean. The fitness center was also a bonus! The in-room coffee could be improved and the bathrooms could be updated, but overall these were minor issues in an otherwise great stay.",1,POS,train
11979,"The hotelname offered a true taste of the cityname charm. It's centrally-located allowing easy access to major sightseeing spots. The hotel's staff was very professional, friendly, and eager to assist with needs or queries. The rooms were spacious, clean, and comfortable with well-maintained amenities. Although minor, the only complaint would be that the Wi-Fi was somewhat spotty at times. However, this didn't majorly impact my stay.",1,POS,train
11980,"Hotel breakfast was acceptable The front desk staff wasn't particularly welcoming nor efficient. The room looked worn and didn't seem to be very clean. To add to this, the air conditioning was quite noisy and made sleeping difficult.",1,NEG,train
11981,The location is ideal for exploring the city with several main attractions within walking distance. The room was cramped and the furniture was quite worn. The hotel also didn't offer any parking service and the internet connection was poor and unreliable throughout my stay.,1,NEG,train
11982,"The hotel is conveniently located The room was outdated and not clean. There were hairs in the bath and the carpet appeared not to have been vacuumed recently. Furthermore, the concierge was rude and unhelpful. I had a problem with the charging of my card which they failed to rectify in a timely manner. Overall, the customer service provided was poor and does not warrant the price. I would not recommend staying at the hotelname , especially when there are numerous other options available in cityname .",1,NEG,train
11983,"Comfortable beds, convenient location near key attractions and train Facility is outdated and needs extreme renovation. Room was dusty and caused allergies. I ordered room service but it was late by 40 minutes and the food was already cold when it arrived. Also, the wifi kept disconnecting which disrupted my work several times.",1,NEG,train
11984,"Convenient proximity to many tourist attractions in cityname . The rooms were very outdated and the cleanliness was subpar. Front desk staff were quite unresponsive, keeping us waiting for a long period of time during check-in. The overall service didn't match the charges of the hotel.",1,NEG,test
